timestamp,value,anomaly_score,raw_score,label,S(t)_standard,S(t)_reward_low_FP_rate,S(t)_reward_low_FN_rate
2014-02-14 14:27:00,51.846000000000004,0.030102999665900007,1.0,0,-0.11,-0.22,-0.11
2014-02-14 14:32:00,44.508,0.030102999665900007,1.0,0,-0.11,-0.22,-0.11
2014-02-14 14:37:00,41.244,1.0,1.0,0,-0.11,-0.22,-0.11
2014-02-14 14:42:00,48.56800000000001,0.030102999665900007,1.0,0,-0.11,-0.22,-0.11
2014-02-14 14:47:00,46.714,0.030102999665900007,1.0,0,-0.11,-0.22,-0.11
2014-02-14 14:52:00,44.986000000000004,0.030102999665900007,1.0,0,-0.11,-0.22,-0.11
2014-02-14 14:57:00,49.108000000000004,0.030102999665900007,1.0,0,-0.11,-0.22,-0.11
2014-02-14 15:02:00,40.47,1.0,1.0,0,-0.11,-0.22,-0.11
2014-02-14 15:07:00,53.403999999999996,1.0,1.0,0,-0.11,-0.22,-0.11
2014-02-14 15:12:00,45.4,0.030102999665900007,1.0,0,-0.11,-0.22,-0.11
2014-02-14 15:17:00,43.216,0.030102999665900007,1.0,0,-0.11,-0.22,-0.11
2014-02-14 15:22:00,49.72,0.030102999665900007,1.0,0,-0.11,-0.22,-0.11
2014-02-14 15:27:00,46.37,0.030102999665900007,1.0,0,-0.11,-0.22,-0.11
2014-02-14 15:32:00,43.756,0.030102999665900007,1.0,0,-0.11,-0.22,-0.11
2014-02-14 15:37:00,47.582,0.030102999665900007,1.0,0,-0.11,-0.22,-0.11
2014-02-14 15:42:00,40.738,0.030102999665900007,1.0,0,-0.11,-0.22,-0.11
2014-02-14 15:47:00,51.216,0.030102999665900007,1.0,0,-0.11,-0.22,-0.11
2014-02-14 15:52:00,46.31399999999999,0.030102999665900007,1.0,0,-0.11,-0.22,-0.11
2014-02-14 15:57:00,45.0,0.030102999665900007,1.0,0,-0.11,-0.22,-0.11
2014-02-14 16:02:00,50.224,0.030102999665900007,0.949999988079,0,-0.11,-0.22,-0.11
2014-02-14 16:07:00,48.096000000000004,0.030102999665900007,0.975000023842,0,-0.11,-0.22,-0.11
2014-02-14 16:12:00,43.544,0.030102999665900007,0.875,0,-0.11,-0.22,-0.11
2014-02-14 16:17:00,48.85,0.030102999665900007,1.0,0,-0.11,-0.22,-0.11
2014-02-14 16:22:00,40.942,0.030102999665900007,0.875,0,-0.11,-0.22,-0.11
2014-02-14 16:27:00,52.58600000000001,0.030102999665900007,1.0,0,-0.11,-0.22,-0.11
2014-02-14 16:32:00,45.802,0.030102999665900007,1.0,0,-0.11,-0.22,-0.11
2014-02-14 16:37:00,43.122,0.030102999665900007,0.75,0,-0.11,-0.22,-0.11
2014-02-14 16:42:00,50.773999999999994,0.030102999665900007,0.949999988079,0,-0.11,-0.22,-0.11
2014-02-14 16:47:00,46.262,0.030102999665900007,0.875,0,-0.11,-0.22,-0.11
2014-02-14 16:52:00,43.052,0.030102999665900007,0.75,0,-0.11,-0.22,-0.11
2014-02-14 16:57:00,50.718,0.030102999665900007,0.975000023842,0,-0.11,-0.22,-0.11
2014-02-14 17:02:00,45.798,0.030102999665900007,0.850000023842,0,-0.11,-0.22,-0.11
2014-02-14 17:07:00,46.55,0.030102999665900007,0.574999988079,0,-0.11,-0.22,-0.11
2014-02-14 17:12:00,48.122,0.030102999665900007,0.975000023842,0,-0.11,-0.22,-0.11
2014-02-14 17:17:00,40.23,0.030102999665900007,0.774999976158,0,-0.11,-0.22,-0.11
2014-02-14 17:22:00,52.606,0.030102999665900007,1.0,0,-0.11,-0.22,-0.11
2014-02-14 17:27:00,44.652,0.030102999665900007,0.925000011921,0,-0.11,-0.22,-0.11
2014-02-14 17:32:00,42.84,0.030102999665900007,0.524999976158,0,-0.11,-0.22,-0.11
2014-02-14 17:37:00,49.272,0.030102999665900007,1.0,0,-0.11,-0.22,-0.11
2014-02-14 17:42:00,47.09,0.030102999665900007,0.550000011921,0,-0.11,-0.22,-0.11
2014-02-14 17:47:00,45.452,0.030102999665900007,0.675000011921,0,-0.11,-0.22,-0.11
2014-02-14 17:52:00,46.996,0.030102999665900007,0.600000023842,0,-0.11,-0.22,-0.11
2014-02-14 17:57:00,43.193999999999996,0.030102999665900007,0.524999976158,0,-0.11,-0.22,-0.11
2014-02-14 18:02:00,52.94,0.030102999665900007,0.800000011921,0,-0.11,-0.22,-0.11
2014-02-14 18:07:00,47.211999999999996,0.030102999665900007,0.925000011921,0,-0.11,-0.22,-0.11
2014-02-14 18:12:00,43.144,0.030102999665900007,0.34999999404,0,-0.11,-0.22,-0.11
2014-02-14 18:17:00,50.658,0.030102999665900007,0.699999988079,0,-0.11,-0.22,-0.11
2014-02-14 18:22:00,46.292,0.030102999665900007,0.600000023842,0,-0.11,-0.22,-0.11
2014-02-14 18:27:00,45.163999999999994,0.030102999665900007,0.300000011921,0,-0.11,-0.22,-0.11
2014-02-14 18:32:00,47.88800000000001,0.030102999665900007,0.34999999404,0,-0.11,-0.22,-0.11
2014-02-14 18:37:00,41.852,0.030102999665900007,0.425000011921,0,-0.11,-0.22,-0.11
2014-02-14 18:42:00,53.17,0.030102999665900007,0.524999976158,0,-0.11,-0.22,-0.11
2014-02-14 18:47:00,44.632,0.030102999665900007,0.975000023842,0,-0.11,-0.22,-0.11
2014-02-14 18:52:00,43.282,0.030102999665900007,0.25,0,-0.11,-0.22,-0.11
2014-02-14 18:57:00,53.192,0.030102999665900007,0.425000011921,0,-0.11,-0.22,-0.11
2014-02-14 19:02:00,45.51600000000001,0.030102999665900007,0.925000011921,0,-0.11,-0.22,-0.11
2014-02-14 19:07:00,47.23,0.030102999665900007,0.25,0,-0.11,-0.22,-0.11
2014-02-14 19:12:00,46.408,0.030102999665900007,0.25,0,-0.11,-0.22,-0.11
2014-02-14 19:17:00,40.118,0.030102999665900007,0.47499999404,0,-0.11,-0.22,-0.11
2014-02-14 19:22:00,52.536,0.030102999665900007,0.875,0,-0.11,-0.22,-0.11
2014-02-14 19:27:00,45.56399999999999,0.030102999665900007,0.375,0,-0.11,-0.22,-0.11
2014-02-14 19:32:00,43.908,0.030102999665900007,0.22499999403999998,0,-0.11,-0.22,-0.11
2014-02-14 19:37:00,48.058,0.030102999665900007,0.20000000298,0,-0.11,-0.22,-0.11
2014-02-14 19:42:00,45.4,0.030102999665900007,0.17499999702,0,-0.11,-0.22,-0.11
2014-02-14 19:47:00,45.56399999999999,0.030102999665900007,0.10000000149,0,-0.11,-0.22,-0.11
2014-02-14 19:52:00,53.23,0.030102999665900007,0.524999976158,0,-0.11,-0.22,-0.11
2014-02-14 19:57:00,46.972,0.030102999665900007,0.925000011921,0,-0.11,-0.22,-0.11
2014-02-14 20:02:00,52.816,0.030102999665900007,0.524999976158,0,-0.11,-0.22,-0.11
2014-02-14 20:07:00,49.062,0.030102999665900007,1.0,0,-0.11,-0.22,-0.11
2014-02-14 20:12:00,46.22,0.030102999665900007,0.10000000149,0,-0.11,-0.22,-0.11
2014-02-14 20:17:00,50.258,0.030102999665900007,0.25,0,-0.11,-0.22,-0.11
2014-02-14 20:22:00,47.16,0.030102999665900007,0.17499999702,0,-0.11,-0.22,-0.11
2014-02-14 20:27:00,45.258,0.030102999665900007,0.125,0,-0.11,-0.22,-0.11
2014-02-14 20:32:00,49.108000000000004,0.030102999665900007,0.17499999702,0,-0.11,-0.22,-0.11
2014-02-14 20:37:00,40.774,0.030102999665900007,0.34999999404,0,-0.11,-0.22,-0.11
2014-02-14 20:42:00,52.5,0.030102999665900007,0.375,0,-0.11,-0.22,-0.11
2014-02-14 20:47:00,45.316,0.030102999665900007,0.449999988079,0,-0.11,-0.22,-0.11
2014-02-14 20:52:00,41.878,0.030102999665900007,0.22499999403999998,0,-0.11,-0.22,-0.11
2014-02-14 20:57:00,51.456,0.030102999665900007,0.34999999404,0,-0.11,-0.22,-0.11
2014-02-14 21:02:00,46.902,0.030102999665900007,0.15000000596,0,-0.11,-0.22,-0.11
2014-02-14 21:07:00,46.41,0.030102999665900007,0.10000000149,0,-0.11,-0.22,-0.11
2014-02-14 21:12:00,47.3,0.030102999665900007,0.0750000029802,0,-0.11,-0.22,-0.11
2014-02-14 21:17:00,40.4,0.030102999665900007,0.40000000596,0,-0.11,-0.22,-0.11
2014-02-14 21:22:00,52.058,0.030102999665900007,0.524999976158,0,-0.11,-0.22,-0.11
2014-02-14 21:27:00,47.84,0.030102999665900007,0.22499999403999998,0,-0.11,-0.22,-0.11
2014-02-14 21:32:00,42.773999999999994,0.030102999665900007,0.17499999702,0,-0.11,-0.22,-0.11
2014-02-14 21:37:00,50.494,0.030102999665900007,0.20000000298,0,-0.11,-0.22,-0.11
2014-02-14 21:42:00,45.364,0.030102999665900007,0.15000000596,0,-0.11,-0.22,-0.11
2014-02-14 21:47:00,43.192,0.030102999665900007,0.22499999403999998,0,-0.11,-0.22,-0.11
2014-02-14 21:52:00,48.356,0.030102999665900007,0.125,0,-0.11,-0.22,-0.11
2014-02-14 21:57:00,47.958,0.030102999665900007,0.0500000007451,0,-0.11,-0.22,-0.11
2014-02-14 22:02:00,44.026,0.030102999665900007,0.10000000149,0,-0.11,-0.22,-0.11
2014-02-14 22:07:00,49.46,0.030102999665900007,0.125,0,-0.11,-0.22,-0.11
2014-02-14 22:12:00,47.11,0.030102999665900007,0.0500000007451,0,-0.11,-0.22,-0.11
2014-02-14 22:17:00,44.218,0.030102999665900007,0.0500000007451,0,-0.11,-0.22,-0.11
2014-02-14 22:22:00,47.153999999999996,0.030102999665900007,0.0500000007451,0,-0.11,-0.22,-0.11
2014-02-14 22:27:00,41.726000000000006,0.030102999665900007,0.20000000298,0,-0.11,-0.22,-0.11
2014-02-14 22:32:00,53.662,0.030102999665900007,0.300000011921,0,-0.11,-0.22,-0.11
2014-02-14 22:37:00,46.808,0.030102999665900007,0.20000000298,0,-0.11,-0.22,-0.11
2014-02-14 22:42:00,44.833999999999996,0.030102999665900007,0.0750000029802,0,-0.11,-0.22,-0.11
2014-02-14 22:47:00,49.553999999999995,0.030102999665900007,0.17499999702,0,-0.11,-0.22,-0.11
2014-02-14 22:52:00,45.821999999999996,0.030102999665900007,0.0750000029802,0,-0.11,-0.22,-0.11
2014-02-14 22:57:00,46.768,0.030102999665900007,0.0500000007451,0,-0.11,-0.22,-0.11
2014-02-14 23:02:00,50.71,0.030102999665900007,0.15000000596,0,-0.11,-0.22,-0.11
2014-02-14 23:07:00,43.662,0.030102999665900007,0.15000000596,0,-0.11,-0.22,-0.11
2014-02-14 23:12:00,53.544,0.030102999665900007,0.300000011921,0,-0.11,-0.22,-0.11
2014-02-14 23:17:00,46.478,0.030102999665900007,0.17499999702,0,-0.11,-0.22,-0.11
2014-02-14 23:22:00,43.052,0.030102999665900007,0.10000000149,0,-0.11,-0.22,-0.11
2014-02-14 23:27:00,49.038000000000004,0.030102999665900007,0.0750000029802,0,-0.11,-0.22,-0.11
2014-02-14 23:32:00,46.238,0.030102999665900007,0.10000000149,0,-0.11,-0.22,-0.11
2014-02-14 23:37:00,44.90600000000001,0.030102999665900007,0.0750000029802,0,-0.11,-0.22,-0.11
2014-02-14 23:42:00,48.51,0.030102999665900007,0.0750000029802,0,-0.11,-0.22,-0.11
2014-02-14 23:47:00,40.834,0.030102999665900007,0.27500000596,0,-0.11,-0.22,-0.11
2014-02-14 23:52:00,52.364,0.030102999665900007,0.300000011921,0,-0.11,-0.22,-0.11
2014-02-14 23:57:00,47.206,0.030102999665900007,0.10000000149,0,-0.11,-0.22,-0.11
2014-02-15 00:02:00,43.31,0.030102999665900007,0.125,0,-0.11,-0.22,-0.11
2014-02-15 00:07:00,53.028,0.030102999665900007,0.324999988079,0,-0.11,-0.22,-0.11
2014-02-15 00:12:00,46.644,0.030102999665900007,0.125,0,-0.11,-0.22,-0.11
2014-02-15 00:17:00,46.123999999999995,0.030102999665900007,0.10000000149,0,-0.11,-0.22,-0.11
2014-02-15 00:22:00,47.802,0.030102999665900007,0.10000000149,0,-0.11,-0.22,-0.11
2014-02-15 00:27:00,41.356,0.030102999665900007,0.22499999403999998,0,-0.11,-0.22,-0.11
2014-02-15 00:32:00,52.184,0.030102999665900007,0.324999988079,0,-0.11,-0.22,-0.11
2014-02-15 00:37:00,45.773999999999994,0.030102999665900007,0.0750000029802,0,-0.11,-0.22,-0.11
2014-02-15 00:42:00,42.792,0.030102999665900007,0.0250000003725,0,-0.11,-0.22,-0.11
2014-02-15 00:47:00,49.036,0.030102999665900007,0.15000000596,0,-0.11,-0.22,-0.11
2014-02-15 00:52:00,45.63399999999999,0.030102999665900007,0.0,0,-0.11,-0.22,-0.11
2014-02-15 00:57:00,46.292,0.030102999665900007,0.0500000007451,0,-0.11,-0.22,-0.11
2014-02-15 01:02:00,46.738,0.030102999665900007,0.0750000029802,0,-0.11,-0.22,-0.11
2014-02-15 01:07:00,43.076,0.030102999665900007,0.10000000149,0,-0.11,-0.22,-0.11
2014-02-15 01:12:00,51.71,0.030102999665900007,0.300000011921,0,-0.11,-0.22,-0.11
2014-02-15 01:17:00,44.56399999999999,0.030102999665900007,0.0500000007451,0,-0.11,-0.22,-0.11
2014-02-15 01:22:00,42.88800000000001,0.030102999665900007,0.10000000149,0,-0.11,-0.22,-0.11
2014-02-15 01:27:00,48.873999999999995,0.030102999665900007,0.17499999702,0,-0.11,-0.22,-0.11
2014-02-15 01:32:00,45.658,0.030102999665900007,0.0,0,-0.11,-0.22,-0.11
2014-02-15 01:37:00,44.052,0.030102999665900007,0.0,0,-0.11,-0.22,-0.11
2014-02-15 01:42:00,47.684,0.030102999665900007,0.0750000029802,0,-0.11,-0.22,-0.11
2014-02-15 01:47:00,40.316,0.030102999665900007,0.300000011921,0,-0.11,-0.22,-0.11
2014-02-15 01:52:00,52.438,0.030102999665900007,0.34999999404,0,-0.11,-0.22,-0.11
2014-02-15 01:57:00,46.948,0.030102999665900007,0.0500000007451,0,-0.11,-0.22,-0.11
2014-02-15 02:02:00,43.13,0.030102999665900007,0.0750000029802,0,-0.11,-0.22,-0.11
2014-02-15 02:07:00,51.83,0.030102999665900007,0.22499999403999998,0,-0.11,-0.22,-0.11
2014-02-15 02:12:00,46.272,0.030102999665900007,0.0250000003725,0,-0.11,-0.22,-0.11
2014-02-15 02:17:00,46.15,0.030102999665900007,0.0250000003725,0,-0.11,-0.22,-0.11
2014-02-15 02:22:00,48.098,0.030102999665900007,0.10000000149,0,-0.11,-0.22,-0.11
2014-02-15 02:27:00,40.868,0.030102999665900007,0.27500000596,0,-0.11,-0.22,-0.11
2014-02-15 02:32:00,52.63,0.030102999665900007,0.27500000596,0,-0.11,-0.22,-0.11
2014-02-15 02:37:00,45.328,0.030102999665900007,0.0750000029802,0,-0.11,-0.22,-0.11
2014-02-15 02:42:00,43.86,0.030102999665900007,0.10000000149,0,-0.11,-0.22,-0.11
2014-02-15 02:47:00,49.19,0.030102999665900007,0.17499999702,0,-0.11,-0.22,-0.11
2014-02-15 02:52:00,40.032,0.030102999665900007,0.324999988079,0,-0.11,-0.22,-0.11
2014-02-15 02:57:00,52.91,0.030102999665900007,0.34999999404,0,-0.11,-0.22,-0.11
2014-02-15 03:02:00,46.916000000000004,0.030102999665900007,0.0500000007451,0,-0.11,-0.22,-0.11
2014-02-15 03:07:00,43.408,0.030102999665900007,0.125,0,-0.11,-0.22,-0.11
2014-02-15 03:12:00,50.222,0.030102999665900007,0.20000000298,0,-0.11,-0.22,-0.11
2014-02-15 03:17:00,45.886,0.030102999665900007,0.10000000149,0,-0.11,-0.22,-0.11
2014-02-15 03:22:00,43.94,0.030102999665900007,0.10000000149,0,-0.11,-0.22,-0.11
2014-02-15 03:27:00,48.166000000000004,0.030102999665900007,0.15000000596,0,-0.11,-0.22,-0.11
2014-02-15 03:32:00,40.821999999999996,0.030102999665900007,0.27500000596,0,-0.11,-0.22,-0.11
2014-02-15 03:37:00,54.24800000000001,0.030102999665900007,0.47499999404,0,-0.11,-0.22,-0.11
2014-02-15 03:42:00,46.878,0.030102999665900007,0.875,0,-0.11,-0.22,-0.11
2014-02-15 03:47:00,41.85,0.030102999665900007,0.25,0,-0.11,-0.22,-0.11
2014-02-15 03:52:00,51.548,0.030102999665900007,0.324999988079,0,-0.11,-0.22,-0.11
2014-02-15 03:57:00,47.73,0.030102999665900007,0.125,0,-0.11,-0.22,-0.11
2014-02-15 04:02:00,45.211999999999996,0.030102999665900007,0.15000000596,0,-0.11,-0.22,-0.11
2014-02-15 04:07:00,50.658,0.030102999665900007,0.25,0,-0.11,-0.22,-0.11
2014-02-15 04:12:00,39.87,0.030102999665900007,0.324999988079,0,-0.11,-0.22,-0.11
2014-02-15 04:17:00,50.728,0.030102999665900007,0.25,0,-0.11,-0.22,-0.11
2014-02-15 04:22:00,46.15,0.030102999665900007,0.125,0,-0.11,-0.22,-0.11
2014-02-15 04:27:00,43.12600000000001,0.030102999665900007,0.17499999702,0,-0.11,-0.22,-0.11
2014-02-15 04:32:00,49.672,0.030102999665900007,0.20000000298,0,-0.11,-0.22,-0.11
2014-02-15 04:37:00,46.644,0.030102999665900007,0.125,0,-0.11,-0.22,-0.11
2014-02-15 04:42:00,44.994,0.030102999665900007,0.0750000029802,0,-0.11,-0.22,-0.11
2014-02-15 04:47:00,47.431999999999995,0.030102999665900007,0.10000000149,0,-0.11,-0.22,-0.11
2014-02-15 04:52:00,40.211999999999996,0.030102999665900007,0.34999999404,0,-0.11,-0.22,-0.11
2014-02-15 04:57:00,53.88800000000001,0.030102999665900007,0.524999976158,0,-0.11,-0.22,-0.11
2014-02-15 05:02:00,43.24800000000001,0.030102999665900007,1.0,0,-0.11,-0.22,-0.11
2014-02-15 05:07:00,44.36600000000001,0.030102999665900007,0.125,0,-0.11,-0.22,-0.11
2014-02-15 05:12:00,49.12600000000001,0.030102999665900007,0.20000000298,0,-0.11,-0.22,-0.11
2014-02-15 05:17:00,45.48,0.030102999665900007,0.125,0,-0.11,-0.22,-0.11
2014-02-15 05:22:00,44.754,0.030102999665900007,0.17499999702,0,-0.11,-0.22,-0.11
2014-02-15 05:27:00,46.69,0.030102999665900007,0.17499999702,0,-0.11,-0.22,-0.11
2014-02-15 05:32:00,41.76,0.030102999665900007,0.324999988079,0,-0.11,-0.22,-0.11
2014-02-15 05:37:00,52.368,0.030102999665900007,0.375,0,-0.11,-0.22,-0.11
2014-02-15 05:42:00,44.882,0.030102999665900007,0.300000011921,0,-0.11,-0.22,-0.11
2014-02-15 05:47:00,42.23,0.030102999665900007,0.300000011921,0,-0.11,-0.22,-0.11
2014-02-15 05:52:00,49.623999999999995,0.030102999665900007,0.17499999702,0,-0.11,-0.22,-0.11
2014-02-15 05:57:00,47.63,0.030102999665900007,0.125,0,-0.11,-0.22,-0.11
2014-02-15 06:02:00,44.786,0.030102999665900007,0.10000000149,0,-0.11,-0.22,-0.11
2014-02-15 06:07:00,49.354,0.030102999665900007,0.0500000007451,0,-0.11,-0.22,-0.11
2014-02-15 06:12:00,40.702,0.030102999665900007,0.27500000596,0,-0.11,-0.22,-0.11
2014-02-15 06:17:00,51.666000000000004,0.030102999665900007,0.25,0,-0.11,-0.22,-0.11
2014-02-15 06:22:00,45.0,0.030102999665900007,0.15000000596,0,-0.11,-0.22,-0.11
2014-02-15 06:27:00,43.61600000000001,0.030102999665900007,0.15000000596,0,-0.11,-0.22,-0.11
2014-02-15 06:32:00,50.821999999999996,0.030102999665900007,0.15000000596,0,-0.11,-0.22,-0.11
2014-02-15 06:37:00,44.413999999999994,0.030102999665900007,0.0750000029802,0,-0.11,-0.22,-0.11
2014-02-15 06:42:00,44.232,0.030102999665900007,0.10000000149,0,-0.11,-0.22,-0.11
2014-02-15 06:47:00,48.236000000000004,0.030102999665900007,0.0500000007451,0,-0.11,-0.22,-0.11
2014-02-15 06:52:00,41.08,0.030102999665900007,0.22499999403999998,0,-0.11,-0.22,-0.11
2014-02-15 06:57:00,53.92,0.030102999665900007,0.40000000596,0,-0.11,-0.22,-0.11
2014-02-15 07:02:00,46.22,0.030102999665900007,0.550000011921,0,-0.11,-0.22,-0.11
2014-02-15 07:07:00,43.522,0.030102999665900007,0.0750000029802,0,-0.11,-0.22,-0.11
2014-02-15 07:12:00,49.74,0.030102999665900007,0.0250000003725,0,-0.11,-0.22,-0.11
2014-02-15 07:17:00,43.592,0.030102999665900007,0.10000000149,0,-0.11,-0.22,-0.11
2014-02-15 07:22:00,41.808,0.030102999665900007,0.27500000596,0,-0.11,-0.22,-0.11
2014-02-15 07:27:00,49.36600000000001,0.030102999665900007,0.0500000007451,0,-0.11,-0.22,-0.11
2014-02-15 07:32:00,45.492,0.030102999665900007,0.0750000029802,0,-0.11,-0.22,-0.11
2014-02-15 07:37:00,44.29600000000001,0.030102999665900007,0.0500000007451,0,-0.11,-0.22,-0.11
2014-02-15 07:42:00,49.706,0.030102999665900007,0.0250000003725,0,-0.11,-0.22,-0.11
2014-02-15 07:47:00,40.868,0.030102999665900007,0.20000000298,0,-0.11,-0.22,-0.11
2014-02-15 07:52:00,51.808,0.030102999665900007,0.17499999702,0,-0.11,-0.22,-0.11
2014-02-15 07:57:00,48.562,0.030102999665900007,0.10000000149,0,-0.11,-0.22,-0.11
2014-02-15 08:02:00,41.902,0.030102999665900007,0.22499999403999998,0,-0.11,-0.22,-0.11
2014-02-15 08:07:00,53.708,0.030102999665900007,0.324999988079,0,-0.11,-0.22,-0.11
2014-02-15 08:12:00,46.55,0.030102999665900007,0.22499999403999998,0,-0.11,-0.22,-0.11
2014-02-15 08:17:00,41.338,0.030102999665900007,0.17499999702,0,-0.11,-0.22,-0.11
2014-02-15 08:22:00,48.36600000000001,0.030102999665900007,0.0250000003725,0,-0.11,-0.22,-0.11
2014-02-15 08:27:00,41.878,0.030102999665900007,0.20000000298,0,-0.11,-0.22,-0.11
2014-02-15 08:32:00,52.342,0.030102999665900007,0.25,0,-0.11,-0.22,-0.11
2014-02-15 08:37:00,46.501999999999995,0.030102999665900007,0.0750000029802,0,-0.11,-0.22,-0.11
2014-02-15 08:42:00,42.276,0.030102999665900007,0.17499999702,0,-0.11,-0.22,-0.11
2014-02-15 08:47:00,50.104,0.030102999665900007,0.10000000149,0,-0.11,-0.22,-0.11
2014-02-15 08:52:00,45.728,0.030102999665900007,0.0500000007451,0,-0.11,-0.22,-0.11
2014-02-15 08:57:00,45.494,0.030102999665900007,0.0250000003725,0,-0.11,-0.22,-0.11
2014-02-15 09:02:00,48.666000000000004,0.030102999665900007,0.0250000003725,0,-0.11,-0.22,-0.11
2014-02-15 09:07:00,48.17,0.030102999665900007,0.0250000003725,0,-0.11,-0.22,-0.11
2014-02-15 09:12:00,44.672,0.030102999665900007,0.0250000003725,0,-0.11,-0.22,-0.11
2014-02-15 09:17:00,45.54,0.030102999665900007,0.0250000003725,0,-0.11,-0.22,-0.11
2014-02-15 09:22:00,40.891999999999996,0.030102999665900007,0.27500000596,0,-0.11,-0.22,-0.11
2014-02-15 09:27:00,50.023999999999994,0.030102999665900007,0.22499999403999998,0,-0.11,-0.22,-0.11
2014-02-15 09:32:00,45.37600000000001,0.030102999665900007,0.0250000003725,0,-0.11,-0.22,-0.11
2014-02-15 09:37:00,42.746,0.030102999665900007,0.10000000149,0,-0.11,-0.22,-0.11
2014-02-15 09:42:00,48.076,0.030102999665900007,0.0,0,-0.11,-0.22,-0.11
2014-02-15 09:47:00,46.69,0.030102999665900007,0.0,0,-0.11,-0.22,-0.11
2014-02-15 09:52:00,44.132,0.030102999665900007,0.10000000149,0,-0.11,-0.22,-0.11
2014-02-15 09:57:00,49.898,0.030102999665900007,0.10000000149,0,-0.11,-0.22,-0.11
2014-02-15 10:02:00,40.798,0.030102999665900007,0.22499999403999998,0,-0.11,-0.22,-0.11
2014-02-15 10:07:00,53.216,0.030102999665900007,0.25,0,-0.11,-0.22,-0.11
2014-02-15 10:12:00,45.298,0.030102999665900007,0.0250000003725,0,-0.11,-0.22,-0.11
2014-02-15 10:17:00,41.76,0.030102999665900007,0.25,0,-0.11,-0.22,-0.11
2014-02-15 10:22:00,48.662,0.030102999665900007,0.0750000029802,0,-0.11,-0.22,-0.11
2014-02-15 10:27:00,45.536,0.030102999665900007,0.0250000003725,0,-0.11,-0.22,-0.11
2014-02-15 10:32:00,45.044,0.030102999665900007,0.0250000003725,0,-0.11,-0.22,-0.11
2014-02-15 10:37:00,48.06800000000001,0.030102999665900007,0.0750000029802,0,-0.11,-0.22,-0.11
2014-02-15 10:42:00,41.77,0.030102999665900007,0.20000000298,0,-0.11,-0.22,-0.11
2014-02-15 10:47:00,51.738,0.030102999665900007,0.15000000596,0,-0.11,-0.22,-0.11
2014-02-15 10:52:00,47.558,0.030102999665900007,0.0750000029802,0,-0.11,-0.22,-0.11
2014-02-15 10:57:00,43.122,0.030102999665900007,0.0750000029802,0,-0.11,-0.22,-0.11
2014-02-15 11:02:00,50.233999999999995,0.030102999665900007,0.125,0,-0.11,-0.22,-0.11
2014-02-15 11:07:00,47.474,0.030102999665900007,0.0750000029802,0,-0.11,-0.22,-0.11
2014-02-15 11:12:00,43.17,0.030102999665900007,0.0750000029802,0,-0.11,-0.22,-0.11
2014-02-15 11:17:00,47.418,0.030102999665900007,0.0500000007451,0,-0.11,-0.22,-0.11
2014-02-15 11:22:00,39.86,0.030102999665900007,0.27500000596,0,-0.11,-0.22,-0.11
2014-02-15 11:27:00,51.456,0.030102999665900007,0.20000000298,0,-0.11,-0.22,-0.11
2014-02-15 11:32:00,44.32,0.030102999665900007,0.0500000007451,0,-0.11,-0.22,-0.11
2014-02-15 11:37:00,42.206,0.030102999665900007,0.15000000596,0,-0.11,-0.22,-0.11
2014-02-15 11:42:00,49.272,0.030102999665900007,0.0750000029802,0,-0.11,-0.22,-0.11
2014-02-15 11:47:00,46.066,0.030102999665900007,0.0500000007451,0,-0.11,-0.22,-0.11
2014-02-15 11:52:00,45.163999999999994,0.030102999665900007,0.0750000029802,0,-0.11,-0.22,-0.11
2014-02-15 11:57:00,49.431999999999995,0.030102999665900007,0.0750000029802,0,-0.11,-0.22,-0.11
2014-02-15 12:02:00,40.306,0.030102999665900007,0.22499999403999998,0,-0.11,-0.22,-0.11
2014-02-15 12:07:00,53.17,0.030102999665900007,0.22499999403999998,0,-0.11,-0.22,-0.11
2014-02-15 12:12:00,45.416000000000004,0.030102999665900007,0.0750000029802,0,-0.11,-0.22,-0.11
2014-02-15 12:17:00,42.05,0.030102999665900007,0.0750000029802,0,-0.11,-0.22,-0.11
2014-02-15 12:22:00,50.45,0.030102999665900007,0.10000000149,0,-0.11,-0.22,-0.11
2014-02-15 12:27:00,47.042,0.030102999665900007,0.125,0,-0.11,-0.22,-0.11
2014-02-15 12:32:00,44.508,0.030102999665900007,0.0250000003725,0,-0.11,-0.22,-0.11
2014-02-15 12:37:00,47.958,0.030102999665900007,0.0250000003725,0,-0.11,-0.22,-0.11
2014-02-15 12:42:00,41.526,0.030102999665900007,0.0750000029802,0,-0.11,-0.22,-0.11
2014-02-15 12:47:00,52.746,0.030102999665900007,0.10000000149,0,-0.11,-0.22,-0.11
2014-02-15 12:52:00,45.4,0.030102999665900007,0.0500000007451,0,-0.11,-0.22,-0.11
2014-02-15 12:57:00,44.038000000000004,0.030102999665900007,0.0,0,-0.11,-0.22,-0.11
2014-02-15 13:02:00,50.422,0.030102999665900007,0.0500000007451,0,-0.11,-0.22,-0.11
2014-02-15 13:07:00,47.746,0.030102999665900007,0.0500000007451,0,-0.11,-0.22,-0.11
2014-02-15 13:12:00,43.662,0.030102999665900007,0.0250000003725,0,-0.11,-0.22,-0.11
2014-02-15 13:17:00,48.544,0.030102999665900007,0.0250000003725,0,-0.11,-0.22,-0.11
2014-02-15 13:22:00,40.54,0.030102999665900007,0.17499999702,0,-0.11,-0.22,-0.11
2014-02-15 13:27:00,51.808,0.030102999665900007,0.0750000029802,0,-0.11,-0.22,-0.11
2014-02-15 13:32:00,46.15,0.030102999665900007,0.0750000029802,0,-0.11,-0.22,-0.11
2014-02-15 13:37:00,42.042,0.030102999665900007,0.0250000003725,0,-0.11,-0.22,-0.11
2014-02-15 13:42:00,48.69,0.030102999665900007,0.0500000007451,0,-0.11,-0.22,-0.11
2014-02-15 13:47:00,45.95399999999999,0.030102999665900007,0.0250000003725,0,-0.11,-0.22,-0.11
2014-02-15 13:52:00,45.328,0.030102999665900007,0.0,0,-0.11,-0.22,-0.11
2014-02-15 13:57:00,48.544,0.030102999665900007,0.0250000003725,0,-0.11,-0.22,-0.11
2014-02-15 14:02:00,40.891999999999996,0.030102999665900007,0.0250000003725,0,-0.11,-0.22,-0.11
2014-02-15 14:07:00,55.153999999999996,1.0,0.22499999403999998,0,-0.11,-0.22,-0.11
2014-02-15 14:12:00,43.996,0.030102999665900007,0.0,0,-0.11,-0.22,-0.11
2014-02-15 14:17:00,43.052,0.030102999665900007,0.0,0,-0.11,-0.22,-0.11
2014-02-15 14:22:00,48.268,0.030102999665900007,0.0,0,-0.11,-0.22,-0.11
2014-02-15 14:27:00,44.83600000000001,0.030102999665900007,0.0,0,-0.11,-0.22,-0.11
2014-02-15 14:32:00,45.2,0.030102999665900007,0.0,0,-0.11,-0.22,-0.11
2014-02-15 14:37:00,47.3,0.030102999665900007,0.0250000003725,0,-0.11,-0.22,-0.11
2014-02-15 14:42:00,40.07,0.030102999665900007,0.125,0,-0.11,-0.22,-0.11
2014-02-15 14:47:00,51.843999999999994,0.030102999665900007,0.10000000149,0,-0.11,-0.22,-0.11
2014-02-15 14:52:00,47.431999999999995,0.030102999665900007,0.0250000003725,0,-0.11,-0.22,-0.11
2014-02-15 14:57:00,43.92,0.030102999665900007,0.0,0,-0.11,-0.22,-0.11
2014-02-15 15:02:00,50.994,0.030102999665900007,0.0500000007451,0,-0.11,-0.22,-0.11
2014-02-15 15:07:00,48.136,0.030102999665900007,0.0,0,-0.11,-0.22,-0.11
2014-02-15 15:12:00,44.772,0.030102999665900007,0.0,0,-0.11,-0.22,-0.11
2014-02-15 15:17:00,49.013999999999996,0.030102999665900007,0.0250000003725,0,-0.11,-0.22,-0.11
2014-02-15 15:22:00,40.658,0.030102999665900007,0.0250000003725,0,-0.11,-0.22,-0.11
2014-02-15 15:27:00,51.578,0.030102999665900007,0.0500000007451,0,-0.11,-0.22,-0.11
2014-02-15 15:32:00,47.3,0.030102999665900007,0.0,0,-0.11,-0.22,-0.11
2014-02-15 15:37:00,41.79,0.030102999665900007,0.0,0,-0.11,-0.22,-0.11
2014-02-15 15:42:00,52.348,0.030102999665900007,0.0500000007451,0,-0.11,-0.22,-0.11
2014-02-15 15:47:00,44.83600000000001,0.030102999665900007,0.0,0,-0.11,-0.22,-0.11
2014-02-15 15:52:00,44.718,0.030102999665900007,0.0,0,-0.11,-0.22,-0.11
2014-02-15 15:57:00,49.76600000000001,0.030102999665900007,0.0250000003725,0,-0.11,-0.22,-0.11
2014-02-15 16:02:00,40.4,0.030102999665900007,0.0750000029802,0,-0.11,-0.22,-0.11
2014-02-15 16:07:00,53.403999999999996,0.030102999665900007,0.10000000149,0,-0.11,-0.22,-0.11
2014-02-15 16:12:00,45.023999999999994,0.030102999665900007,0.0,0,-0.11,-0.22,-0.11
2014-02-15 16:17:00,42.254,0.030102999665900007,0.0,0,-0.11,-0.22,-0.11
2014-02-15 16:22:00,49.496,0.030102999665900007,0.0250000003725,0,-0.11,-0.22,-0.11
2014-02-15 16:27:00,46.198,0.030102999665900007,0.0,0,-0.11,-0.22,-0.11
2014-02-15 16:32:00,44.413999999999994,0.030102999665900007,0.0,0,-0.11,-0.22,-0.11
2014-02-15 16:37:00,45.58600000000001,0.030102999665900007,0.0,0,-0.11,-0.22,-0.11
2014-02-15 16:42:00,45.958,0.030102999665900007,0.0,0,-0.11,-0.22,-0.11
2014-02-15 16:47:00,44.553999999999995,0.030102999665900007,0.0,0,-0.11,-0.22,-0.11
2014-02-15 16:52:00,47.184,0.030102999665900007,0.0,0,-0.11,-0.22,-0.11
2014-02-15 16:57:00,43.092,0.030102999665900007,0.0,0,-0.11,-0.22,-0.11
2014-02-15 17:02:00,53.58600000000001,0.030102999665900007,0.15000000596,0,-0.11,-0.22,-0.11
2014-02-15 17:07:00,47.288000000000004,0.030102999665900007,0.0,0,-0.11,-0.22,-0.11
2014-02-15 17:12:00,43.162,0.030102999665900007,0.0,0,-0.11,-0.22,-0.11
2014-02-15 17:17:00,49.108000000000004,0.030102999665900007,0.0,0,-0.11,-0.22,-0.11
2014-02-15 17:22:00,46.303999999999995,0.030102999665900007,0.0,0,-0.11,-0.22,-0.11
2014-02-15 17:27:00,43.356,0.030102999665900007,0.0,0,-0.11,-0.22,-0.11
2014-02-15 17:32:00,48.076,0.030102999665900007,0.0,0,-0.11,-0.22,-0.11
2014-02-15 17:37:00,39.554,0.030102999665900007,0.10000000149,0,-0.11,-0.22,-0.11
2014-02-15 17:42:00,52.418,0.030102999665900007,0.0750000029802,0,-0.11,-0.22,-0.11
2014-02-15 17:47:00,46.26,0.030102999665900007,0.0,0,-0.11,-0.22,-0.11
2014-02-15 17:52:00,42.152,0.030102999665900007,0.0,0,-0.11,-0.22,-0.11
2014-02-15 17:57:00,52.37,0.030102999665900007,0.0250000003725,0,-0.11,-0.22,-0.11
2014-02-15 18:02:00,45.47,0.030102999665900007,0.0,0,-0.11,-0.22,-0.11
2014-02-15 18:07:00,46.12600000000001,0.030102999665900007,0.0,0,-0.11,-0.22,-0.11
2014-02-15 18:12:00,46.22,0.030102999665900007,0.0,0,-0.11,-0.22,-0.11
2014-02-15 18:17:00,40.234,0.030102999665900007,0.0500000007451,0,-0.11,-0.22,-0.11
2014-02-15 18:22:00,52.38399999999999,0.030102999665900007,0.0250000003725,0,-0.11,-0.22,-0.11
2014-02-15 18:27:00,45.36,0.030102999665900007,0.0,0,-0.11,-0.22,-0.11
2014-02-15 18:32:00,43.378,0.030102999665900007,0.0,0,-0.11,-0.22,-0.11
2014-02-15 18:37:00,48.802,0.030102999665900007,0.0,0,-0.11,-0.22,-0.11
2014-02-15 18:42:00,40.492,0.030102999665900007,0.0500000007451,0,-0.11,-0.22,-0.11
2014-02-15 18:47:00,53.17,0.030102999665900007,0.10000000149,0,-0.11,-0.22,-0.11
2014-02-15 18:52:00,46.12600000000001,0.030102999665900007,0.0,0,-0.11,-0.22,-0.11
2014-02-15 18:57:00,43.51,0.030102999665900007,0.0,0,-0.11,-0.22,-0.11
2014-02-15 19:02:00,50.396,0.030102999665900007,0.0,0,-0.11,-0.22,-0.11
2014-02-15 19:07:00,48.216,0.030102999665900007,0.0,0,-0.11,-0.22,-0.11
2014-02-15 19:12:00,44.882,0.030102999665900007,0.0,0,-0.11,-0.22,-0.11
2014-02-15 19:17:00,47.403999999999996,0.030102999665900007,0.0,0,-0.11,-0.22,-0.11
2014-02-15 19:22:00,41.1,0.030102999665900007,0.0250000003725,0,-0.11,-0.22,-0.11
2014-02-15 19:27:00,52.98,0.030102999665900007,0.0750000029802,0,-0.11,-0.22,-0.11
2014-02-15 19:32:00,43.474,0.030102999665900007,0.0,0,-0.11,-0.22,-0.11
2014-02-15 19:37:00,41.106,0.030102999665900007,0.0,0,-0.11,-0.22,-0.11
2014-02-15 19:42:00,48.333999999999996,0.030102999665900007,0.0,0,-0.11,-0.22,-0.11
2014-02-15 19:47:00,46.478,0.030102999665900007,0.0,0,-0.11,-0.22,-0.11
2014-02-15 19:52:00,43.544,0.030102999665900007,0.0,0,-0.11,-0.22,-0.11
2014-02-15 19:57:00,50.494,0.030102999665900007,0.0,0,-0.11,-0.22,-0.11
2014-02-15 20:02:00,41.228,0.030102999665900007,0.0,0,-0.11,-0.22,-0.11
2014-02-15 20:07:00,54.263999999999996,0.030102999665900007,0.0750000029802,0,-0.11,-0.22,-0.11
2014-02-15 20:12:00,45.798,0.030102999665900007,0.0,0,-0.11,-0.22,-0.11
2014-02-15 20:17:00,42.324,0.030102999665900007,0.0,0,-0.11,-0.22,-0.11
2014-02-15 20:22:00,50.986000000000004,0.030102999665900007,0.0,0,-0.11,-0.22,-0.11
2014-02-15 20:27:00,46.604,0.030102999665900007,0.0,0,-0.11,-0.22,-0.11
2014-02-15 20:32:00,45.706,0.030102999665900007,0.0,0,-0.11,-0.22,-0.11
2014-02-15 20:37:00,48.286,0.030102999665900007,0.0,0,-0.11,-0.22,-0.11
2014-02-15 20:42:00,40.652,0.030102999665900007,0.0250000003725,0,-0.11,-0.22,-0.11
2014-02-15 20:47:00,53.522,0.030102999665900007,0.0500000007451,0,-0.11,-0.22,-0.11
2014-02-15 20:52:00,45.391999999999996,0.030102999665900007,0.0,0,-0.11,-0.22,-0.11
2014-02-15 20:57:00,45.102,0.030102999665900007,0.0,0,-0.11,-0.22,-0.11
2014-02-15 21:02:00,49.754,0.030102999665900007,0.0,0,-0.11,-0.22,-0.11
2014-02-15 21:07:00,48.943999999999996,0.030102999665900007,0.0,0,-0.11,-0.22,-0.11
2014-02-15 21:12:00,44.672,0.030102999665900007,0.0,0,-0.11,-0.22,-0.11
2014-02-15 21:17:00,47.066,0.030102999665900007,0.0,0,-0.11,-0.22,-0.11
2014-02-15 21:22:00,41.174,0.030102999665900007,0.0250000003725,0,-0.11,-0.22,-0.11
2014-02-15 21:27:00,52.09,0.030102999665900007,0.0250000003725,0,-0.11,-0.22,-0.11
2014-02-15 21:32:00,45.258,0.030102999665900007,0.0,0,-0.11,-0.22,-0.11
2014-02-15 21:37:00,42.763999999999996,0.030102999665900007,0.0,0,-0.11,-0.22,-0.11
2014-02-15 21:42:00,48.216,0.030102999665900007,0.0,0,-0.11,-0.22,-0.11
2014-02-15 21:47:00,46.726000000000006,0.030102999665900007,0.0,0,-0.11,-0.22,-0.11
2014-02-15 21:52:00,44.292,0.030102999665900007,0.0,0,-0.11,-0.22,-0.11
2014-02-15 21:57:00,49.483999999999995,0.030102999665900007,0.0250000003725,0,-0.11,-0.22,-0.11
2014-02-15 22:02:00,40.492,0.030102999665900007,0.0250000003725,0,-0.11,-0.22,-0.11
2014-02-15 22:07:00,54.722,0.030102999665900007,0.0500000007451,0,-0.11,-0.22,-0.11
2014-02-15 22:12:00,45.58600000000001,0.030102999665900007,0.0,0,-0.11,-0.22,-0.11
2014-02-15 22:17:00,41.82,0.030102999665900007,0.0,0,-0.11,-0.22,-0.11
2014-02-15 22:22:00,48.896,0.030102999665900007,0.0,0,-0.11,-0.22,-0.11
2014-02-15 22:27:00,46.343999999999994,0.030102999665900007,0.0,0,-0.11,-0.22,-0.11
2014-02-15 22:32:00,45.07,0.030102999665900007,0.0,0,-0.11,-0.22,-0.11
2014-02-15 22:37:00,45.972,0.030102999665900007,0.0,0,-0.11,-0.22,-0.11
2014-02-15 22:42:00,40.164,0.030102999665900007,0.0500000007451,0,-0.11,-0.22,-0.11
2014-02-15 22:47:00,51.571999999999996,0.030102999665900007,0.0,0,-0.11,-0.22,-0.11
2014-02-15 22:52:00,44.812,0.030102999665900007,0.0,0,-0.11,-0.22,-0.11
2014-02-15 22:57:00,46.198,0.030102999665900007,0.0,0,-0.11,-0.22,-0.11
2014-02-15 23:02:00,48.802,0.030102999665900007,0.0,0,-0.11,-0.22,-0.11
2014-02-15 23:07:00,48.724,0.030102999665900007,0.0,0,-0.11,-0.22,-0.11
2014-02-15 23:12:00,45.282,0.030102999665900007,0.0,0,-0.11,-0.22,-0.11
2014-02-15 23:17:00,46.94,0.030102999665900007,0.0,0,-0.11,-0.22,-0.11
2014-02-15 23:22:00,40.884,0.030102999665900007,0.0,0,-0.11,-0.22,-0.11
2014-02-15 23:27:00,53.298,0.030102999665900007,0.0750000029802,0,-0.11,-0.22,-0.11
2014-02-15 23:32:00,44.852,0.030102999665900007,0.0,0,-0.11,-0.22,-0.11
2014-02-15 23:37:00,43.778,0.030102999665900007,0.0,0,-0.11,-0.22,-0.11
2014-02-15 23:42:00,47.974,0.030102999665900007,0.0,0,-0.11,-0.22,-0.11
2014-02-15 23:47:00,46.79,0.030102999665900007,0.0,0,-0.11,-0.22,-0.11
2014-02-15 23:52:00,44.742,0.030102999665900007,0.0,0,-0.11,-0.22,-0.11
2014-02-15 23:57:00,49.146,0.030102999665900007,0.0,0,-0.11,-0.22,-0.11
2014-02-16 00:02:00,41.06399999999999,0.030102999665900007,0.0,0,-0.11,-0.22,-0.11
2014-02-16 00:07:00,52.73,0.030102999665900007,0.0,0,-0.11,-0.22,-0.11
2014-02-16 00:12:00,46.996,0.030102999665900007,0.0,0,-0.11,-0.22,-0.11
2014-02-16 00:17:00,42.99800000000001,0.030102999665900007,0.0,0,-0.11,-0.22,-0.11
2014-02-16 00:22:00,49.798,0.030102999665900007,0.0250000003725,0,-0.11,-0.22,-0.11
2014-02-16 00:27:00,40.658,0.030102999665900007,0.0,0,-0.11,-0.22,-0.11
2014-02-16 00:32:00,52.044,0.030102999665900007,0.0,0,-0.11,-0.22,-0.11
2014-02-16 00:37:00,46.714,0.030102999665900007,0.0,0,-0.11,-0.22,-0.11
2014-02-16 00:42:00,41.456,0.030102999665900007,0.0,0,-0.11,-0.22,-0.11
2014-02-16 00:47:00,52.418,0.030102999665900007,0.0,0,-0.11,-0.22,-0.11
2014-02-16 00:52:00,44.994,0.030102999665900007,0.0,0,-0.11,-0.22,-0.11
2014-02-16 00:57:00,45.728,0.030102999665900007,0.0,0,-0.11,-0.22,-0.11
2014-02-16 01:02:00,48.802,0.030102999665900007,0.0,0,-0.11,-0.22,-0.11
2014-02-16 01:07:00,51.408,0.030102999665900007,0.0,0,-0.11,-0.22,-0.11
2014-02-16 01:12:00,48.678000000000004,0.030102999665900007,0.0,0,-0.11,-0.22,-0.11
2014-02-16 01:17:00,47.394,0.030102999665900007,0.0,0,-0.11,-0.22,-0.11
2014-02-16 01:22:00,41.11,0.030102999665900007,0.0250000003725,0,-0.11,-0.22,-0.11
2014-02-16 01:27:00,53.23,0.030102999665900007,0.125,0,-0.11,-0.22,-0.11
2014-02-16 01:32:00,49.418,0.030102999665900007,0.0,0,-0.11,-0.22,-0.11
2014-02-16 01:37:00,43.518,0.030102999665900007,0.0,0,-0.11,-0.22,-0.11
2014-02-16 01:42:00,49.24800000000001,0.030102999665900007,0.0,0,-0.11,-0.22,-0.11
2014-02-16 01:47:00,45.846000000000004,0.030102999665900007,0.0,0,-0.11,-0.22,-0.11
2014-02-16 01:52:00,47.066,0.030102999665900007,0.0,0,-0.11,-0.22,-0.11
2014-02-16 01:57:00,47.751999999999995,0.030102999665900007,0.0,0,-0.11,-0.22,-0.11
2014-02-16 02:02:00,42.066,0.030102999665900007,0.0,0,-0.11,-0.22,-0.11
2014-02-16 02:07:00,51.708,0.030102999665900007,0.0,0,-0.11,-0.22,-0.11
2014-02-16 02:12:00,45.976000000000006,0.030102999665900007,0.0,0,-0.11,-0.22,-0.11
2014-02-16 02:17:00,43.474,0.030102999665900007,0.0,0,-0.11,-0.22,-0.11
2014-02-16 02:22:00,46.58,0.030102999665900007,0.0,0,-0.11,-0.22,-0.11
2014-02-16 02:27:00,38.522,1.0,0.17499999702,0,-0.11,-0.22,-0.11
2014-02-16 02:32:00,52.794,0.030102999665900007,0.0750000029802,0,-0.11,-0.22,-0.11
2014-02-16 02:37:00,44.43600000000001,0.030102999665900007,0.0,0,-0.11,-0.22,-0.11
2014-02-16 02:42:00,41.854,0.030102999665900007,0.0,0,-0.11,-0.22,-0.11
2014-02-16 02:47:00,51.056000000000004,0.030102999665900007,0.0250000003725,0,-0.11,-0.22,-0.11
2014-02-16 02:52:00,46.11,0.030102999665900007,0.0,0,-0.11,-0.22,-0.11
2014-02-16 02:57:00,46.15,0.030102999665900007,0.0,0,-0.11,-0.22,-0.11
2014-02-16 03:02:00,50.54,0.030102999665900007,0.0,0,-0.11,-0.22,-0.11
2014-02-16 03:07:00,48.122,0.030102999665900007,0.0,0,-0.11,-0.22,-0.11
2014-02-16 03:12:00,44.108000000000004,0.030102999665900007,0.0,0,-0.11,-0.22,-0.11
2014-02-16 03:17:00,47.492,0.030102999665900007,0.0,0,-0.11,-0.22,-0.11
2014-02-16 03:22:00,41.808,0.030102999665900007,0.0250000003725,0,-0.11,-0.22,-0.11
2014-02-16 03:27:00,56.22,1.0,0.324999988079,0,-0.11,-0.22,-0.11
2014-02-16 03:32:00,45.306000000000004,0.030102999665900007,0.0,0,-0.11,-0.22,-0.11
2014-02-16 03:37:00,43.403999999999996,0.030102999665900007,0.0,0,-0.11,-0.22,-0.11
2014-02-16 03:42:00,50.352,0.030102999665900007,0.0,0,-0.11,-0.22,-0.11
2014-02-16 03:47:00,47.48,0.030102999665900007,0.0,0,-0.11,-0.22,-0.11
2014-02-16 03:52:00,44.674,0.030102999665900007,0.0,0,-0.11,-0.22,-0.11
2014-02-16 03:57:00,49.672,0.030102999665900007,0.0,0,-0.11,-0.22,-0.11
2014-02-16 04:02:00,40.694,0.030102999665900007,0.0250000003725,0,-0.11,-0.22,-0.11
2014-02-16 04:07:00,54.211999999999996,0.030102999665900007,0.125,0,-0.11,-0.22,-0.11
2014-02-16 04:12:00,46.38399999999999,0.030102999665900007,0.0250000003725,0,-0.11,-0.22,-0.11
2014-02-16 04:17:00,41.292,0.030102999665900007,0.0250000003725,0,-0.11,-0.22,-0.11
2014-02-16 04:22:00,52.806000000000004,0.030102999665900007,0.0250000003725,0,-0.11,-0.22,-0.11
2014-02-16 04:27:00,46.153999999999996,0.030102999665900007,0.0,0,-0.11,-0.22,-0.11
2014-02-16 04:32:00,42.456,0.030102999665900007,0.0250000003725,0,-0.11,-0.22,-0.11
2014-02-16 04:37:00,49.46,0.030102999665900007,0.0,0,-0.11,-0.22,-0.11
2014-02-16 04:42:00,46.12600000000001,0.030102999665900007,0.0,0,-0.11,-0.22,-0.11
2014-02-16 04:47:00,45.61,0.030102999665900007,0.0,0,-0.11,-0.22,-0.11
2014-02-16 04:52:00,46.878,0.030102999665900007,0.0,0,-0.11,-0.22,-0.11
2014-02-16 04:57:00,42.746,0.030102999665900007,0.0,0,-0.11,-0.22,-0.11
2014-02-16 05:02:00,53.028,0.030102999665900007,0.0250000003725,0,-0.11,-0.22,-0.11
2014-02-16 05:07:00,47.63,0.030102999665900007,0.0,0,-0.11,-0.22,-0.11
2014-02-16 05:12:00,41.11600000000001,0.030102999665900007,0.0250000003725,0,-0.11,-0.22,-0.11
2014-02-16 05:17:00,49.32,0.030102999665900007,0.0,0,-0.11,-0.22,-0.11
2014-02-16 05:22:00,46.478,0.030102999665900007,0.0,0,-0.11,-0.22,-0.11
2014-02-16 05:27:00,45.56399999999999,0.030102999665900007,0.0,0,-0.11,-0.22,-0.11
2014-02-16 05:32:00,47.256,0.030102999665900007,0.0,0,-0.11,-0.22,-0.11
2014-02-16 05:37:00,40.488,0.030102999665900007,0.0750000029802,0,-0.11,-0.22,-0.11
2014-02-16 05:42:00,52.652,0.030102999665900007,0.0500000007451,0,-0.11,-0.22,-0.11
2014-02-16 05:47:00,44.718,0.030102999665900007,0.0,0,-0.11,-0.22,-0.11
2014-02-16 05:52:00,42.97,0.030102999665900007,0.0250000003725,0,-0.11,-0.22,-0.11
2014-02-16 05:57:00,51.854,0.030102999665900007,0.0,0,-0.11,-0.22,-0.11
2014-02-16 06:02:00,46.076,0.030102999665900007,0.0,0,-0.11,-0.22,-0.11
2014-02-16 06:07:00,45.903999999999996,0.030102999665900007,0.0,0,-0.11,-0.22,-0.11
2014-02-16 06:12:00,47.276,0.030102999665900007,0.0,0,-0.11,-0.22,-0.11
2014-02-16 06:17:00,41.714,0.030102999665900007,0.0250000003725,0,-0.11,-0.22,-0.11
2014-02-16 06:22:00,52.972,0.030102999665900007,0.0250000003725,0,-0.11,-0.22,-0.11
2014-02-16 06:27:00,44.983999999999995,0.030102999665900007,0.0,0,-0.11,-0.22,-0.11
2014-02-16 06:32:00,43.29,0.030102999665900007,0.0,0,-0.11,-0.22,-0.11
2014-02-16 06:37:00,49.693999999999996,0.030102999665900007,0.0,0,-0.11,-0.22,-0.11
2014-02-16 06:42:00,45.233999999999995,0.030102999665900007,0.0,0,-0.11,-0.22,-0.11
2014-02-16 06:47:00,45.56399999999999,0.030102999665900007,0.0,0,-0.11,-0.22,-0.11
2014-02-16 06:52:00,46.3,0.030102999665900007,0.0,0,-0.11,-0.22,-0.11
2014-02-16 06:57:00,43.56800000000001,0.030102999665900007,0.0,0,-0.11,-0.22,-0.11
2014-02-16 07:02:00,52.724,0.030102999665900007,0.0250000003725,0,-0.11,-0.22,-0.11
2014-02-16 07:07:00,46.784,0.030102999665900007,0.0,0,-0.11,-0.22,-0.11
2014-02-16 07:12:00,42.23,0.030102999665900007,0.0,0,-0.11,-0.22,-0.11
2014-02-16 07:17:00,50.448,0.030102999665900007,0.0,0,-0.11,-0.22,-0.11
2014-02-16 07:22:00,46.431999999999995,0.030102999665900007,0.0,0,-0.11,-0.22,-0.11
2014-02-16 07:27:00,43.826,0.030102999665900007,0.0,0,-0.11,-0.22,-0.11
2014-02-16 07:32:00,49.508,0.030102999665900007,0.0,0,-0.11,-0.22,-0.11
2014-02-16 07:37:00,45.488,0.030102999665900007,0.0,0,-0.11,-0.22,-0.11
2014-02-16 07:42:00,45.908,0.030102999665900007,0.0,0,-0.11,-0.22,-0.11
2014-02-16 07:47:00,45.68,0.030102999665900007,0.0,0,-0.11,-0.22,-0.11
2014-02-16 07:52:00,40.094,0.030102999665900007,0.0750000029802,0,-0.11,-0.22,-0.11
2014-02-16 07:57:00,54.828,0.030102999665900007,0.0750000029802,0,-0.11,-0.22,-0.11
2014-02-16 08:02:00,45.211999999999996,0.030102999665900007,0.0,0,-0.11,-0.22,-0.11
2014-02-16 08:07:00,44.443999999999996,0.030102999665900007,0.0,0,-0.11,-0.22,-0.11
2014-02-16 08:12:00,47.676,0.030102999665900007,0.0,0,-0.11,-0.22,-0.11
2014-02-16 08:17:00,39.742,0.030102999665900007,0.10000000149,0,-0.11,-0.22,-0.11
2014-02-16 08:22:00,50.678000000000004,0.030102999665900007,0.0,0,-0.11,-0.22,-0.11
2014-02-16 08:27:00,46.292,0.030102999665900007,0.0,0,-0.11,-0.22,-0.11
2014-02-16 08:32:00,42.044,0.030102999665900007,0.0250000003725,0,-0.11,-0.22,-0.11
2014-02-16 08:37:00,52.066,0.030102999665900007,0.0,0,-0.11,-0.22,-0.11
2014-02-16 08:42:00,45.258,0.030102999665900007,0.0,0,-0.11,-0.22,-0.11
2014-02-16 08:47:00,43.45399999999999,0.030102999665900007,0.0,0,-0.11,-0.22,-0.11
2014-02-16 08:52:00,48.166000000000004,0.030102999665900007,0.0,0,-0.11,-0.22,-0.11
2014-02-16 08:57:00,41.854,0.030102999665900007,0.0250000003725,0,-0.11,-0.22,-0.11
2014-02-16 09:02:00,49.504,0.030102999665900007,0.0,0,-0.11,-0.22,-0.11
2014-02-16 09:07:00,47.596000000000004,0.030102999665900007,0.0,0,-0.11,-0.22,-0.11
2014-02-16 09:12:00,40.592,0.030102999665900007,0.0,0,-0.11,-0.22,-0.11
2014-02-16 09:17:00,50.273999999999994,0.030102999665900007,0.0,0,-0.11,-0.22,-0.11
2014-02-16 09:22:00,45.83,0.030102999665900007,0.0,0,-0.11,-0.22,-0.11
2014-02-16 09:27:00,42.788000000000004,0.030102999665900007,0.0,0,-0.11,-0.22,-0.11
2014-02-16 09:32:00,47.86600000000001,0.030102999665900007,0.0,0,-0.11,-0.22,-0.11
2014-02-16 09:37:00,41.714,0.030102999665900007,0.0,0,-0.11,-0.22,-0.11
2014-02-16 09:42:00,52.324,0.030102999665900007,0.0,0,-0.11,-0.22,-0.11
2014-02-16 09:47:00,46.666000000000004,0.030102999665900007,0.0,0,-0.11,-0.22,-0.11
2014-02-16 09:52:00,42.512,0.030102999665900007,0.0250000003725,0,-0.11,-0.22,-0.11
2014-02-16 09:57:00,51.69,0.030102999665900007,0.0250000003725,0,-0.11,-0.22,-0.11
2014-02-16 10:02:00,46.846000000000004,0.030102999665900007,0.0,0,-0.11,-0.22,-0.11
2014-02-16 10:07:00,45.026,0.030102999665900007,0.0,0,-0.11,-0.22,-0.11
2014-02-16 10:12:00,48.166000000000004,0.030102999665900007,0.0,0,-0.11,-0.22,-0.11
2014-02-16 10:17:00,40.234,0.030102999665900007,0.0500000007451,0,-0.11,-0.22,-0.11
2014-02-16 10:22:00,52.066,0.030102999665900007,0.0250000003725,0,-0.11,-0.22,-0.11
2014-02-16 10:27:00,46.01,0.030102999665900007,0.0,0,-0.11,-0.22,-0.11
2014-02-16 10:32:00,41.62,0.030102999665900007,0.0250000003725,0,-0.11,-0.22,-0.11
2014-02-16 10:37:00,49.931999999999995,0.030102999665900007,0.0,0,-0.11,-0.22,-0.11
2014-02-16 10:42:00,45.492,0.030102999665900007,0.0,0,-0.11,-0.22,-0.11
2014-02-16 10:47:00,43.31,0.030102999665900007,0.0,0,-0.11,-0.22,-0.11
2014-02-16 10:52:00,48.873999999999995,0.030102999665900007,0.0,0,-0.11,-0.22,-0.11
2014-02-16 10:57:00,48.56800000000001,0.030102999665900007,0.0,0,-0.11,-0.22,-0.11
2014-02-16 11:02:00,44.918,0.030102999665900007,0.0,0,-0.11,-0.22,-0.11
2014-02-16 11:07:00,48.676,0.030102999665900007,0.0,0,-0.11,-0.22,-0.11
2014-02-16 11:12:00,39.678000000000004,0.030102999665900007,0.0250000003725,0,-0.11,-0.22,-0.11
2014-02-16 11:17:00,52.206,0.030102999665900007,0.0250000003725,0,-0.11,-0.22,-0.11
2014-02-16 11:22:00,44.47,0.030102999665900007,0.0,0,-0.11,-0.22,-0.11
2014-02-16 11:27:00,42.512,0.030102999665900007,0.0,0,-0.11,-0.22,-0.11
2014-02-16 11:32:00,48.508,0.030102999665900007,0.0,0,-0.11,-0.22,-0.11
2014-02-16 11:37:00,45.37600000000001,0.030102999665900007,0.0,0,-0.11,-0.22,-0.11
2014-02-16 11:42:00,46.032,0.030102999665900007,0.0,0,-0.11,-0.22,-0.11
2014-02-16 11:47:00,47.394,0.030102999665900007,0.0,0,-0.11,-0.22,-0.11
2014-02-16 11:52:00,39.738,0.030102999665900007,0.0250000003725,0,-0.11,-0.22,-0.11
2014-02-16 11:57:00,53.544,0.030102999665900007,0.0250000003725,0,-0.11,-0.22,-0.11
2014-02-16 12:02:00,45.751999999999995,0.030102999665900007,0.0,0,-0.11,-0.22,-0.11
2014-02-16 12:07:00,44.672,0.030102999665900007,0.0,0,-0.11,-0.22,-0.11
2014-02-16 12:12:00,48.802,0.030102999665900007,0.0,0,-0.11,-0.22,-0.11
2014-02-16 12:17:00,39.812,0.030102999665900007,0.0250000003725,0,-0.11,-0.22,-0.11
2014-02-16 12:22:00,50.13,0.030102999665900007,0.0,0,-0.11,-0.22,-0.11
2014-02-16 12:27:00,46.838,0.030102999665900007,0.0,0,-0.11,-0.22,-0.11
2014-02-16 12:32:00,40.908,0.030102999665900007,0.0,0,-0.11,-0.22,-0.11
2014-02-16 12:37:00,51.808,0.030102999665900007,0.0250000003725,0,-0.11,-0.22,-0.11
2014-02-16 12:42:00,42.12,0.030102999665900007,0.0,0,-0.11,-0.22,-0.11
2014-02-16 12:47:00,42.136,0.030102999665900007,0.0,0,-0.11,-0.22,-0.11
2014-02-16 12:52:00,48.45,0.030102999665900007,0.0,0,-0.11,-0.22,-0.11
2014-02-16 12:57:00,48.06,0.030102999665900007,0.0,0,-0.11,-0.22,-0.11
2014-02-16 13:02:00,43.756,0.030102999665900007,0.0,0,-0.11,-0.22,-0.11
2014-02-16 13:07:00,49.542,0.030102999665900007,0.0,0,-0.11,-0.22,-0.11
2014-02-16 13:12:00,39.976,0.030102999665900007,0.0,0,-0.11,-0.22,-0.11
2014-02-16 13:17:00,52.512,0.030102999665900007,0.0,0,-0.11,-0.22,-0.11
2014-02-16 13:22:00,44.504,0.030102999665900007,0.0,0,-0.11,-0.22,-0.11
2014-02-16 13:27:00,42.606,0.030102999665900007,0.0,0,-0.11,-0.22,-0.11
2014-02-16 13:32:00,48.65600000000001,0.030102999665900007,0.0,0,-0.11,-0.22,-0.11
2014-02-16 13:37:00,46.05,0.030102999665900007,0.0,0,-0.11,-0.22,-0.11
2014-02-16 13:42:00,45.022,0.030102999665900007,0.0,0,-0.11,-0.22,-0.11
2014-02-16 13:47:00,48.754,0.030102999665900007,0.0,0,-0.11,-0.22,-0.11
2014-02-16 13:52:00,39.772,0.030102999665900007,0.0,0,-0.11,-0.22,-0.11
2014-02-16 13:57:00,54.918,0.030102999665900007,0.10000000149,0,-0.11,-0.22,-0.11
2014-02-16 14:02:00,45.961999999999996,0.030102999665900007,0.0,0,-0.11,-0.22,-0.11
2014-02-16 14:07:00,44.61600000000001,0.030102999665900007,0.0,0,-0.11,-0.22,-0.11
2014-02-16 14:12:00,48.756,0.030102999665900007,0.0,0,-0.11,-0.22,-0.11
2014-02-16 14:17:00,46.666000000000004,0.030102999665900007,0.0,0,-0.11,-0.22,-0.11
2014-02-16 14:22:00,43.652,0.030102999665900007,0.0,0,-0.11,-0.22,-0.11
2014-02-16 14:27:00,46.9,0.030102999665900007,0.0,0,-0.11,-0.22,-0.11
2014-02-16 14:32:00,39.718,0.030102999665900007,0.0,0,-0.11,-0.22,-0.11
2014-02-16 14:37:00,52.181999999999995,0.030102999665900007,0.0,0,-0.11,-0.22,-0.11
2014-02-16 14:42:00,45.47,0.030102999665900007,0.0,0,-0.11,-0.22,-0.11
2014-02-16 14:47:00,41.972,0.030102999665900007,0.0,0,-0.11,-0.22,-0.11
2014-02-16 14:52:00,46.972,0.030102999665900007,0.0,0,-0.11,-0.22,-0.11
2014-02-16 14:57:00,46.292,0.030102999665900007,0.0,0,-0.11,-0.22,-0.11
2014-02-16 15:02:00,42.71,0.030102999665900007,0.0,0,-0.11,-0.22,-0.11
2014-02-16 15:07:00,50.394,0.030102999665900007,0.0,0,-0.11,-0.22,-0.11
2014-02-16 15:12:00,40.47,0.030102999665900007,0.0,0,-0.11,-0.22,-0.11
2014-02-16 15:17:00,51.13399999999999,0.030102999665900007,0.0,0,-0.11,-0.22,-0.11
2014-02-16 15:22:00,44.812,0.030102999665900007,0.0,0,-0.11,-0.22,-0.11
2014-02-16 15:27:00,41.58,0.030102999665900007,0.0,0,-0.11,-0.22,-0.11
2014-02-16 15:32:00,50.093999999999994,0.030102999665900007,0.0,0,-0.11,-0.22,-0.11
2014-02-16 15:37:00,46.056000000000004,0.030102999665900007,0.0,0,-0.11,-0.22,-0.11
2014-02-16 15:42:00,43.452,0.030102999665900007,0.0,0,-0.11,-0.22,-0.11
2014-02-16 15:47:00,48.474,0.030102999665900007,0.0,0,-0.11,-0.22,-0.11
2014-02-16 15:52:00,40.634,0.030102999665900007,0.0250000003725,0,-0.11,-0.22,-0.11
2014-02-16 15:57:00,53.333999999999996,0.030102999665900007,0.0500000007451,0,-0.11,-0.22,-0.11
2014-02-16 16:02:00,46.032,0.030102999665900007,0.0,0,-0.11,-0.22,-0.11
2014-02-16 16:07:00,43.333999999999996,0.030102999665900007,0.0,0,-0.11,-0.22,-0.11
2014-02-16 16:12:00,49.448,0.030102999665900007,0.0250000003725,0,-0.11,-0.22,-0.11
2014-02-16 16:17:00,46.69,0.030102999665900007,0.0,0,-0.11,-0.22,-0.11
2014-02-16 16:22:00,44.39,0.030102999665900007,0.0,0,-0.11,-0.22,-0.11
2014-02-16 16:27:00,45.292,0.030102999665900007,0.0,0,-0.11,-0.22,-0.11
2014-02-16 16:32:00,40.282,0.030102999665900007,0.0250000003725,0,-0.11,-0.22,-0.11
2014-02-16 16:37:00,50.75,0.030102999665900007,0.0250000003725,0,-0.11,-0.22,-0.11
2014-02-16 16:42:00,48.122,0.030102999665900007,0.0,0,-0.11,-0.22,-0.11
2014-02-16 16:47:00,41.361999999999995,0.10133926617200001,0.0,0,-0.11,-0.22,-0.11
2014-02-16 16:52:00,50.988,0.0906213267703,0.0250000003725,0,-0.11,-0.22,-0.11
2014-02-16 16:57:00,46.31399999999999,0.0906213267703,0.0,0,-0.11,-0.22,-0.11
2014-02-16 17:02:00,43.192,0.10133926617200001,0.0,0,-0.11,-0.22,-0.11
2014-02-16 17:07:00,50.798,0.10133926617200001,0.0,0,-0.11,-0.22,-0.11
2014-02-16 17:12:00,45.858000000000004,0.10133926617200001,0.0,0,-0.11,-0.22,-0.11
2014-02-16 17:17:00,44.95399999999999,0.10133926617200001,0.0,0,-0.11,-0.22,-0.11
2014-02-16 17:22:00,46.408,0.112810386877,0.0,0,-0.11,-0.22,-0.11
2014-02-16 17:27:00,40.234,0.112810386877,0.0250000003725,0,-0.11,-0.22,-0.11
2014-02-16 17:32:00,52.51600000000001,0.112810386877,0.0,0,-0.11,-0.22,-0.11
2014-02-16 17:37:00,44.342,0.112810386877,0.0,0,-0.11,-0.22,-0.11
2014-02-16 17:42:00,42.958,0.12504656064,0.0,0,-0.11,-0.22,-0.11
2014-02-16 17:47:00,47.934,0.12504656064,0.0,0,-0.11,-0.22,-0.11
2014-02-16 17:52:00,45.986000000000004,0.12504656064,0.0,0,-0.11,-0.22,-0.11
2014-02-16 17:57:00,47.354,0.12504656064,0.0,0,-0.11,-0.22,-0.11
2014-02-16 18:02:00,48.216,0.12504656064,0.0,0,-0.11,-0.22,-0.11
2014-02-16 18:07:00,42.74,0.12504656064,0.0,0,-0.11,-0.22,-0.11
2014-02-16 18:12:00,51.096000000000004,0.12504656064,0.0,0,-0.11,-0.22,-0.11
2014-02-16 18:17:00,45.63399999999999,0.13805854586400002,0.0,0,-0.11,-0.22,-0.11
2014-02-16 18:22:00,42.23,0.13805854586400002,0.0,0,-0.11,-0.22,-0.11
2014-02-16 18:27:00,50.47,0.13805854586400002,0.0,0,-0.11,-0.22,-0.11
2014-02-16 18:32:00,44.04,0.13805854586400002,0.0,0,-0.11,-0.22,-0.11
2014-02-16 18:37:00,44.02,0.13805854586400002,0.0,0,-0.11,-0.22,-0.11
2014-02-16 18:42:00,48.004,0.13805854586400002,0.0,0,-0.11,-0.22,-0.11
2014-02-16 18:47:00,40.774,0.13805854586400002,0.0,0,-0.11,-0.22,-0.11
2014-02-16 18:52:00,52.0,0.13805854586400002,0.0,0,-0.11,-0.22,-0.11
2014-02-16 18:57:00,48.356,0.13805854586400002,0.0,0,-0.11,-0.22,-0.11
2014-02-16 19:02:00,41.01,0.13805854586400002,0.0,0,-0.11,-0.22,-0.11
2014-02-16 19:07:00,53.38,0.12504656064,0.0250000003725,0,-0.11,-0.22,-0.11
2014-02-16 19:12:00,44.132,0.12504656064,0.0,0,-0.11,-0.22,-0.11
2014-02-16 19:17:00,42.972,0.12504656064,0.0,0,-0.11,-0.22,-0.11
2014-02-16 19:22:00,47.88800000000001,0.12504656064,0.0,0,-0.11,-0.22,-0.11
2014-02-16 19:27:00,39.918,0.12504656064,0.0,0,-0.11,-0.22,-0.11
2014-02-16 19:32:00,50.868,0.12504656064,0.0,0,-0.11,-0.22,-0.11
2014-02-16 19:37:00,46.574,0.12504656064,0.0,0,-0.11,-0.22,-0.11
2014-02-16 19:42:00,41.46,0.12504656064,0.0,0,-0.11,-0.22,-0.11
2014-02-16 19:47:00,51.808,0.12504656064,0.0,0,-0.11,-0.22,-0.11
2014-02-16 19:52:00,44.24800000000001,0.12504656064,0.0,0,-0.11,-0.22,-0.11
2014-02-16 19:57:00,45.282,0.13805854586400002,0.0,0,-0.11,-0.22,-0.11
2014-02-16 20:02:00,49.483999999999995,0.13805854586400002,0.0,0,-0.11,-0.22,-0.11
2014-02-16 20:07:00,48.826,0.13805854586400002,0.0,0,-0.11,-0.22,-0.11
2014-02-16 20:12:00,43.461999999999996,0.13805854586400002,0.0,0,-0.11,-0.22,-0.11
2014-02-16 20:17:00,48.38,0.13805854586400002,0.0,0,-0.11,-0.22,-0.11
2014-02-16 20:22:00,45.821999999999996,0.13805854586400002,0.0,0,-0.11,-0.22,-0.11
2014-02-16 20:27:00,46.22,0.13805854586400002,0.0,0,-0.11,-0.22,-0.11
2014-02-16 20:32:00,47.31,0.13805854586400002,0.0,0,-0.11,-0.22,-0.11
2014-02-16 20:37:00,40.37,0.13805854586400002,0.0,0,-0.11,-0.22,-0.11
2014-02-16 20:42:00,50.163999999999994,0.13805854586400002,0.0,0,-0.11,-0.22,-0.11
2014-02-16 20:47:00,45.54,0.13805854586400002,0.0,0,-0.11,-0.22,-0.11
2014-02-16 20:52:00,42.276,0.13805854586400002,0.0,0,-0.11,-0.22,-0.11
2014-02-16 20:57:00,51.38800000000001,0.13805854586400002,0.0,0,-0.11,-0.22,-0.11
2014-02-16 21:02:00,46.808,0.13805854586400002,0.0,0,-0.11,-0.22,-0.11
2014-02-16 21:07:00,44.566,0.13805854586400002,0.0,0,-0.11,-0.22,-0.11
2014-02-16 21:12:00,48.17,0.13805854586400002,0.0,0,-0.11,-0.22,-0.11
2014-02-16 21:17:00,39.954,0.13805854586400002,0.0,0,-0.11,-0.22,-0.11
2014-02-16 21:22:00,50.61,0.13805854586400002,0.0,0,-0.11,-0.22,-0.11
2014-02-16 21:27:00,45.15600000000001,0.13805854586400002,0.0,0,-0.11,-0.22,-0.11
2014-02-16 21:32:00,41.501999999999995,0.13805854586400002,0.0,0,-0.11,-0.22,-0.11
2014-02-16 21:37:00,48.754,0.13805854586400002,0.0,0,-0.11,-0.22,-0.11
2014-02-16 21:42:00,45.188,0.13805854586400002,0.0,0,-0.11,-0.22,-0.11
2014-02-16 21:47:00,43.92,0.13805854586400002,0.0,0,-0.11,-0.22,-0.11
2014-02-16 21:52:00,47.254,0.13805854586400002,0.0,0,-0.11,-0.22,-0.11
2014-02-16 21:57:00,42.652,0.13805854586400002,0.0,0,-0.11,-0.22,-0.11
2014-02-16 22:02:00,50.302,0.13805854586400002,0.0,0,-0.11,-0.22,-0.11
2014-02-16 22:07:00,48.872,0.13805854586400002,0.0,0,-0.11,-0.22,-0.11
2014-02-16 22:12:00,40.27,0.13805854586400002,0.0,0,-0.11,-0.22,-0.11
2014-02-16 22:17:00,51.76,0.13805854586400002,0.0,0,-0.11,-0.22,-0.11
2014-02-16 22:22:00,44.413999999999994,0.13805854586400002,0.0,0,-0.11,-0.22,-0.11
2014-02-16 22:27:00,44.092,0.13805854586400002,0.0,0,-0.11,-0.22,-0.11
2014-02-16 22:32:00,49.218,0.13805854586400002,0.0,0,-0.11,-0.22,-0.11
2014-02-16 22:37:00,39.694,0.13805854586400002,0.0,0,-0.11,-0.22,-0.11
2014-02-16 22:42:00,51.104,0.13805854586400002,0.0,0,-0.11,-0.22,-0.11
2014-02-16 22:47:00,45.98,0.13805854586400002,0.0,0,-0.11,-0.22,-0.11
2014-02-16 22:52:00,42.332,0.13805854586400002,0.0,0,-0.11,-0.22,-0.11
2014-02-16 22:57:00,52.91,0.13805854586400002,0.0,0,-0.11,-0.22,-0.11
2014-02-16 23:02:00,43.968,0.13805854586400002,0.0,0,-0.11,-0.22,-0.11
2014-02-16 23:07:00,45.14,0.13805854586400002,0.0,0,-0.11,-0.22,-0.11
2014-02-16 23:12:00,48.51600000000001,0.13805854586400002,0.0,0,-0.11,-0.22,-0.11
2014-02-16 23:17:00,45.826,0.13805854586400002,0.0,0,-0.11,-0.22,-0.11
2014-02-16 23:22:00,45.158,0.13805854586400002,0.0,0,-0.11,-0.22,-0.11
2014-02-16 23:27:00,48.012,0.13805854586400002,0.0,0,-0.11,-0.22,-0.11
2014-02-16 23:32:00,39.86,0.13805854586400002,0.0,0,-0.11,-0.22,-0.11
2014-02-16 23:37:00,51.67,0.13805854586400002,0.0,0,-0.11,-0.22,-0.11
2014-02-16 23:42:00,46.443999999999996,0.13805854586400002,0.0,0,-0.11,-0.22,-0.11
2014-02-16 23:47:00,43.678000000000004,0.13805854586400002,0.0,0,-0.11,-0.22,-0.11
2014-02-16 23:52:00,49.622,0.13805854586400002,0.0,0,-0.11,-0.22,-0.11
2014-02-16 23:57:00,47.652,0.13805854586400002,0.0,0,-0.11,-0.22,-0.11
2014-02-17 00:02:00,44.062,0.13805854586400002,0.0,0,-0.11,-0.22,-0.11
2014-02-17 00:07:00,50.54,0.13805854586400002,0.0,0,-0.11,-0.22,-0.11
2014-02-17 00:12:00,41.31,0.13805854586400002,0.0,0,-0.11,-0.22,-0.11
2014-02-17 00:17:00,51.448,0.13805854586400002,0.0,0,-0.11,-0.22,-0.11
2014-02-17 00:22:00,46.066,0.13805854586400002,0.0,0,-0.11,-0.22,-0.11
2014-02-17 00:27:00,41.56399999999999,0.13805854586400002,0.0,0,-0.11,-0.22,-0.11
2014-02-17 00:32:00,51.386,0.13805854586400002,0.0,0,-0.11,-0.22,-0.11
2014-02-17 00:37:00,44.668,0.13805854586400002,0.0,0,-0.11,-0.22,-0.11
2014-02-17 00:42:00,43.662,0.13805854586400002,0.0,0,-0.11,-0.22,-0.11
2014-02-17 00:47:00,49.272,0.12504656064,0.0250000003725,0,-0.11,-0.22,-0.11
2014-02-17 00:52:00,45.023999999999994,0.12504656064,0.0,0,-0.11,-0.22,-0.11
2014-02-17 00:57:00,45.821999999999996,0.12504656064,0.0,0,-0.11,-0.22,-0.11
2014-02-17 01:02:00,47.05,0.12504656064,0.0,0,-0.11,-0.22,-0.11
2014-02-17 01:07:00,41.708,0.12504656064,0.0,0,-0.11,-0.22,-0.11
2014-02-17 01:12:00,51.996,0.12504656064,0.0,0,-0.11,-0.22,-0.11
2014-02-17 01:17:00,45.961999999999996,0.12504656064,0.0,0,-0.11,-0.22,-0.11
2014-02-17 01:22:00,42.464,0.12504656064,0.0,0,-0.11,-0.22,-0.11
2014-02-17 01:27:00,48.352,0.12504656064,0.0,0,-0.11,-0.22,-0.11
2014-02-17 01:32:00,46.193999999999996,0.12504656064,0.0,0,-0.11,-0.22,-0.11
2014-02-17 01:37:00,45.282,0.13805854586400002,0.0,0,-0.11,-0.22,-0.11
2014-02-17 01:42:00,46.174,0.13805854586400002,0.0,0,-0.11,-0.22,-0.11
2014-02-17 01:47:00,39.95,0.13805854586400002,0.0,0,-0.11,-0.22,-0.11
2014-02-17 01:52:00,52.38399999999999,0.13805854586400002,0.0,0,-0.11,-0.22,-0.11
2014-02-17 01:57:00,46.778,0.13805854586400002,0.0,0,-0.11,-0.22,-0.11
2014-02-17 02:02:00,43.78,0.13805854586400002,0.0,0,-0.11,-0.22,-0.11
2014-02-17 02:07:00,49.812,0.13805854586400002,0.0,0,-0.11,-0.22,-0.11
2014-02-17 02:12:00,46.22,0.13805854586400002,0.0,0,-0.11,-0.22,-0.11
2014-02-17 02:17:00,46.431999999999995,0.13805854586400002,0.0,0,-0.11,-0.22,-0.11
2014-02-17 02:22:00,47.23,0.13805854586400002,0.0,0,-0.11,-0.22,-0.11
2014-02-17 02:27:00,40.54,0.13805854586400002,0.0,0,-0.11,-0.22,-0.11
2014-02-17 02:32:00,52.582,0.13805854586400002,0.0,0,-0.11,-0.22,-0.11
2014-02-17 02:37:00,45.258,0.13805854586400002,0.0,0,-0.11,-0.22,-0.11
2014-02-17 02:42:00,42.65,0.13805854586400002,0.0,0,-0.11,-0.22,-0.11
2014-02-17 02:47:00,49.93,0.13805854586400002,0.0,0,-0.11,-0.22,-0.11
2014-02-17 02:52:00,39.648,0.12504656064,0.0250000003725,0,-0.11,-0.22,-0.11
2014-02-17 02:57:00,53.803999999999995,0.12504656064,0.0,0,-0.11,-0.22,-0.11
2014-02-17 03:02:00,46.62,0.12504656064,0.0,0,-0.11,-0.22,-0.11
2014-02-17 03:07:00,43.486000000000004,0.12504656064,0.0,0,-0.11,-0.22,-0.11
2014-02-17 03:12:00,52.88800000000001,0.12504656064,0.0,0,-0.11,-0.22,-0.11
2014-02-17 03:17:00,43.85,0.12504656064,0.0,0,-0.11,-0.22,-0.11
2014-02-17 03:22:00,43.51,0.12504656064,0.0,0,-0.11,-0.22,-0.11
2014-02-17 03:27:00,48.372,0.12504656064,0.0,0,-0.11,-0.22,-0.11
2014-02-17 03:32:00,40.352,0.12504656064,0.0,0,-0.11,-0.22,-0.11
2014-02-17 03:37:00,51.13800000000001,0.12504656064,0.0,0,-0.11,-0.22,-0.11
2014-02-17 03:42:00,45.07,0.13805854586400002,0.0,0,-0.11,-0.22,-0.11
2014-02-17 03:47:00,42.668,0.13805854586400002,0.0,0,-0.11,-0.22,-0.11
2014-02-17 03:52:00,50.868,0.13805854586400002,0.0,0,-0.11,-0.22,-0.11
2014-02-17 03:57:00,48.58600000000001,0.13805854586400002,0.0,0,-0.11,-0.22,-0.11
2014-02-17 04:02:00,44.062,0.13805854586400002,0.0,0,-0.11,-0.22,-0.11
2014-02-17 04:07:00,49.372,0.13805854586400002,0.0,0,-0.11,-0.22,-0.11
2014-02-17 04:12:00,40.132,0.13805854586400002,0.0,0,-0.11,-0.22,-0.11
2014-02-17 04:17:00,52.982,0.13805854586400002,0.0,0,-0.11,-0.22,-0.11
2014-02-17 04:22:00,47.006,0.13805854586400002,0.0,0,-0.11,-0.22,-0.11
2014-02-17 04:27:00,43.544,0.13805854586400002,0.0,0,-0.11,-0.22,-0.11
2014-02-17 04:32:00,49.39,0.13805854586400002,0.0,0,-0.11,-0.22,-0.11
2014-02-17 04:37:00,48.708,0.13805854586400002,0.0,0,-0.11,-0.22,-0.11
2014-02-17 04:42:00,43.756,0.13805854586400002,0.0,0,-0.11,-0.22,-0.11
2014-02-17 04:47:00,47.84,0.13805854586400002,0.0,0,-0.11,-0.22,-0.11
2014-02-17 04:52:00,40.846,0.13805854586400002,0.0,0,-0.11,-0.22,-0.11
2014-02-17 04:57:00,53.17,0.12504656064,0.0250000003725,0,-0.11,-0.22,-0.11
2014-02-17 05:02:00,46.894,0.12504656064,0.0,0,-0.11,-0.22,-0.11
2014-02-17 05:07:00,43.82,0.12504656064,0.0,0,-0.11,-0.22,-0.11
2014-02-17 05:12:00,49.872,0.12504656064,0.0,0,-0.11,-0.22,-0.11
2014-02-17 05:17:00,45.07,0.12504656064,0.0,0,-0.11,-0.22,-0.11
2014-02-17 05:22:00,44.468,0.12504656064,0.0,0,-0.11,-0.22,-0.11
2014-02-17 05:27:00,47.136,0.12504656064,0.0,0,-0.11,-0.22,-0.11
2014-02-17 05:32:00,40.961999999999996,0.12504656064,0.0,0,-0.11,-0.22,-0.11
2014-02-17 05:37:00,52.99,0.12504656064,0.0,0,-0.11,-0.22,-0.11
2014-02-17 05:42:00,44.788000000000004,0.12504656064,0.0,0,-0.11,-0.22,-0.11
2014-02-17 05:47:00,42.442,0.13805854586400002,0.0,0,-0.11,-0.22,-0.11
2014-02-17 05:52:00,50.07,0.13805854586400002,0.0,0,-0.11,-0.22,-0.11
2014-02-17 05:57:00,47.663999999999994,0.13805854586400002,0.0,0,-0.11,-0.22,-0.11
2014-02-17 06:02:00,44.413999999999994,0.13805854586400002,0.0,0,-0.11,-0.22,-0.11
2014-02-17 06:07:00,49.214,0.13805854586400002,0.0,0,-0.11,-0.22,-0.11
2014-02-17 06:12:00,39.958,0.13805854586400002,0.0,0,-0.11,-0.22,-0.11
2014-02-17 06:17:00,51.482,0.13805854586400002,0.0,0,-0.11,-0.22,-0.11
2014-02-17 06:22:00,46.431999999999995,0.13805854586400002,0.0,0,-0.11,-0.22,-0.11
2014-02-17 06:27:00,43.662,0.13805854586400002,0.0,0,-0.11,-0.22,-0.11
2014-02-17 06:32:00,47.768,0.13805854586400002,0.0,0,-0.11,-0.22,-0.11
2014-02-17 06:37:00,46.174,0.13805854586400002,0.0,0,-0.11,-0.22,-0.11
2014-02-17 06:42:00,45.188,0.13805854586400002,0.0,0,-0.11,-0.22,-0.11
2014-02-17 06:47:00,47.413999999999994,0.13805854586400002,0.0,0,-0.11,-0.22,-0.11
2014-02-17 06:52:00,40.842,0.13805854586400002,0.0,0,-0.11,-0.22,-0.11
2014-02-17 06:57:00,54.0,0.13805854586400002,0.0,0,-0.11,-0.22,-0.11
2014-02-17 07:02:00,44.83600000000001,0.13805854586400002,0.0,0,-0.11,-0.22,-0.11
2014-02-17 07:07:00,44.038000000000004,0.13805854586400002,0.0,0,-0.11,-0.22,-0.11
2014-02-17 07:12:00,48.356,0.13805854586400002,0.0,0,-0.11,-0.22,-0.11
2014-02-17 07:17:00,39.882,0.12504656064,0.0250000003725,0,-0.11,-0.22,-0.11
2014-02-17 07:22:00,50.492,0.12504656064,0.0,0,-0.11,-0.22,-0.11
2014-02-17 07:27:00,45.258,0.12504656064,0.0,0,-0.11,-0.22,-0.11
2014-02-17 07:32:00,42.23,0.12504656064,0.0,0,-0.11,-0.22,-0.11
2014-02-17 07:37:00,50.896,0.12504656064,0.0,0,-0.11,-0.22,-0.11
2014-02-17 07:42:00,44.711999999999996,0.12504656064,0.0,0,-0.11,-0.22,-0.11
2014-02-17 07:47:00,43.24,0.12504656064,0.0,0,-0.11,-0.22,-0.11
2014-02-17 07:52:00,48.452,0.12504656064,0.0,0,-0.11,-0.22,-0.11
2014-02-17 07:57:00,44.09,0.12504656064,0.0,0,-0.11,-0.22,-0.11
2014-02-17 08:02:00,50.56399999999999,0.12504656064,0.0,0,-0.11,-0.22,-0.11
2014-02-17 08:07:00,48.428000000000004,0.13805854586400002,0.0,0,-0.11,-0.22,-0.11
2014-02-17 08:12:00,40.094,0.12504656064,0.0250000003725,0,-0.11,-0.22,-0.11
2014-02-17 08:17:00,52.59,0.12504656064,0.0,0,-0.11,-0.22,-0.11
2014-02-17 08:22:00,44.53,0.12504656064,0.0,0,-0.11,-0.22,-0.11
2014-02-17 08:27:00,43.592,0.12504656064,0.0,0,-0.11,-0.22,-0.11
2014-02-17 08:32:00,48.856,0.12504656064,0.0,0,-0.11,-0.22,-0.11
2014-02-17 08:37:00,41.001999999999995,0.112810386877,0.0250000003725,0,-0.11,-0.22,-0.11
2014-02-17 08:42:00,50.938,0.112810386877,0.0,0,-0.11,-0.22,-0.11
2014-02-17 08:47:00,46.69,0.112810386877,0.0,0,-0.11,-0.22,-0.11
2014-02-17 08:52:00,41.198,0.10133926617200001,0.0250000003725,0,-0.11,-0.22,-0.11
2014-02-17 08:57:00,52.91,0.10133926617200001,0.0,0,-0.11,-0.22,-0.11
2014-02-17 09:02:00,46.784,0.112810386877,0.0,0,-0.11,-0.22,-0.11
2014-02-17 09:07:00,45.163999999999994,0.112810386877,0.0,0,-0.11,-0.22,-0.11
2014-02-17 09:12:00,48.428000000000004,0.112810386877,0.0,0,-0.11,-0.22,-0.11
2014-02-17 09:17:00,46.38399999999999,0.112810386877,0.0,0,-0.11,-0.22,-0.11
2014-02-17 09:22:00,44.153999999999996,0.112810386877,0.0,0,-0.11,-0.22,-0.11
2014-02-17 09:27:00,46.478,0.12504656064,0.0,0,-0.11,-0.22,-0.11
2014-02-17 09:32:00,40.3,0.112810386877,0.0250000003725,0,-0.11,-0.22,-0.11
2014-02-17 09:37:00,51.69,0.112810386877,0.0,0,-0.11,-0.22,-0.11
2014-02-17 09:42:00,44.918,0.12504656064,0.0,0,-0.11,-0.22,-0.11
2014-02-17 09:47:00,42.782,0.12504656064,0.0,0,-0.11,-0.22,-0.11
2014-02-17 09:52:00,48.756,0.12504656064,0.0,0,-0.11,-0.22,-0.11
2014-02-17 09:57:00,48.251999999999995,0.12504656064,0.0,0,-0.11,-0.22,-0.11
2014-02-17 10:02:00,43.583999999999996,0.12504656064,0.0,0,-0.11,-0.22,-0.11
2014-02-17 10:07:00,49.812,0.12504656064,0.0,0,-0.11,-0.22,-0.11
2014-02-17 10:12:00,40.208,0.112810386877,0.0250000003725,0,-0.11,-0.22,-0.11
2014-02-17 10:17:00,51.688,0.10133926617200001,0.0250000003725,0,-0.11,-0.22,-0.11
2014-02-17 10:22:00,44.87600000000001,0.112810386877,0.0,0,-0.11,-0.22,-0.11
2014-02-17 10:27:00,42.7,0.112810386877,0.0,0,-0.11,-0.22,-0.11
2014-02-17 10:32:00,49.174,0.112810386877,0.0,0,-0.11,-0.22,-0.11
2014-02-17 10:37:00,46.924,0.112810386877,0.0,0,-0.11,-0.22,-0.11
2014-02-17 10:42:00,45.37600000000001,0.112810386877,0.0,0,-0.11,-0.22,-0.11
2014-02-17 10:47:00,46.854,0.112810386877,0.0,0,-0.11,-0.22,-0.11
2014-02-17 10:52:00,40.751999999999995,0.112810386877,0.0,0,-0.11,-0.22,-0.11
2014-02-17 10:57:00,54.6,0.0806434663974,0.0750000029802,0,-0.11,-0.22,-0.11
2014-02-17 11:02:00,43.873999999999995,0.09062132599950001,0.0,0,-0.11,-0.22,-0.11
2014-02-17 11:07:00,44.93,0.101339265346,0.0,0,-0.11,-0.22,-0.11
2014-02-17 11:12:00,48.708,0.101339265346,0.0,0,-0.11,-0.22,-0.11
2014-02-17 11:17:00,45.268,0.101339265346,0.0,0,-0.11,-0.22,-0.11
2014-02-17 11:22:00,42.948,0.101339265346,0.0,0,-0.11,-0.22,-0.11
2014-02-17 11:27:00,47.736000000000004,0.101339265346,0.0,0,-0.11,-0.22,-0.11
2014-02-17 11:32:00,46.55,0.101339265346,0.0,0,-0.11,-0.22,-0.11
2014-02-17 11:37:00,45.492,0.101339265346,0.0,0,-0.11,-0.22,-0.11
2014-02-17 11:42:00,47.84,0.101339265346,0.0,0,-0.11,-0.22,-0.11
2014-02-17 11:47:00,39.882,0.13805854586400002,0.0,0,-0.11,-0.22,-0.11
2014-02-17 11:52:00,51.104,0.13805854586400002,0.0,0,-0.11,-0.22,-0.11
2014-02-17 11:57:00,45.64,0.13805854586400002,0.0,0,-0.11,-0.22,-0.11
2014-02-17 12:02:00,42.833999999999996,0.13805854586400002,0.0,0,-0.11,-0.22,-0.11
2014-02-17 12:07:00,50.763999999999996,0.13805854586400002,0.0,0,-0.11,-0.22,-0.11
2014-02-17 12:12:00,46.518,0.13805854586400002,0.0,0,-0.11,-0.22,-0.11
2014-02-17 12:17:00,44.644,0.13805854586400002,0.0,0,-0.11,-0.22,-0.11
2014-02-17 12:22:00,48.326,0.13805854586400002,0.0,0,-0.11,-0.22,-0.11
2014-02-17 12:27:00,40.316,0.13805854586400002,0.0,0,-0.11,-0.22,-0.11
2014-02-17 12:32:00,51.466,0.13805854586400002,0.0,0,-0.11,-0.22,-0.11
2014-02-17 12:37:00,45.558,0.13805854586400002,0.0,0,-0.11,-0.22,-0.11
2014-02-17 12:42:00,42.76,0.13805854586400002,0.0,0,-0.11,-0.22,-0.11
2014-02-17 12:47:00,49.648,0.13805854586400002,0.0,0,-0.11,-0.22,-0.11
2014-02-17 12:52:00,45.916000000000004,0.13805854586400002,0.0,0,-0.11,-0.22,-0.11
2014-02-17 12:57:00,46.854,0.13805854586400002,0.0,0,-0.11,-0.22,-0.11
2014-02-17 13:02:00,46.571999999999996,0.13805854586400002,0.0,0,-0.11,-0.22,-0.11
2014-02-17 13:07:00,42.652,0.13805854586400002,0.0,0,-0.11,-0.22,-0.11
2014-02-17 13:12:00,52.536,0.12504656064,0.0250000003725,0,-0.11,-0.22,-0.11
2014-02-17 13:17:00,44.251999999999995,0.12504656064,0.0,0,-0.11,-0.22,-0.11
2014-02-17 13:22:00,42.184,0.12504656064,0.0,0,-0.11,-0.22,-0.11
2014-02-17 13:27:00,48.098,0.12504656064,0.0,0,-0.11,-0.22,-0.11
2014-02-17 13:32:00,45.38,0.12504656064,0.0,0,-0.11,-0.22,-0.11
2014-02-17 13:37:00,44.578,0.12504656064,0.0,0,-0.11,-0.22,-0.11
2014-02-17 13:42:00,46.826,0.12504656064,0.0,0,-0.11,-0.22,-0.11
2014-02-17 13:47:00,39.672,0.112810386877,0.0250000003725,0,-0.11,-0.22,-0.11
2014-02-17 13:52:00,51.69,0.112810386877,0.0,0,-0.11,-0.22,-0.11
2014-02-17 13:57:00,46.83,0.112810386877,0.0,0,-0.11,-0.22,-0.11
2014-02-17 14:02:00,43.098,0.12504656064,0.0,0,-0.11,-0.22,-0.11
2014-02-17 14:07:00,49.882,0.12504656064,0.0,0,-0.11,-0.22,-0.11
2014-02-17 14:12:00,39.836,0.112810386877,0.0250000003725,0,-0.11,-0.22,-0.11
2014-02-17 14:17:00,51.198,0.112810386877,0.0,0,-0.11,-0.22,-0.11
2014-02-17 14:22:00,46.08,0.112810386877,0.0,0,-0.11,-0.22,-0.11
2014-02-17 14:27:00,41.808,0.112810386877,0.0,0,-0.11,-0.22,-0.11
2014-02-17 14:32:00,49.43600000000001,0.112810386877,0.0,0,-0.11,-0.22,-0.11
2014-02-17 14:37:00,46.644,0.12504656064,0.0,0,-0.11,-0.22,-0.11
2014-02-17 14:42:00,42.7,0.12504656064,0.0,0,-0.11,-0.22,-0.11
2014-02-17 14:47:00,49.16,0.12504656064,0.0,0,-0.11,-0.22,-0.11
2014-02-17 14:52:00,39.766,0.12504656064,0.0,0,-0.11,-0.22,-0.11
2014-02-17 14:57:00,53.49800000000001,0.10133926617200001,0.0500000007451,0,-0.11,-0.22,-0.11
2014-02-17 15:02:00,45.778,0.112810386877,0.0,0,-0.11,-0.22,-0.11
2014-02-17 15:07:00,43.816,0.112810386877,0.0,0,-0.11,-0.22,-0.11
2014-02-17 15:12:00,52.282,0.10133926617200001,0.0250000003725,0,-0.11,-0.22,-0.11
2014-02-17 15:17:00,44.056000000000004,0.10133926617200001,0.0,0,-0.11,-0.22,-0.11
2014-02-17 15:22:00,43.08600000000001,0.10133926617200001,0.0,0,-0.11,-0.22,-0.11
2014-02-17 15:27:00,47.674,0.10133926617200001,0.0,0,-0.11,-0.22,-0.11
2014-02-17 15:32:00,40.408,0.10133926617200001,0.0,0,-0.11,-0.22,-0.11
2014-02-17 15:37:00,51.69,0.0906213267703,0.0250000003725,0,-0.11,-0.22,-0.11
2014-02-17 15:42:00,44.976000000000006,0.0906213267703,0.0,0,-0.11,-0.22,-0.11
2014-02-17 15:47:00,42.306000000000004,0.112810386877,0.0,0,-0.11,-0.22,-0.11
2014-02-17 15:52:00,51.943999999999996,0.10133926617200001,0.0250000003725,0,-0.11,-0.22,-0.11
2014-02-17 15:57:00,46.978,0.10133926617200001,0.0,0,-0.11,-0.22,-0.11
2014-02-17 16:02:00,43.544,0.112810386877,0.0,0,-0.11,-0.22,-0.11
2014-02-17 16:07:00,51.854,0.10133926617200001,0.0250000003725,0,-0.11,-0.22,-0.11
2014-02-17 16:12:00,47.21,0.10133926617200001,0.0,0,-0.11,-0.22,-0.11
2014-02-17 16:17:00,45.61,0.10133926617200001,0.0,0,-0.11,-0.22,-0.11
2014-02-17 16:22:00,46.501999999999995,0.10133926617200001,0.0,0,-0.11,-0.22,-0.11
2014-02-17 16:27:00,41.361999999999995,0.112810386877,0.0,0,-0.11,-0.22,-0.11
2014-02-17 16:32:00,50.88,0.10133926617200001,0.0250000003725,0,-0.11,-0.22,-0.11
2014-02-17 16:37:00,45.63800000000001,0.10133926617200001,0.0,0,-0.11,-0.22,-0.11
2014-02-17 16:42:00,43.732,0.112810386877,0.0,0,-0.11,-0.22,-0.11
2014-02-17 16:47:00,47.773999999999994,0.112810386877,0.0,0,-0.11,-0.22,-0.11
2014-02-17 16:52:00,40.376,0.112810386877,0.0,0,-0.11,-0.22,-0.11
2014-02-17 16:57:00,54.083999999999996,0.08064346711360001,0.10000000149,0,-0.11,-0.22,-0.11
2014-02-17 17:02:00,46.108000000000004,0.08064346711360001,0.0,0,-0.11,-0.22,-0.11
2014-02-17 17:07:00,43.028,0.08064346711360001,0.0,0,-0.11,-0.22,-0.11
2014-02-17 17:12:00,52.934,0.0628486823466,0.0500000007451,0,-0.11,-0.22,-0.11
2014-02-17 17:17:00,43.882,0.0628486823466,0.0,0,-0.11,-0.22,-0.11
2014-02-17 17:22:00,44.162,0.07139123191130001,0.0,0,-0.11,-0.22,-0.11
2014-02-17 17:27:00,50.492,0.07139123191130001,0.0,0,-0.11,-0.22,-0.11
2014-02-17 17:32:00,39.86,0.0628486823466,0.0250000003725,0,-0.11,-0.22,-0.11
2014-02-17 17:37:00,54.536,0.035397247993199994,0.10000000149,0,-0.11,-0.22,-0.11
2014-02-17 17:42:00,46.056000000000004,0.035397247993199994,0.0,0,-0.11,-0.22,-0.11
2014-02-17 17:47:00,43.122,0.0628486823466,0.0,0,-0.11,-0.22,-0.11
2014-02-17 17:52:00,49.108000000000004,0.0628486823466,0.0,0,-0.11,-0.22,-0.11
2014-02-17 17:57:00,48.56800000000001,0.0628486823466,0.0,0,-0.11,-0.22,-0.11
2014-02-17 18:02:00,43.35,0.08064346711360001,0.0,0,-0.11,-0.22,-0.11
2014-02-17 18:07:00,51.864,0.08064346711360001,0.0,0,-0.11,-0.22,-0.11
2014-02-17 18:12:00,40.122,0.07139123191130001,0.0250000003725,0,-0.11,-0.22,-0.11
2014-02-17 18:17:00,51.69,0.07139123191130001,0.0,0,-0.11,-0.22,-0.11
2014-02-17 18:22:00,46.174,0.08064346711360001,0.0,0,-0.11,-0.22,-0.11
2014-02-17 18:27:00,42.84,0.12504656064,0.0,0,-0.11,-0.22,-0.11
2014-02-17 18:32:00,50.426,0.12504656064,0.0,0,-0.11,-0.22,-0.11
2014-02-17 18:37:00,45.70399999999999,0.12504656064,0.0,0,-0.11,-0.22,-0.11
2014-02-17 18:42:00,44.108000000000004,0.12504656064,0.0,0,-0.11,-0.22,-0.11
2014-02-17 18:47:00,47.676,0.12504656064,0.0,0,-0.11,-0.22,-0.11
2014-02-17 18:52:00,40.178000000000004,0.112810386877,0.0250000003725,0,-0.11,-0.22,-0.11
2014-02-17 18:57:00,56.408,0.035397250076199996,0.22499999403999998,0,-0.11,-0.22,-0.11
2014-02-17 19:02:00,45.118,0.0412947233321,0.0,0,-0.11,-0.22,-0.11
2014-02-17 19:07:00,45.174,0.0412947233321,0.0,0,-0.11,-0.22,-0.11
2014-02-17 19:12:00,49.272,0.0412947233321,0.0,0,-0.11,-0.22,-0.11
2014-02-17 19:17:00,45.58600000000001,0.0412947233321,0.0,0,-0.11,-0.22,-0.11
2014-02-17 19:22:00,45.692,0.0412947233321,0.0,0,-0.11,-0.22,-0.11
2014-02-17 19:27:00,47.35,0.0412947233321,0.0,0,-0.11,-0.22,-0.11
2014-02-17 19:32:00,40.188,0.0412947233321,0.0,0,-0.11,-0.22,-0.11
2014-02-17 19:37:00,53.63399999999999,0.035397250076199996,0.0250000003725,0,-0.11,-0.22,-0.11
2014-02-17 19:42:00,45.211999999999996,0.0412947233321,0.0,0,-0.11,-0.22,-0.11
2014-02-17 19:47:00,43.31,0.12504656064,0.0,0,-0.11,-0.22,-0.11
2014-02-17 19:52:00,49.083999999999996,0.12504656064,0.0,0,-0.11,-0.22,-0.11
2014-02-17 19:57:00,47.382,0.12504656064,0.0,0,-0.11,-0.22,-0.11
2014-02-17 20:02:00,44.108000000000004,0.12504656064,0.0,0,-0.11,-0.22,-0.11
2014-02-17 20:07:00,49.202,0.12504656064,0.0,0,-0.11,-0.22,-0.11
2014-02-17 20:12:00,39.812,0.12504656064,0.0,0,-0.11,-0.22,-0.11
2014-02-17 20:17:00,51.44600000000001,0.12504656064,0.0,0,-0.11,-0.22,-0.11
2014-02-17 20:22:00,45.68,0.12504656064,0.0,0,-0.11,-0.22,-0.11
2014-02-17 20:27:00,44.13,0.13805854586400002,0.0,0,-0.11,-0.22,-0.11
2014-02-17 20:32:00,48.663999999999994,0.13805854586400002,0.0,0,-0.11,-0.22,-0.11
2014-02-17 20:37:00,40.34,0.13805854586400002,0.0,0,-0.11,-0.22,-0.11
2014-02-17 20:42:00,51.31399999999999,0.13805854586400002,0.0,0,-0.11,-0.22,-0.11
2014-02-17 20:47:00,46.01,0.13805854586400002,0.0,0,-0.11,-0.22,-0.11
2014-02-17 20:52:00,42.276,0.13805854586400002,0.0,0,-0.11,-0.22,-0.11
2014-02-17 20:57:00,51.83,0.13805854586400002,0.0,0,-0.11,-0.22,-0.11
2014-02-17 21:02:00,46.902,0.13805854586400002,0.0,0,-0.11,-0.22,-0.11
2014-02-17 21:07:00,46.431999999999995,0.13805854586400002,0.0,0,-0.11,-0.22,-0.11
2014-02-17 21:12:00,47.54,0.13805854586400002,0.0,0,-0.11,-0.22,-0.11
2014-02-17 21:17:00,40.582,0.13805854586400002,0.0,0,-0.11,-0.22,-0.11
2014-02-17 21:22:00,52.676,0.13805854586400002,0.0,0,-0.11,-0.22,-0.11
2014-02-17 21:27:00,45.494,0.13805854586400002,0.0,0,-0.11,-0.22,-0.11
2014-02-17 21:32:00,43.61600000000001,0.13805854586400002,0.0,0,-0.11,-0.22,-0.11
2014-02-17 21:37:00,50.328,0.13805854586400002,0.0,0,-0.11,-0.22,-0.11
2014-02-17 21:42:00,46.501999999999995,0.13805854586400002,0.0,0,-0.11,-0.22,-0.11
2014-02-17 21:47:00,43.732,0.13805854586400002,0.0,0,-0.11,-0.22,-0.11
2014-02-17 21:52:00,48.63800000000001,0.13805854586400002,0.0,0,-0.11,-0.22,-0.11
2014-02-17 21:57:00,48.31,0.13805854586400002,0.0,0,-0.11,-0.22,-0.11
2014-02-17 22:02:00,45.422,0.13805854586400002,0.0,0,-0.11,-0.22,-0.11
2014-02-17 22:07:00,49.36600000000001,0.13805854586400002,0.0,0,-0.11,-0.22,-0.11
2014-02-17 22:12:00,40.37,0.13805854586400002,0.0,0,-0.11,-0.22,-0.11
2014-02-17 22:17:00,52.474,0.13805854586400002,0.0,0,-0.11,-0.22,-0.11
2014-02-17 22:22:00,44.668,0.13805854586400002,0.0,0,-0.11,-0.22,-0.11
2014-02-17 22:27:00,43.098,0.13805854586400002,0.0,0,-0.11,-0.22,-0.11
2014-02-17 22:32:00,48.896,0.13805854586400002,0.0,0,-0.11,-0.22,-0.11
2014-02-17 22:37:00,40.492,0.13805854586400002,0.0,0,-0.11,-0.22,-0.11
2014-02-17 22:42:00,51.408,0.13805854586400002,0.0,0,-0.11,-0.22,-0.11
2014-02-17 22:47:00,45.37600000000001,0.13805854586400002,0.0,0,-0.11,-0.22,-0.11
2014-02-17 22:52:00,45.082,0.13805854586400002,0.0,0,-0.11,-0.22,-0.11
2014-02-17 22:57:00,50.69,0.13805854586400002,0.0,0,-0.11,-0.22,-0.11
2014-02-17 23:02:00,46.666000000000004,0.13805854586400002,0.0,0,-0.11,-0.22,-0.11
2014-02-17 23:07:00,48.216,0.13805854586400002,0.0,0,-0.11,-0.22,-0.11
2014-02-17 23:12:00,45.986000000000004,0.13805854586400002,0.0,0,-0.11,-0.22,-0.11
2014-02-17 23:17:00,41.29600000000001,0.13805854586400002,0.0,0,-0.11,-0.22,-0.11
2014-02-17 23:22:00,53.78,0.13805854586400002,0.0,0,-0.11,-0.22,-0.11
2014-02-17 23:27:00,45.798,0.13805854586400002,0.0,0,-0.11,-0.22,-0.11
2014-02-17 23:32:00,42.536,0.13805854586400002,0.0,0,-0.11,-0.22,-0.11
2014-02-17 23:37:00,49.038000000000004,0.13805854586400002,0.0,0,-0.11,-0.22,-0.11
2014-02-17 23:42:00,45.868,0.13805854586400002,0.0,0,-0.11,-0.22,-0.11
2014-02-17 23:47:00,43.92,0.13805854586400002,0.0,0,-0.11,-0.22,-0.11
2014-02-17 23:52:00,46.578,0.13805854586400002,0.0,0,-0.11,-0.22,-0.11
2014-02-17 23:57:00,42.14,0.13805854586400002,0.0,0,-0.11,-0.22,-0.11
2014-02-18 00:02:00,54.083999999999996,0.13805854586400002,0.0,0,-0.11,-0.22,-0.11
2014-02-18 00:07:00,46.596000000000004,0.13805854586400002,0.0,0,-0.11,-0.22,-0.11
2014-02-18 00:12:00,43.226000000000006,0.13805854586400002,0.0,0,-0.11,-0.22,-0.11
2014-02-18 00:17:00,48.798,0.13805854586400002,0.0,0,-0.11,-0.22,-0.11
2014-02-18 00:22:00,46.588,0.13805854586400002,0.0,0,-0.11,-0.22,-0.11
2014-02-18 00:27:00,44.22,0.13805854586400002,0.0,0,-0.11,-0.22,-0.11
2014-02-18 00:32:00,47.762,0.13805854586400002,0.0,0,-0.11,-0.22,-0.11
2014-02-18 00:37:00,40.446,0.13805854586400002,0.0,0,-0.11,-0.22,-0.11
2014-02-18 00:42:00,52.348,0.13805854586400002,0.0,0,-0.11,-0.22,-0.11
2014-02-18 00:47:00,46.38399999999999,0.13805854586400002,0.0,0,-0.11,-0.22,-0.11
2014-02-18 00:52:00,43.896,0.13805854586400002,0.0,0,-0.11,-0.22,-0.11
2014-02-18 00:57:00,50.952,0.13805854586400002,0.0,0,-0.11,-0.22,-0.11
2014-02-18 01:02:00,45.492,0.13805854586400002,0.0,0,-0.11,-0.22,-0.11
2014-02-18 01:07:00,46.902,0.13805854586400002,0.0,0,-0.11,-0.22,-0.11
2014-02-18 01:12:00,49.23,0.13805854586400002,0.0,0,-0.11,-0.22,-0.11
2014-02-18 01:17:00,40.61,0.13805854586400002,0.0,0,-0.11,-0.22,-0.11
2014-02-18 01:22:00,52.582,0.13805854586400002,0.0,0,-0.11,-0.22,-0.11
2014-02-18 01:27:00,45.328,0.13805854586400002,0.0,0,-0.11,-0.22,-0.11
2014-02-18 01:32:00,42.38800000000001,0.13805854586400002,0.0,0,-0.11,-0.22,-0.11
2014-02-18 01:37:00,48.938,0.13805854586400002,0.0,0,-0.11,-0.22,-0.11
2014-02-18 01:42:00,39.554,0.12504656064,0.0250000003725,0,-0.11,-0.22,-0.11
2014-02-18 01:47:00,51.83,0.12504656064,0.0,0,-0.11,-0.22,-0.11
2014-02-18 01:52:00,45.51600000000001,0.12504656064,0.0,0,-0.11,-0.22,-0.11
2014-02-18 01:57:00,44.90600000000001,0.12504656064,0.0,0,-0.11,-0.22,-0.11
2014-02-18 02:02:00,49.672,0.12504656064,0.0,0,-0.11,-0.22,-0.11
2014-02-18 02:07:00,47.676,0.12504656064,0.0,0,-0.11,-0.22,-0.11
2014-02-18 02:12:00,45.68600000000001,0.12504656064,0.0,0,-0.11,-0.22,-0.11
2014-02-18 02:17:00,46.62,0.12504656064,0.0,0,-0.11,-0.22,-0.11
2014-02-18 02:22:00,41.056000000000004,0.12504656064,0.0,0,-0.11,-0.22,-0.11
2014-02-18 02:27:00,54.53,0.10133926617200001,0.0500000007451,0,-0.11,-0.22,-0.11
2014-02-18 02:32:00,49.976000000000006,0.10133926617200001,0.0250000003725,0,-0.11,-0.22,-0.11
2014-02-18 02:37:00,43.85,0.10133926617200001,0.0,0,-0.11,-0.22,-0.11
2014-02-18 02:42:00,49.008,0.10133926617200001,0.0,0,-0.11,-0.22,-0.11
2014-02-18 02:47:00,45.792,0.10133926617200001,0.0,0,-0.11,-0.22,-0.11
2014-02-18 02:52:00,44.83,0.10133926617200001,0.0,0,-0.11,-0.22,-0.11
2014-02-18 02:57:00,49.88399999999999,0.10133926617200001,0.0,0,-0.11,-0.22,-0.11
2014-02-18 03:02:00,40.274,0.10133926617200001,0.0,0,-0.11,-0.22,-0.11
2014-02-18 03:07:00,54.986000000000004,0.0713912312486,0.0750000029802,0,-0.11,-0.22,-0.11
2014-02-18 03:12:00,45.2,0.0713912312486,0.0,0,-0.11,-0.22,-0.11
2014-02-18 03:17:00,42.19600000000001,0.09062132599950001,0.0,0,-0.11,-0.22,-0.11
2014-02-18 03:22:00,50.37,0.101339265346,0.0,0,-0.11,-0.22,-0.11
2014-02-18 03:27:00,46.738,0.101339265346,0.0,0,-0.11,-0.22,-0.11
2014-02-18 03:32:00,45.988,0.101339265346,0.0,0,-0.11,-0.22,-0.11
2014-02-18 03:37:00,47.332,0.101339265346,0.0,0,-0.11,-0.22,-0.11
2014-02-18 03:42:00,40.216,0.101339265346,0.0,0,-0.11,-0.22,-0.11
2014-02-18 03:47:00,51.38399999999999,0.101339265346,0.0,0,-0.11,-0.22,-0.11
2014-02-18 03:52:00,44.32,0.101339265346,0.0,0,-0.11,-0.22,-0.11
2014-02-18 03:57:00,44.233999999999995,0.13805854586400002,0.0,0,-0.11,-0.22,-0.11
2014-02-18 04:02:00,49.483999999999995,0.13805854586400002,0.0,0,-0.11,-0.22,-0.11
2014-02-18 04:07:00,47.09,0.13805854586400002,0.0,0,-0.11,-0.22,-0.11
2014-02-18 04:12:00,44.46,0.13805854586400002,0.0,0,-0.11,-0.22,-0.11
2014-02-18 04:17:00,46.854,0.13805854586400002,0.0,0,-0.11,-0.22,-0.11
2014-02-18 04:22:00,41.43,0.13805854586400002,0.0,0,-0.11,-0.22,-0.11
2014-02-18 04:27:00,51.902,0.13805854586400002,0.0,0,-0.11,-0.22,-0.11
2014-02-18 04:32:00,46.55,0.13805854586400002,0.0,0,-0.11,-0.22,-0.11
2014-02-18 04:37:00,41.43600000000001,0.13805854586400002,0.0,0,-0.11,-0.22,-0.11
2014-02-18 04:42:00,50.47,0.13805854586400002,0.0,0,-0.11,-0.22,-0.11
2014-02-18 04:47:00,45.69600000000001,0.13805854586400002,0.0,0,-0.11,-0.22,-0.11
2014-02-18 04:52:00,44.89,0.13805854586400002,0.0,0,-0.11,-0.22,-0.11
2014-02-18 04:57:00,48.89,0.13805854586400002,0.0,0,-0.11,-0.22,-0.11
2014-02-18 05:02:00,40.548,0.13805854586400002,0.0,0,-0.11,-0.22,-0.11
2014-02-18 05:07:00,53.452,0.12504656064,0.0250000003725,0,-0.11,-0.22,-0.11
2014-02-18 05:12:00,46.431999999999995,0.12504656064,0.0,0,-0.11,-0.22,-0.11
2014-02-18 05:17:00,41.878,0.12504656064,0.0,0,-0.11,-0.22,-0.11
2014-02-18 05:22:00,50.56,0.12504656064,0.0,0,-0.11,-0.22,-0.11
2014-02-18 05:27:00,46.773999999999994,0.12504656064,0.0,0,-0.11,-0.22,-0.11
2014-02-18 05:32:00,45.058,0.12504656064,0.0,0,-0.11,-0.22,-0.11
2014-02-18 05:37:00,47.394,0.12504656064,0.0,0,-0.11,-0.22,-0.11
2014-02-18 05:42:00,41.992,0.12504656064,0.0,0,-0.11,-0.22,-0.11
2014-02-18 05:47:00,51.724,0.12504656064,0.0,0,-0.11,-0.22,-0.11
2014-02-18 05:52:00,44.623999999999995,0.12504656064,0.0,0,-0.11,-0.22,-0.11
2014-02-18 05:57:00,44.93,0.13805854586400002,0.0,0,-0.11,-0.22,-0.11
2014-02-18 06:02:00,49.53,0.13805854586400002,0.0,0,-0.11,-0.22,-0.11
2014-02-18 06:07:00,48.192,0.13805854586400002,0.0,0,-0.11,-0.22,-0.11
2014-02-18 06:12:00,45.47,0.13805854586400002,0.0,0,-0.11,-0.22,-0.11
2014-02-18 06:17:00,47.88800000000001,0.13805854586400002,0.0,0,-0.11,-0.22,-0.11
2014-02-18 06:22:00,40.708,0.13805854586400002,0.0,0,-0.11,-0.22,-0.11
2014-02-18 06:27:00,52.44,0.12504656064,0.0250000003725,0,-0.11,-0.22,-0.11
2014-02-18 06:32:00,45.558,0.12504656064,0.0,0,-0.11,-0.22,-0.11
2014-02-18 06:37:00,41.902,0.12504656064,0.0,0,-0.11,-0.22,-0.11
2014-02-18 06:42:00,49.013999999999996,0.12504656064,0.0,0,-0.11,-0.22,-0.11
2014-02-18 06:47:00,46.966,0.12504656064,0.0,0,-0.11,-0.22,-0.11
2014-02-18 06:52:00,44.426,0.12504656064,0.0,0,-0.11,-0.22,-0.11
2014-02-18 06:57:00,49.413999999999994,0.12504656064,0.0,0,-0.11,-0.22,-0.11
2014-02-18 07:02:00,40.132,0.12504656064,0.0,0,-0.11,-0.22,-0.11
2014-02-18 07:07:00,53.38,0.12504656064,0.0,0,-0.11,-0.22,-0.11
2014-02-18 07:12:00,45.306000000000004,0.12504656064,0.0,0,-0.11,-0.22,-0.11
2014-02-18 07:17:00,41.902,0.13805854586400002,0.0,0,-0.11,-0.22,-0.11
2014-02-18 07:22:00,48.428000000000004,0.13805854586400002,0.0,0,-0.11,-0.22,-0.11
2014-02-18 07:27:00,45.891999999999996,0.13805854586400002,0.0,0,-0.11,-0.22,-0.11
2014-02-18 07:32:00,45.70399999999999,0.13805854586400002,0.0,0,-0.11,-0.22,-0.11
2014-02-18 07:37:00,46.522,0.13805854586400002,0.0,0,-0.11,-0.22,-0.11
2014-02-18 07:42:00,41.302,0.13805854586400002,0.0,0,-0.11,-0.22,-0.11
2014-02-18 07:47:00,52.598,0.13805854586400002,0.0,0,-0.11,-0.22,-0.11
2014-02-18 07:52:00,45.37600000000001,0.13805854586400002,0.0,0,-0.11,-0.22,-0.11
2014-02-18 07:57:00,44.36600000000001,0.13805854586400002,0.0,0,-0.11,-0.22,-0.11
2014-02-18 08:02:00,49.882,0.13805854586400002,0.0,0,-0.11,-0.22,-0.11
2014-02-18 08:07:00,47.338,0.13805854586400002,0.0,0,-0.11,-0.22,-0.11
2014-02-18 08:12:00,43.4,0.13805854586400002,0.0,0,-0.11,-0.22,-0.11
2014-02-18 08:17:00,47.558,0.13805854586400002,0.0,0,-0.11,-0.22,-0.11
2014-02-18 08:22:00,40.634,0.13805854586400002,0.0,0,-0.11,-0.22,-0.11
2014-02-18 08:27:00,51.996,0.13805854586400002,0.0,0,-0.11,-0.22,-0.11
2014-02-18 08:32:00,45.24,0.13805854586400002,0.0,0,-0.11,-0.22,-0.11
2014-02-18 08:37:00,41.902,0.12504656064,0.0250000003725,0,-0.11,-0.22,-0.11
2014-02-18 08:42:00,50.0,0.12504656064,0.0,0,-0.11,-0.22,-0.11
2014-02-18 08:47:00,45.258,0.12504656064,0.0,0,-0.11,-0.22,-0.11
2014-02-18 08:52:00,44.29600000000001,0.12504656064,0.0,0,-0.11,-0.22,-0.11
2014-02-18 08:57:00,50.43,0.12504656064,0.0,0,-0.11,-0.22,-0.11
2014-02-18 09:02:00,39.788000000000004,0.12504656064,0.0,0,-0.11,-0.22,-0.11
2014-02-18 09:07:00,53.146,0.112810386877,0.0250000003725,0,-0.11,-0.22,-0.11
2014-02-18 09:12:00,45.916000000000004,0.112810386877,0.0,0,-0.11,-0.22,-0.11
2014-02-18 09:17:00,41.31399999999999,0.10133926617200001,0.0250000003725,0,-0.11,-0.22,-0.11
2014-02-18 09:22:00,52.23,0.10133926617200001,0.0,0,-0.11,-0.22,-0.11
2014-02-18 09:27:00,44.94,0.112810386877,0.0,0,-0.11,-0.22,-0.11
2014-02-18 09:32:00,43.333999999999996,0.112810386877,0.0,0,-0.11,-0.22,-0.11
2014-02-18 09:37:00,49.09,0.112810386877,0.0,0,-0.11,-0.22,-0.11
2014-02-18 09:42:00,45.39,0.112810386877,0.0,0,-0.11,-0.22,-0.11
2014-02-18 09:47:00,43.756,0.112810386877,0.0,0,-0.11,-0.22,-0.11
2014-02-18 09:52:00,48.708,0.112810386877,0.0,0,-0.11,-0.22,-0.11
2014-02-18 09:57:00,42.394,0.12504656064,0.0,0,-0.11,-0.22,-0.11
2014-02-18 10:02:00,53.146,0.10133926617200001,0.0500000007451,0,-0.11,-0.22,-0.11
2014-02-18 10:07:00,46.854,0.112810386877,0.0,0,-0.11,-0.22,-0.11
2014-02-18 10:12:00,44.153999999999996,0.112810386877,0.0,0,-0.11,-0.22,-0.11
2014-02-18 10:17:00,48.468,0.112810386877,0.0,0,-0.11,-0.22,-0.11
2014-02-18 10:22:00,40.978,0.112810386877,0.0,0,-0.11,-0.22,-0.11
2014-02-18 10:27:00,53.474,0.10133926617200001,0.0250000003725,0,-0.11,-0.22,-0.11
2014-02-18 10:32:00,45.452,0.10133926617200001,0.0,0,-0.11,-0.22,-0.11
2014-02-18 10:37:00,43.098,0.10133926617200001,0.0,0,-0.11,-0.22,-0.11
2014-02-18 10:42:00,49.578,0.10133926617200001,0.0,0,-0.11,-0.22,-0.11
2014-02-18 10:47:00,40.516,0.10133926617200001,0.0,0,-0.11,-0.22,-0.11
2014-02-18 10:52:00,52.838,0.12504656064,0.0,0,-0.11,-0.22,-0.11
2014-02-18 10:57:00,47.718,0.12504656064,0.0,0,-0.11,-0.22,-0.11
2014-02-18 11:02:00,42.39,0.12504656064,0.0,0,-0.11,-0.22,-0.11
2014-02-18 11:07:00,51.553999999999995,0.12504656064,0.0,0,-0.11,-0.22,-0.11
2014-02-18 11:12:00,47.724,0.12504656064,0.0,0,-0.11,-0.22,-0.11
2014-02-18 11:17:00,43.802,0.13805854586400002,0.0,0,-0.11,-0.22,-0.11
2014-02-18 11:22:00,49.43,0.13805854586400002,0.0,0,-0.11,-0.22,-0.11
2014-02-18 11:27:00,40.938,0.13805854586400002,0.0,0,-0.11,-0.22,-0.11
2014-02-18 11:32:00,53.17,0.12504656064,0.0250000003725,0,-0.11,-0.22,-0.11
2014-02-18 11:37:00,45.6,0.12504656064,0.0,0,-0.11,-0.22,-0.11
2014-02-18 11:42:00,43.428000000000004,0.12504656064,0.0,0,-0.11,-0.22,-0.11
2014-02-18 11:47:00,49.46,0.12504656064,0.0,0,-0.11,-0.22,-0.11
2014-02-18 11:52:00,44.29600000000001,0.12504656064,0.0,0,-0.11,-0.22,-0.11
2014-02-18 11:57:00,45.773999999999994,0.12504656064,0.0,0,-0.11,-0.22,-0.11
2014-02-18 12:02:00,49.174,0.12504656064,0.0,0,-0.11,-0.22,-0.11
2014-02-18 12:07:00,48.61,0.12504656064,0.0,0,-0.11,-0.22,-0.11
2014-02-18 12:12:00,45.244,0.12504656064,0.0,0,-0.11,-0.22,-0.11
2014-02-18 12:17:00,46.456,0.12504656064,0.0,0,-0.11,-0.22,-0.11
2014-02-18 12:22:00,40.705999999999996,0.13805854586400002,0.0,0,-0.11,-0.22,-0.11
2014-02-18 12:27:00,52.211999999999996,0.13805854586400002,0.0,0,-0.11,-0.22,-0.11
2014-02-18 12:32:00,44.36600000000001,0.13805854586400002,0.0,0,-0.11,-0.22,-0.11
2014-02-18 12:37:00,43.45,0.13805854586400002,0.0,0,-0.11,-0.22,-0.11
2014-02-18 12:42:00,47.7,0.13805854586400002,0.0,0,-0.11,-0.22,-0.11
2014-02-18 12:47:00,40.784,0.13805854586400002,0.0,0,-0.11,-0.22,-0.11
2014-02-18 12:52:00,53.286,0.12504656064,0.0250000003725,0,-0.11,-0.22,-0.11
2014-02-18 12:57:00,46.558,0.12504656064,0.0,0,-0.11,-0.22,-0.11
2014-02-18 13:02:00,44.118,0.12504656064,0.0,0,-0.11,-0.22,-0.11
2014-02-18 13:07:00,51.032,0.12504656064,0.0,0,-0.11,-0.22,-0.11
2014-02-18 13:12:00,41.456,0.12504656064,0.0,0,-0.11,-0.22,-0.11
2014-02-18 13:17:00,51.996,0.112810386877,0.0250000003725,0,-0.11,-0.22,-0.11
2014-02-18 13:22:00,46.738,0.112810386877,0.0,0,-0.11,-0.22,-0.11
2014-02-18 13:27:00,42.608000000000004,0.112810386877,0.0,0,-0.11,-0.22,-0.11
2014-02-18 13:32:00,48.943999999999996,0.112810386877,0.0,0,-0.11,-0.22,-0.11
2014-02-18 13:37:00,46.786,0.112810386877,0.0,0,-0.11,-0.22,-0.11
2014-02-18 13:42:00,44.93,0.12504656064,0.0,0,-0.11,-0.22,-0.11
2014-02-18 13:47:00,47.816,0.12504656064,0.0,0,-0.11,-0.22,-0.11
2014-02-18 13:52:00,40.826,0.12504656064,0.0,0,-0.11,-0.22,-0.11
2014-02-18 13:57:00,53.992,0.10133926617200001,0.0500000007451,0,-0.11,-0.22,-0.11
2014-02-18 14:02:00,47.536,0.10133926617200001,0.0,0,-0.11,-0.22,-0.11
2014-02-18 14:07:00,44.553999999999995,0.112810386877,0.0,0,-0.11,-0.22,-0.11
2014-02-18 14:12:00,49.82,0.112810386877,0.0,0,-0.11,-0.22,-0.11
2014-02-18 14:17:00,45.56399999999999,0.112810386877,0.0,0,-0.11,-0.22,-0.11
2014-02-18 14:22:00,43.894,0.112810386877,0.0,0,-0.11,-0.22,-0.11
2014-02-18 14:27:00,49.31,0.112810386877,0.0,0,-0.11,-0.22,-0.11
2014-02-18 14:32:00,41.492,0.112810386877,0.0,0,-0.11,-0.22,-0.11
2014-02-18 14:37:00,51.924,0.10133926617200001,0.0250000003725,0,-0.11,-0.22,-0.11
2014-02-18 14:42:00,46.886,0.10133926617200001,0.0,0,-0.11,-0.22,-0.11
2014-02-18 14:47:00,42.536,0.12504656064,0.0,0,-0.11,-0.22,-0.11
2014-02-18 14:52:00,50.32,0.12504656064,0.0,0,-0.11,-0.22,-0.11
2014-02-18 14:57:00,48.77,0.12504656064,0.0,0,-0.11,-0.22,-0.11
2014-02-18 15:02:00,43.141999999999996,0.12504656064,0.0,0,-0.11,-0.22,-0.11
2014-02-18 15:07:00,51.598,0.12504656064,0.0,0,-0.11,-0.22,-0.11
2014-02-18 15:12:00,46.558,0.12504656064,0.0,0,-0.11,-0.22,-0.11
2014-02-18 15:17:00,45.428000000000004,0.12504656064,0.0,0,-0.11,-0.22,-0.11
2014-02-18 15:22:00,47.688,0.12504656064,0.0,0,-0.11,-0.22,-0.11
2014-02-18 15:27:00,40.958,0.13805854586400002,0.0,0,-0.11,-0.22,-0.11
2014-02-18 15:32:00,52.324,0.13805854586400002,0.0,0,-0.11,-0.22,-0.11
2014-02-18 15:37:00,45.891999999999996,0.13805854586400002,0.0,0,-0.11,-0.22,-0.11
2014-02-18 15:42:00,43.303999999999995,0.13805854586400002,0.0,0,-0.11,-0.22,-0.11
2014-02-18 15:47:00,47.738,0.13805854586400002,0.0,0,-0.11,-0.22,-0.11
2014-02-18 15:52:00,46.214,0.13805854586400002,0.0,0,-0.11,-0.22,-0.11
2014-02-18 15:57:00,47.74,0.13805854586400002,0.0,0,-0.11,-0.22,-0.11
2014-02-18 16:02:00,48.722,0.13805854586400002,0.0,1,1.0,1.0,1.0
2014-02-18 16:07:00,43.78,0.13805854586400002,0.0,1,0.9996606163510808,0.9996606163510808,0.9996606163510809
2014-02-18 16:12:00,52.348,0.13805854586400002,0.0,1,0.9993128031853268,0.9993128031853268,0.9993128031853268
2014-02-18 16:17:00,46.078,0.13805854586400002,0.0,1,0.9989563541757912,0.9989563541757912,0.9989563541757912
2014-02-18 16:22:00,41.848,0.13805854586400002,0.0,1,0.9985910580993534,0.9985910580993534,0.9985910580993534
2014-02-18 16:27:00,50.206,0.13805854586400002,0.0,1,0.9982166987283538,0.9982166987283538,0.9982166987283538
2014-02-18 16:32:00,46.501999999999995,0.13805854586400002,0.0,1,0.9978330547202332,0.9978330547202332,0.9978330547202332
2014-02-18 16:37:00,44.342,0.13805854586400002,0.0,1,0.9974398995051676,0.9974398995051676,0.9974398995051675
2014-02-18 16:42:00,50.11,0.13805854586400002,0.0,1,0.9970370011716712,0.9970370011716712,0.9970370011716713
2014-02-18 16:47:00,40.634,0.13805854586400002,0.0,1,0.9966241223501692,0.9966241223501692,0.9966241223501693
2014-02-18 16:52:00,52.111999999999995,0.13805854586400002,0.0,1,0.9962010200945216,0.9962010200945216,0.9962010200945217
2014-02-18 16:57:00,46.76,0.13805854586400002,0.0,1,0.9957674457614892,0.9957674457614892,0.9957674457614893
2014-02-18 17:02:00,42.982,0.13805854586400002,0.0,1,0.9953231448881372,0.9953231448881371,0.995323144888137
2014-02-18 17:07:00,51.596000000000004,0.13805854586400002,0.0,1,0.9948678570671664,0.9948678570671664,0.9948678570671663
2014-02-18 17:12:00,46.996,0.13805854586400002,0.0,1,0.9944013158201752,0.9944013158201752,0.9944013158201751
2014-02-18 17:17:00,44.718,0.13805854586400002,0.0,1,0.9939232484688408,0.9939232484688408,0.9939232484688408
2014-02-18 17:22:00,47.81,0.13805854586400002,0.0,1,0.9934333760040284,0.9934333760040284,0.9934333760040285
2014-02-18 17:27:00,40.868,0.13805854586400002,0.0,1,0.9929314129528292,0.9929314129528292,0.9929314129528292
2014-02-18 17:32:00,52.676,0.13805854586400002,0.0,1,0.9924170672435276,0.9924170672435276,0.9924170672435275
2014-02-18 17:37:00,47.348,0.13805854586400002,0.0,1,0.9918900400685148,0.9918900400685148,0.9918900400685149
2014-02-18 17:42:00,43.806000000000004,0.13805854586400002,0.0,1,0.9913500257451536,0.9913500257451536,0.9913500257451535
2014-02-18 17:47:00,49.226000000000006,0.13805854586400002,0.0,1,0.9907967115746072,0.9907967115746072,0.9907967115746071
2014-02-18 17:52:00,41.83,0.13805854586400002,0.0,1,0.9902297776986564,0.9902297776986564,0.9902297776986564
2014-02-18 17:57:00,54.036,0.101339265346,0.0750000029802,1,0.9896488969545182,0.9896488969545182,0.9896488969545182
2014-02-18 18:02:00,46.523999999999994,0.101339265346,0.0,1,0.989053734727698,0.989053734727698,0.9890537347276981
2014-02-18 18:07:00,43.146,0.101339265346,0.0,1,0.9884439488028972,0.9884439488028972,0.9884439488028973
2014-02-18 18:12:00,52.81,0.09062132599950001,0.0250000003725,1,0.9878191892130114,0.9878191892130114,0.9878191892130114
2014-02-18 18:17:00,46.426,0.09062132599950001,0.0,1,0.987179098086258,0.9871790980862579,0.987179098086258
2014-02-18 18:22:00,43.074,0.09062132599950001,0.0,1,0.9865233094914724,0.9865233094914724,0.9865233094914725
2014-02-18 18:27:00,49.43600000000001,0.09062132599950001,0.0,1,0.9858514492816188,0.9858514492816188,0.9858514492816188
2014-02-18 18:32:00,45.728,0.09062132599950001,0.0,1,0.9851631349355688,0.9851631349355688,0.9851631349355688
2014-02-18 18:37:00,44.284,0.09062132599950001,0.0,1,0.9844579753982056,0.9844579753982056,0.9844579753982057
2014-02-18 18:42:00,48.372,0.09062132599950001,0.0,1,0.9837355709189104,0.9837355709189104,0.9837355709189104
2014-02-18 18:47:00,39.93,0.112810386877,0.0250000003725,1,0.9829955128885096,0.9829955128885096,0.9829955128885095
2014-02-18 18:52:00,52.846000000000004,0.112810386877,0.0,1,0.9822373836747456,0.9822373836747456,0.9822373836747457
2014-02-18 18:57:00,47.794,0.112810386877,0.0,1,0.9814607564563648,0.9814607564563648,0.9814607564563648
2014-02-18 19:02:00,43.076,0.12504656064,0.0,1,0.9806651950559008,0.9806651950559008,0.9806651950559007
2014-02-18 19:07:00,50.728,0.12504656064,0.0,1,0.9798502537712545,0.9798502537712545,0.9798502537712545
2014-02-18 19:12:00,41.032,0.12504656064,0.0,1,0.979015477206175,0.979015477206175,0.979015477206175
2014-02-18 19:17:00,52.602,0.12504656064,0.0,1,0.978160400099744,0.978160400099744,0.9781604000997439
2014-02-18 19:22:00,48.474,0.12504656064,0.0,1,0.9772845471549964,0.9772845471549964,0.9772845471549964
2014-02-18 19:27:00,41.44600000000001,0.12504656064,0.0,1,0.976387432866794,0.976387432866794,0.976387432866794
2014-02-18 19:32:00,49.29600000000001,0.12504656064,0.0,1,0.9754685613490952,0.9754685613490952,0.9754685613490953
2014-02-18 19:37:00,45.648,0.13805854586400002,0.0,1,0.9745274261617696,0.9745274261617696,0.9745274261617695
2014-02-18 19:42:00,45.891999999999996,0.13805854586400002,0.0,1,0.9735635101371072,0.9735635101371072,0.9735635101371072
2014-02-18 19:47:00,47.348,0.13805854586400002,0.0,1,0.9725762852061977,0.9725762852061977,0.9725762852061975
2014-02-18 19:52:00,40.56,0.13805854586400002,0.0,1,0.9715652122253532,0.9715652122253532,0.9715652122253531
2014-02-18 19:57:00,55.846000000000004,0.0713912305859,0.15000000596,1,0.9705297408027682,0.9705297408027682,0.9705297408027682
2014-02-18 20:02:00,45.04600000000001,0.0713912305859,0.0,1,0.9694693091256104,0.9694693091256104,0.9694693091256104
2014-02-18 20:07:00,45.37600000000001,0.0713912305859,0.0,1,0.9683833437877668,0.9683833437877668,0.9683833437877669
2014-02-18 20:12:00,48.934,0.0713912305859,0.0,1,0.9672712596184648,0.9672712596184648,0.9672712596184648
2014-02-18 20:17:00,46.854,0.0713912305859,0.0,1,0.966132459512006,0.966132459512006,0.9661324595120059
2014-02-18 20:22:00,45.986000000000004,0.0713912305859,0.0,1,0.9649663342588732,0.9649663342588732,0.9649663342588732
2014-02-18 20:27:00,47.184,0.0713912305859,0.0,1,0.963772262378476,0.963772262378476,0.9637722623784759
2014-02-18 20:32:00,40.78,0.0713912305859,0.0,1,0.9625496099538098,0.9625496099538098,0.9625496099538098
2014-02-18 20:37:00,50.833999999999996,0.0713912305859,0.0,1,0.961297730468342,0.961297730468342,0.961297730468342
2014-02-18 20:42:00,46.16,0.0713912305859,0.0,1,0.9600159646454204,0.9600159646454204,0.9600159646454204
2014-02-18 20:47:00,43.058,0.13805854586400002,0.0,1,0.9587036402905508,0.9587036402905508,0.9587036402905507
2014-02-18 20:52:00,49.43600000000001,0.13805854586400002,0.0,1,0.9573600721368786,0.9573600721368786,0.9573600721368786
2014-02-18 20:57:00,49.672,0.13805854586400002,0.0,1,0.9559845616942484,0.9559845616942484,0.9559845616942484
2014-02-18 21:02:00,44.788000000000004,0.13805854586400002,0.0,1,0.9545763971022152,0.9545763971022152,0.9545763971022153
2014-02-18 21:07:00,48.662,0.13805854586400002,0.0,1,0.9531348529874168,0.9531348529874168,0.9531348529874168
2014-02-18 21:12:00,40.274,0.13805854586400002,0.0,1,0.95165919032572,0.95165919032572,0.95165919032572
2014-02-18 21:17:00,53.146,0.13805854586400002,0.0,1,0.9501486563095902,0.9501486563095902,0.9501486563095902
2014-02-18 21:22:00,45.68,0.13805854586400002,0.0,1,0.948602484221132,0.9486024842211321,0.948602484221132
2014-02-18 21:27:00,43.216,0.13805854586400002,0.0,1,0.9470198933112958,0.9470198933112958,0.9470198933112958
2014-02-18 21:32:00,49.483999999999995,0.13805854586400002,0.0,1,0.9454000886857372,0.9454000886857371,0.945400088685737
2014-02-18 21:37:00,40.052,0.13805854586400002,0.0,1,0.9437422611978667,0.9437422611978667,0.9437422611978669
2014-02-18 21:42:00,52.746,0.13805854586400002,0.0,1,0.9420455873496312,0.9420455873496312,0.9420455873496312
2014-02-18 21:47:00,44.606,0.13805854586400002,0.0,1,0.9403092292005844,0.9403092292005844,0.9403092292005844
2014-02-18 21:52:00,42.676,0.13805854586400002,0.0,1,0.9385323342858608,0.9385323342858608,0.9385323342858607
2014-02-18 21:57:00,51.431999999999995,0.13805854586400002,0.0,1,0.9367140355436432,0.9367140355436432,0.9367140355436433
2014-02-18 22:02:00,46.31399999999999,0.13805854586400002,0.0,1,0.9348534512527858,0.9348534512527858,0.9348534512527858
2014-02-18 22:07:00,45.756,0.13805854586400002,0.0,1,0.932949684981232,0.932949684981232,0.932949684981232
2014-02-18 22:12:00,47.111999999999995,0.13805854586400002,0.0,1,0.9310018255459368,0.9310018255459368,0.9310018255459367
2014-02-18 22:17:00,40.54,0.13805854586400002,0.0,1,0.9290089469849906,0.9290089469849906,0.9290089469849906
2014-02-18 22:22:00,51.922,0.13805854586400002,0.0,1,0.9269701085426888,0.9269701085426888,0.9269701085426887
2014-02-18 22:27:00,45.361999999999995,0.13805854586400002,0.0,1,0.9248843546683032,0.9248843546683032,0.9248843546683032
2014-02-18 22:32:00,43.333999999999996,0.13805854586400002,0.0,1,0.922750715029351,0.922750715029351,0.922750715029351
2014-02-18 22:37:00,48.122,0.13805854586400002,0.0,1,0.9205682045401627,0.9205682045401627,0.9205682045401629
2014-02-18 22:42:00,41.288000000000004,0.13805854586400002,0.0,1,0.9183358234065968,0.9183358234065968,0.9183358234065968
2014-02-18 22:47:00,51.913999999999994,0.13805854586400002,0.0,1,0.9160525571877524,0.9160525571877524,0.9160525571877525
2014-02-18 22:52:00,46.76,0.13805854586400002,0.0,1,0.9137173768755792,0.9137173768755791,0.913717376875579
2014-02-18 22:57:00,44.482,0.13805854586400002,0.0,1,0.9113292389932816,0.9113292389932816,0.9113292389932816
2014-02-18 23:02:00,49.663999999999994,0.13805854586400002,0.0,1,0.9088870857134672,0.9088870857134672,0.9088870857134672
2014-02-18 23:07:00,48.361999999999995,0.13805854586400002,0.0,1,0.9063898449969824,0.9063898449969824,0.9063898449969823
2014-02-18 23:12:00,45.023999999999994,0.13805854586400002,0.0,1,0.9038364307534312,0.9038364307534312,0.9038364307534311
2014-02-18 23:17:00,46.972,0.13805854586400002,0.0,1,0.9012257430243702,0.9012257430243702,0.9012257430243702
2014-02-18 23:22:00,40.501999999999995,0.13805854586400002,0.0,1,0.8985566681902077,0.8985566681902077,0.8985566681902077
2014-02-18 23:27:00,53.24800000000001,0.12504656064,0.0250000003725,1,0.8958280792018518,0.8958280792018518,0.8958280792018518
2014-02-18 23:32:00,45.891999999999996,0.12504656064,0.0,1,0.8930388358381706,0.8930388358381706,0.8930388358381706
2014-02-18 23:37:00,44.042,0.12504656064,0.0,1,0.8901877849903459,0.8901877849903459,0.8901877849903459
2014-02-18 23:42:00,49.21,0.12504656064,0.0,1,0.8872737609742145,0.8872737609742145,0.8872737609742145
2014-02-18 23:47:00,46.571999999999996,0.12504656064,0.0,1,0.8842955858717122,0.8842955858717122,0.8842955858717122
2014-02-18 23:52:00,44.858000000000004,0.12504656064,0.0,1,0.8812520699025423,0.8812520699025423,0.8812520699025423
2014-02-18 23:57:00,48.15600000000001,0.12504656064,0.0,1,0.8781420118272028,0.8781420118272028,0.8781420118272028
2014-02-19 00:02:00,41.878,0.12504656064,0.0,1,0.8749641993825149,0.8749641993825149,0.8749641993825149
2014-02-19 00:07:00,53.092,0.112810386877,0.0250000003725,1,0.8717174097508009,0.8717174097508009,0.8717174097508009
2014-02-19 00:12:00,50.015,0.112810386877,0.0,1,0.8684004100638634,0.8684004100638634,0.8684004100638634
2014-02-19 00:17:00,54.6033,0.10133926617200001,0.0500000007451,1,0.8650119579429126,0.8650119579429126,0.8650119579429126
2014-02-19 00:22:00,62.056000000000004,1.0,0.649999976158,1,0.8615508020755978,0.8615508020755978,0.8615508020755978
2014-02-19 00:27:00,42.08600000000001,0.9999999517839999,1.0,1,0.8580156828312717,0.8580156828312717,0.8580156828312717
2014-02-19 00:32:00,50.821999999999996,0.299999996735,0.0,1,0.854405332915637,0.854405332915637,0.854405332915637
2014-02-19 00:37:00,44.53,0.299999996735,0.0,1,0.8507184780658686,0.8507184780658686,0.8507184780658686
2014-02-19 00:42:00,44.132,0.299999996735,0.0,1,0.8469538377873326,0.8469538377873326,0.8469538377873326
2014-02-19 00:47:00,47.184,0.299999996735,0.0,1,0.8431101261329635,0.8431101261329635,0.8431101261329635
2014-02-19 00:52:00,39.86,0.299999996735,0.0,1,0.8391860525263521,0.8391860525263521,0.8391860525263521
2014-02-19 00:57:00,54.058,0.299999996735,0.0250000003725,1,0.8351803226295599,0.8351803226295599,0.8351803226295599
2014-02-19 01:02:00,45.508,0.299999996735,0.0,1,0.8310916392566403,0.8310916392566403,0.8310916392566403
2014-02-19 01:07:00,43.873999999999995,0.299999996735,0.0,1,0.8269187033337926,0.8269187033337926,0.8269187033337926
2014-02-19 01:12:00,47.536,0.48475152898400004,0.0,1,0.8226602149070443,0.8226602149070443,0.8226602149070443
2014-02-19 01:17:00,39.394,0.112810386877,0.0250000003725,1,0.8183148741982842,0.8183148741982842,0.8183148741982842
2014-02-19 01:22:00,50.916000000000004,0.112810386877,0.0,1,0.8138813827104135,0.8138813827104135,0.8138813827104135
2014-02-19 01:27:00,44.32,0.112810386877,0.0,1,0.8093584443823231,0.8093584443823231,0.8093584443823231
2014-02-19 01:32:00,41.18,0.112810386877,0.0,1,0.8047447667943036,0.8047447667943036,0.8047447667943036
2014-02-19 01:37:00,49.22,0.112810386877,0.0,1,0.8000390624244499,0.8000390624244499,0.80003906242445
2014-02-19 01:42:00,43.571999999999996,0.112810386877,0.0,1,0.7952400499564912,0.7952400499564912,0.7952400499564912
2014-02-19 01:47:00,43.714,0.12504656064,0.0,1,0.7903464556394151,0.7903464556394151,0.7903464556394151
2014-02-19 01:52:00,46.972,0.12504656064,0.0,1,0.7853570146991236,0.7853570146991236,0.7853570146991236
2014-02-19 01:57:00,41.55,0.12504656064,0.0,1,0.7802704728022559,0.7802704728022559,0.7802704728022559
2014-02-19 02:02:00,52.422,0.12504656064,0.0,1,0.775085587572197,0.775085587572197,0.775085587572197
2014-02-19 02:07:00,45.312,0.13805854586400002,0.0,1,0.7698011301571411,0.7698011301571411,0.7698011301571411
2014-02-19 02:12:00,43.76,0.13805854586400002,0.0,1,0.7644158868499645,0.7644158868499645,0.7644158868499645
2014-02-19 02:17:00,47.652,0.13805854586400002,0.0,1,0.7589286607594986,0.7589286607594986,0.7589286607594986
2014-02-19 02:22:00,40.092,0.13805854586400002,0.0,1,0.7533382735326392,0.7533382735326392,0.7533382735326392
2014-02-19 02:27:00,50.51,0.13805854586400002,0.0,1,0.7476435671265776,0.7476435671265776,0.7476435671265776
2014-02-19 02:32:00,46.526,0.13805854586400002,0.0,1,0.7418434056302476,0.7418434056302476,0.7418434056302476
2014-02-19 02:37:00,40.884,0.13805854586400002,0.0,1,0.7359366771339131,0.7359366771339131,0.7359366771339131
2014-02-19 02:42:00,51.378,0.13805854586400002,0.0,1,0.7299222956456326,0.7299222956456326,0.7299222956456326
2014-02-19 02:47:00,44.24800000000001,0.13352946306900002,0.0,1,0.7237992030531304,0.7237992030531304,0.7237992030531304
2014-02-19 02:52:00,42.934,0.13352946306900002,0.0,1,0.7175663711294089,0.7175663711294089,0.7175663711294089
2014-02-19 02:57:00,48.29600000000001,0.13352946306900002,0.0,1,0.7112228035802163,0.7112228035802163,0.7112228035802163
2014-02-19 03:02:00,45.773999999999994,0.13352946306900002,0.0,1,0.7047675381312716,0.7047675381312716,0.7047675381312716
2014-02-19 03:07:00,46.88,0.13352946306900002,0.0,1,0.698199648652917,0.698199648652917,0.698199648652917
2014-02-19 03:12:00,46.65,0.13352946306900002,0.0,1,0.6915182473196357,0.6915182473196357,0.6915182473196357
2014-02-19 03:17:00,40.044000000000004,0.13352946306900002,0.0,1,0.6847224868016417,0.6847224868016417,0.6847224868016417
2014-02-19 03:22:00,50.54,0.13352946306900002,0.0,1,0.6778115624854981,0.6778115624854981,0.6778115624854981
2014-02-19 03:27:00,45.258,0.13352946306900002,0.0,1,0.6707847147204784,0.6707847147204784,0.6707847147204784
2014-02-19 03:32:00,43.09,0.13352946306900002,0.0,1,0.6636412310871366,0.6636412310871366,0.6636412310871366
2014-02-19 03:37:00,46.62,0.13352946306900002,0.0,1,0.6563804486842948,0.6563804486842948,0.6563804486842948
2014-02-19 03:42:00,42.934,0.13352946306900002,0.0,1,0.6490017564304146,0.6490017564304146,0.6490017564304146
2014-02-19 03:47:00,51.706,0.13352946306900002,0.0,1,0.6415045973750478,0.6415045973750478,0.6415045973750478
2014-02-19 03:52:00,44.20399999999999,0.13352946306900002,0.0,1,0.6338884710158347,0.6338884710158347,0.6338884710158347
2014-02-19 03:57:00,44.623999999999995,0.13352946306900002,0.0,1,0.6261529356162405,0.6261529356162405,0.6261529356162405
2014-02-19 04:02:00,48.943999999999996,0.13352946306900002,0.0,1,0.6182976105190017,0.6182976105190017,0.6182976105190017
2014-02-19 04:07:00,42.09,0.13352946306900002,0.0,1,0.6103221784499866,0.6103221784499866,0.6103221784499866
2014-02-19 04:12:00,50.821999999999996,0.13352946306900002,0.0,1,0.6022263878069634,0.6022263878069634,0.6022263878069634
2014-02-19 04:17:00,46.33,0.13352946306900002,0.0,1,0.5940100549275251,0.5940100549275251,0.5940100549275251
2014-02-19 04:22:00,41.58600000000001,0.13352946306900002,0.0,1,0.5856730663302101,0.5856730663302101,0.5856730663302101
2014-02-19 04:27:00,49.431999999999995,0.13352946306900002,0.0,1,0.5772153809226541,0.5772153809226541,0.5772153809226541
2014-02-19 04:32:00,45.342,0.13352946306900002,0.0,1,0.5686370321704082,0.5686370321704082,0.5686370321704082
2014-02-19 04:37:00,42.794,0.13352946306900002,0.0,1,0.5599381302198818,0.5599381302198818,0.5599381302198818
2014-02-19 04:42:00,48.193999999999996,0.13352946306900002,0.0,1,0.551118863968718,0.551118863968718,0.551118863968718
2014-02-19 04:47:00,44.808,0.13352946306900002,0.0,1,0.5421795030767389,0.5421795030767389,0.5421795030767389
2014-02-19 04:52:00,43.968,0.13352946306900002,0.0,1,0.5331203999105024,0.5331203999105024,0.5331203999105024
2014-02-19 04:57:00,46.702,0.13352946306900002,0.0,1,0.5239419914143904,0.5239419914143904,0.5239419914143904
2014-02-19 05:02:00,40.952,0.13352946306900002,0.0,1,0.5146448009010722,0.5146448009010722,0.5146448009010722
2014-02-19 05:07:00,52.184,0.121135241481,0.0250000003725,1,0.5052294397541363,0.5052294397541363,0.5052294397541363
2014-02-19 05:12:00,42.042,0.121135241481,0.0,1,0.4956966090356518,0.4956966090356518,0.4956966090356518
2014-02-19 05:17:00,40.586,0.121135241481,0.0,1,0.4860471009914186,0.4860471009914186,0.4860471009914186
2014-02-19 05:22:00,46.55,0.121135241481,0.0,1,0.4762818004467008,0.4762818004467008,0.4762818004467008
2014-02-19 05:27:00,44.36600000000001,0.121135241481,0.0,1,0.4664016860852872,0.4664016860852872,0.46640168608528715
2014-02-19 05:32:00,42.91,0.121135241481,0.0,1,0.4564078316048284,0.4564078316048284,0.4564078316048284
2014-02-19 05:37:00,46.01600000000001,0.121135241481,0.0,1,0.4463014067415162,0.4463014067415162,0.4463014067415162
2014-02-19 05:42:00,39.611999999999995,0.121135241481,0.0,1,0.43608367815732907,0.43608367815732907,0.43608367815732907
2014-02-19 05:47:00,49.648,0.121135241481,0.0,1,0.4257560101832722,0.4257560101832722,0.4257560101832722
2014-02-19 05:52:00,42.95,0.121135241481,0.0,1,0.4153198654122592,0.4153198654122592,0.4153198654122592
2014-02-19 05:57:00,42.136,0.13352946306900002,0.0,1,0.4047768051355599,0.4047768051355599,0.40477680513555986
2014-02-19 06:02:00,48.92,0.13352946306900002,0.0,1,0.3941284896170315,0.3941284896170315,0.3941284896170315
2014-02-19 06:07:00,45.70399999999999,0.13352946306900002,0.0,1,0.3833766781996968,0.3833766781996968,0.38337667819969684
2014-02-19 06:12:00,42.816,0.13352946306900002,0.0,1,0.3725232292396011,0.3725232292396011,0.37252322923960113
2014-02-19 06:17:00,45.422,0.13352946306900002,0.0,1,0.3615700998623003,0.3615700998623003,0.3615700998623003
2014-02-19 06:22:00,45.04600000000001,0.13352946306900002,0.0,1,0.3505193455377616,0.3505193455377616,0.3505193455377616
2014-02-19 06:27:00,43.226000000000006,0.13352946306900002,0.0,1,0.3393731194699553,0.3393731194699553,0.33937311946995535
2014-02-19 06:32:00,44.178000000000004,0.13352946306900002,0.0,1,0.3281336717979126,0.3281336717979126,0.3281336717979126
2014-02-19 06:37:00,39.954,0.13352946306900002,0.0,1,0.31680334860557313,0.31680334860557313,0.31680334860557313
2014-02-19 06:42:00,50.373999999999995,0.13352946306900002,0.0,1,0.3053845907383164,0.3053845907383164,0.30538459073831636
2014-02-19 06:47:00,41.854,0.13352946306900002,0.0,1,0.2938799324246658,0.2938799324246658,0.2938799324246658
2014-02-19 06:52:00,41.614,0.13352946306900002,0.0,1,0.2822919997022824,0.2822919997022824,0.2822919997022824
2014-02-19 06:57:00,47.558,0.13352946306900002,0.0,1,0.2706235086480017,0.2706235086480017,0.27062350864800166
2014-02-19 07:02:00,44.312,0.13352946306900002,0.0,1,0.2588772634123381,0.2588772634123381,0.2588772634123381
2014-02-19 07:07:00,45.846000000000004,0.13352946306900002,0.0,1,0.2470561540595541,0.24705615405955406,0.24705615405955403
2014-02-19 07:12:00,44.083999999999996,0.13352946306900002,0.0,1,0.2351631542150905,0.23516315421509046,0.23516315421509043
2014-02-19 07:17:00,39.672,0.13352946306900002,0.0,1,0.22320131852285,0.22320131852285002,0.22320131852285
2014-02-19 07:22:00,49.413999999999994,0.13352946306900002,0.0,1,0.21117377991553385,0.21117377991553385,0.21117377991553385
2014-02-19 07:27:00,42.226000000000006,0.13352946306900002,0.0,1,0.19908374670194548,0.19908374670194548,0.19908374670194548
2014-02-19 07:32:00,41.878,0.13352946306900002,0.0,1,0.18693449947587704,0.18693449947587704,0.18693449947587706
2014-02-19 07:37:00,46.738,0.13352946306900002,0.0,1,0.17472938785189635,0.17472938785189635,0.17472938785189635
2014-02-19 07:42:00,44.153999999999996,0.13352946306900002,0.0,1,0.1624718270340452,0.1624718270340452,0.1624718270340452
2014-02-19 07:47:00,44.038000000000004,0.13352946306900002,0.0,1,0.15016529422413588,0.15016529422413588,0.15016529422413588
2014-02-19 07:52:00,44.208,0.13352946306900002,0.0,1,0.13781332487698894,0.13781332487698894,0.13781332487698894
2014-02-19 07:57:00,41.81800000000001,0.13352946306900002,0.0,1,0.12541950881059705,0.12541950881059705,0.12541950881059705
2014-02-19 08:02:00,50.372,0.13352946306900002,0.0,1,0.1129874861798024,0.1129874861798024,0.11298748617980241
2014-02-19 08:07:00,44.83600000000001,0.13352946306900002,0.0,1,0.1005209433226653,0.1005209433226653,0.1005209433226653
2014-02-19 08:12:00,41.408,0.13352946306900002,0.0,1,0.08802360848923628,0.08802360848923628,0.08802360848923627
2014-02-19 08:17:00,46.62,0.13352946306900002,0.0,1,0.07549924746296394,0.07549924746296394,0.07549924746296394
2014-02-19 08:22:00,44.144,0.13352946306900002,0.0,1,0.06295165908543503,0.06295165908543503,0.06295165908543503
2014-02-19 08:27:00,43.92,0.13352946306900002,0.0,1,0.05038467069556171,0.05038467069556171,0.05038467069556171
2014-02-19 08:32:00,44.83600000000001,0.13352946306900002,0.0,1,0.03780213349472245,0.03780213349472245,0.03780213349472245
2014-02-19 08:37:00,39.812,0.121135241481,0.0250000003725,1,0.025207917849680732,0.02520791784968073,0.025207917849680732
2014-02-19 08:42:00,51.012,0.121135241481,0.0,1,0.01260590854538776,0.01260590854538776,0.01260590854538776
2014-02-19 08:47:00,43.262,0.121135241481,0.0,0,-0.0013749283898922796,-0.002749856779784559,-0.0013749283898922794
2014-02-19 08:52:00,42.474,0.121135241481,0.0,0,-0.002749427226526285,-0.00549885445305257,-0.002749427226526285
2014-02-19 08:57:00,48.968,0.121135241481,0.0,0,-0.00412306749327775,-0.008246134986555497,-0.004123067493277749
2014-02-19 09:02:00,42.488,0.121135241481,0.0,0,-0.005495421245366803,-0.010990842490733605,-0.005495421245366803
2014-02-19 09:07:00,42.326,0.121135241481,0.0,0,-0.006866062142226371,-0.013732124284452744,-0.006866062142226371
2014-02-19 09:12:00,45.846000000000004,0.121135241481,0.0,0,-0.0082345659756249,-0.0164691319512498,-0.0082345659756249
2014-02-19 09:17:00,44.013999999999996,0.121135241481,0.0,0,-0.009600511192157338,-0.019201022384314675,-0.009600511192157338
2014-02-19 09:22:00,43.758,0.121135241481,0.0,0,-0.010963479408745123,-0.02192695881749025,-0.010963479408745124
2014-02-19 09:27:00,45.373999999999995,0.13352946306900002,0.0,0,-0.012323055919816394,-0.024646111839632792,-0.012323055919816394
2014-02-19 09:32:00,39.34,0.121135241481,0.0250000003725,0,-0.013678830194875577,-0.02735766038975115,-0.013678830194875575
2014-02-19 09:37:00,51.141999999999996,0.121135241481,0.0,0,-0.015030396365214575,-0.030060792730429158,-0.015030396365214577
2014-02-19 09:42:00,41.01,0.121135241481,0.0,0,-0.016377353698564974,-0.03275470739712995,-0.016377353698564974
2014-02-19 09:47:00,39.882,0.121135241481,0.0,0,-0.017719307060545125,-0.03543861412109025,-0.017719307060545125
2014-02-19 09:52:00,48.63800000000001,0.121135241481,0.0,0,-0.019055867361812605,-0.03811173472362521,-0.019055867361812605
2014-02-19 09:57:00,45.306000000000004,0.121135241481,0.0,0,-0.02038665198989534,-0.04077330397979068,-0.02038665198989534
2014-02-19 10:02:00,41.55,0.121135241481,0.0,0,-0.02171128522473944,-0.04342257044947888,-0.02171128522473944
2014-02-19 10:07:00,47.06800000000001,0.121135241481,0.0,0,-0.023029398637082053,-0.046058797274164114,-0.023029398637082053
2014-02-19 10:12:00,43.522,0.121135241481,0.0,0,-0.024340631468828842,-0.04868126293765767,-0.024340631468828835
2014-02-19 10:17:00,43.522,0.121135241481,0.0,0,-0.02564463099469025,-0.05128926198938051,-0.025644630994690255
2014-02-19 10:22:00,45.37600000000001,0.13352946306900002,0.0,0,-0.02694105286440801,-0.05388210572881602,-0.02694105286440801
2014-02-19 10:27:00,39.906,0.13352946306900002,0.0,0,-0.02822956142498057,-0.05645912284996114,-0.028229561424980572
2014-02-19 10:32:00,50.012,0.13352946306900002,0.0,0,-0.029509830022376136,-0.05901966004475227,-0.02950983002237614
2014-02-19 10:37:00,42.746,0.13352946306900002,0.0,0,-0.03078154128230151,-0.06156308256460302,-0.03078154128230151
2014-02-19 10:42:00,42.111999999999995,0.13352946306900002,0.0,0,-0.032044387369675,-0.06408877473935,-0.032044387369675
2014-02-19 10:47:00,45.916000000000004,0.13352946306900002,0.0,0,-0.03329807022653193,-0.06659614045306386,-0.03329807022653193
2014-02-19 10:52:00,44.418,0.13352946306900002,0.0,0,-0.03454230178816973,-0.06908460357633947,-0.03454230178816974
2014-02-19 10:57:00,45.174,0.13352946306900002,0.0,0,-0.035776804177418166,-0.07155360835483633,-0.03577680417741816
2014-02-19 11:02:00,45.54,0.13352946306900002,0.0,0,-0.03700130987699654,-0.07400261975399308,-0.03700130987699654
2014-02-19 11:07:00,41.06399999999999,0.13805854586400002,0.0,0,-0.038215561879994704,-0.07643112375998941,-0.038215561879994704
2014-02-19 11:12:00,49.153999999999996,0.13805854586400002,0.0,0,-0.03941931381858645,-0.0788386276371729,-0.03941931381858645
2014-02-19 11:17:00,43.048,0.13805854586400002,0.0,0,-0.04061233007115477,-0.08122466014230953,-0.040612330071154765
2014-02-19 11:22:00,40.586,0.13805854586400002,0.0,0,-0.04179438584807474,-0.08358877169614948,-0.04179438584807474
2014-02-19 11:27:00,47.111999999999995,0.13805854586400002,0.0,0,-0.042965267256464386,-0.08593053451292877,-0.042965267256464386
2014-02-19 11:32:00,43.756,0.13805854586400002,0.0,0,-0.04412477134427405,-0.0882495426885481,-0.04412477134427405
2014-02-19 11:37:00,42.676,0.13805854586400002,0.0,0,-0.045272706124142484,-0.09054541224828497,-0.04527270612414248
2014-02-19 11:42:00,45.798,0.13805854586400002,0.0,0,-0.04640889057750087,-0.09281778115500174,-0.04640889057750087
2014-02-19 11:47:00,39.111999999999995,0.13805854586400002,0.0,0,-0.04753315463945615,-0.0950663092789123,-0.04753315463945615
2014-02-19 11:52:00,49.163999999999994,0.13805854586400002,0.0,0,-0.048645339165029874,-0.09729067833005976,-0.048645339165029874
2014-02-19 11:57:00,44.788000000000004,0.13805854586400002,0.0,0,-0.04974529587737142,-0.09949059175474284,-0.04974529587737142
2014-02-19 12:02:00,41.571999999999996,0.13805854586400002,0.0,0,-0.05083288729860108,-0.10166577459720216,-0.050832887298601075
2014-02-19 12:07:00,48.49800000000001,0.13805854586400002,0.0,0,-0.051907986663972665,-0.10381597332794533,-0.051907986663972665
2014-02-19 12:12:00,44.12600000000001,0.13805854586400002,0.0,0,-0.05297047782007388,-0.10594095564014776,-0.05297047782007388
2014-02-19 12:17:00,42.09,0.13805854586400002,0.0,0,-0.054020255107808585,-0.10804051021561717,-0.054020255107808585
2014-02-19 12:22:00,46.052,0.13805854586400002,0.0,0,-0.055057223230925885,-0.11011444646185177,-0.05505722323092589
2014-02-19 12:27:00,43.91,0.13805854586400002,0.0,0,-0.05608129711087822,-0.11216259422175644,-0.05608129711087822
2014-02-19 12:32:00,43.756,0.13805854586400002,0.0,0,-0.057092401728804434,-0.11418480345760887,-0.05709240172880444
2014-02-19 12:37:00,44.86,0.13805854586400002,0.0,0,-0.05809047195544253,-0.11618094391088506,-0.05809047195544252
2014-02-19 12:42:00,39.79,0.13805854586400002,0.0,0,-0.059075452369783885,-0.11815090473956776,-0.059075452369783885
2014-02-19 12:47:00,49.86,0.13805854586400002,0.0,0,-0.060047297067282485,-0.12009459413456496,-0.060047297067282485
2014-02-19 12:52:00,43.292,0.13805854586400002,0.0,0,-0.06100596945843206,-0.12201193891686413,-0.06100596945843206
2014-02-19 12:57:00,42.88,0.13805854586400002,0.0,0,-0.06195144205852041,-0.12390288411704085,-0.06195144205852041
2014-02-19 13:02:00,48.63399999999999,0.13805854586400002,0.0,0,-0.0628836962693629,-0.1257673925387258,-0.0628836962693629
2014-02-19 13:07:00,45.798,0.13805854586400002,0.0,0,-0.06380272215380746,-0.12760544430761492,-0.06380272215380746
2014-02-19 13:12:00,42.23,0.13805854586400002,0.0,0,-0.06470851820379159,-0.12941703640758315,-0.06470851820379159
2014-02-19 13:17:00,44.68600000000001,0.13805854586400002,0.0,0,-0.06560109110271665,-0.1312021822054333,-0.06560109110271665
2014-02-19 13:22:00,43.988,0.13805854586400002,0.0,0,-0.066480455482888,-0.132960910965776,-0.066480455482888
2014-02-19 13:27:00,43.873999999999995,0.13805854586400002,0.0,0,-0.06734663367875082,-0.13469326735750164,-0.06734663367875082
2014-02-19 13:32:00,43.79600000000001,0.13805854586400002,0.0,0,-0.06819965547663115,-0.1363993109532623,-0.06819965547663115
2014-02-19 13:37:00,40.14,0.13805854586400002,0.0,0,-0.06903955786166811,-0.13807911572333625,-0.06903955786166811
2014-02-19 13:42:00,49.86600000000001,0.13805854586400002,0.0,0,-0.06986638476260161,-0.13973276952520322,-0.06986638476260161
2014-02-19 13:47:00,42.816,0.13805854586400002,0.0,0,-0.07068018679505289,-0.14136037359010578,-0.07068018679505289
2014-02-19 13:52:00,40.86,0.13805854586400002,0.0,0,-0.07148102100391124,-0.14296204200782248,-0.07148102100391124
2014-02-19 13:57:00,48.31,0.13805854586400002,0.0,0,-0.0722689506054118,-0.1445379012108236,-0.0722689506054118
2014-02-19 14:02:00,45.328,0.13805854586400002,0.0,0,-0.07304404472946338,-0.14608808945892676,-0.07304404472946338
2014-02-19 14:07:00,44.46,0.13805854586400002,0.0,0,-0.0738063781627561,-0.1476127563255122,-0.0738063781627561
2014-02-19 14:12:00,45.36600000000001,0.13805854586400002,0.0,0,-0.07455603109315125,-0.1491120621863025,-0.07455603109315125
2014-02-19 14:17:00,39.882,0.13805854586400002,0.0,0,-0.07529308885582663,-0.15058617771165325,-0.07529308885582663
2014-02-19 14:22:00,49.76600000000001,0.13805854586400002,0.0,0,-0.07601764168162238,-0.15203528336324476,-0.07601764168162238
2014-02-19 14:27:00,42.49800000000001,0.13805854586400002,0.0,0,-0.07672978444800367,-0.15345956889600734,-0.07672978444800367
2014-02-19 14:32:00,40.646,0.13805854586400002,0.0,0,-0.07742961643302831,-0.15485923286605666,-0.07742961643302831
2014-02-19 14:37:00,48.61600000000001,0.13805854586400002,0.0,0,-0.07811724107267896,-0.15623448214535793,-0.07811724107267896
2014-02-19 14:42:00,44.83600000000001,0.13805854586400002,0.0,0,-0.07879276572189269,-0.15758553144378534,-0.07879276572189269
2014-02-19 14:47:00,42.324,0.13805854586400002,0.0,0,-0.07945630141959244,-0.15891260283918487,-0.07945630141959244
2014-02-19 14:52:00,45.986000000000004,0.13805854586400002,0.0,0,-0.08010796265799926,-0.16021592531599851,-0.08010796265799926
2014-02-19 14:57:00,46.292,0.13805854586400002,0.0,0,-0.08074786715647758,-0.16149573431295516,-0.08074786715647757
2014-02-19 15:02:00,43.76600000000001,0.13805854586400002,0.0,0,-0.08137613564014047,-0.16275227128028094,-0.08137613564014047
2014-02-19 15:07:00,47.244,0.13805854586400002,0.0,0,-0.08199289162341822,-0.16398578324683644,-0.08199289162341823
2014-02-19 15:12:00,45.58600000000001,0.13805854586400002,0.0,0,-0.08259826119876837,-0.16519652239753674,-0.08259826119876838
2014-02-19 15:17:00,44.738,0.13805854586400002,0.0,0,-0.08319237283068404,-0.16638474566136807,-0.08319237283068404
2014-02-19 15:22:00,45.461999999999996,0.13805854586400002,0.0,0,-0.08377535715513414,-0.16755071431026827,-0.08377535715513414
2014-02-19 15:27:00,44.46,0.13805854586400002,0.0,0,-0.08434734678454935,-0.1686946935690987,-0.08434734678454935
2014-02-19 15:32:00,43.89,0.13805854586400002,0.0,0,-0.08490847611844599,-0.16981695223689197,-0.084908476118446
2014-02-19 15:37:00,44.788000000000004,0.13805854586400002,0.0,0,-0.08545888115976279,-0.17091776231952555,-0.08545888115976279
2014-02-19 15:42:00,39.718,0.13805854586400002,0.0,0,-0.08599869933696516,-0.17199739867393032,-0.08599869933696516
2014-02-19 15:47:00,50.58600000000001,0.13805854586400002,0.0,0,-0.08652806933195674,-0.17305613866391348,-0.08652806933195674
2014-02-19 15:52:00,42.166000000000004,0.13805854586400002,0.0,0,-0.0870471309138197,-0.1740942618276394,-0.0870471309138197
2014-02-19 15:57:00,43.262,0.13805854586400002,0.0,0,-0.0875560247783913,-0.1751120495567826,-0.0875560247783913
2014-02-19 16:02:00,44.29,0.13805854586400002,0.0,0,-0.08805489239366927,-0.17610978478733855,-0.08805489239366927
2014-02-19 16:07:00,45.986000000000004,0.13805854586400002,0.0,0,-0.08854387585102565,-0.1770877517020513,-0.08854387585102565
2014-02-19 16:12:00,42.21,0.13805854586400002,0.0,0,-0.08902311772219591,-0.17804623544439185,-0.08902311772219591
2014-02-19 16:17:00,46.39,0.13805854586400002,0.0,0,-0.0894927609219988,-0.1789855218439976,-0.0894927609219988
2014-02-19 16:22:00,45.148,0.13805854586400002,0.0,0,-0.08995294857673165,-0.1799058971534633,-0.08995294857673165
2014-02-19 16:27:00,43.896,0.13805854586400002,0.0,0,-0.0904038238981761,-0.1808076477963522,-0.0904038238981761
2014-02-19 16:32:00,43.99,0.13805854586400002,0.0,0,-0.09084553006314032,-0.18169106012628064,-0.09084553006314032
2014-02-19 16:37:00,45.58600000000001,0.13805854586400002,0.0,0,-0.09127821009845556,-0.1825564201969111,-0.09127821009845555
2014-02-19 16:42:00,44.553999999999995,0.13805854586400002,0.0,0,-0.09170200677133708,-0.18340401354267416,-0.09170200677133708
2014-02-19 16:47:00,45.986000000000004,0.13805854586400002,0.0,0,-0.09211706248501393,-0.18423412497002786,-0.09211706248501393
2014-02-19 16:52:00,39.596,0.13805854586400002,0.0,0,-0.09252351917952477,-0.18504703835904954,-0.09252351917952477
2014-02-19 16:57:00,50.211999999999996,0.13805854586400002,0.0,0,-0.09292151823757257,-0.1858430364751451,-0.09292151823757255
2014-02-19 17:02:00,44.108000000000004,0.13805854586400002,0.0,0,-0.09331120039532642,-0.18662240079065284,-0.09331120039532642
2014-02-19 17:07:00,41.996,0.13805854586400002,0.0,0,-0.0936927056580541,-0.1873854113161082,-0.0936927056580541
2014-02-19 17:12:00,50.646,0.13805854586400002,0.0,0,-0.09406617322046608,-0.18813234644093216,-0.09406617322046609
2014-02-19 17:17:00,42.066,0.13805854586400002,0.0,0,-0.09443174139164902,-0.18886348278329804,-0.09443174139164902
2014-02-19 17:22:00,44.483999999999995,0.13805854586400002,0.0,0,-0.0947895475244637,-0.1895790950489274,-0.0947895475244637
2014-02-19 17:27:00,48.508,0.13805854586400002,0.0,0,-0.0951397279492816,-0.1902794558985632,-0.0951397279492816
2014-02-19 17:32:00,44.86,0.13805854586400002,0.0,0,-0.09548241791193186,-0.19096483582386373,-0.09548241791193186
2014-02-19 17:37:00,43.292,0.13805854586400002,0.0,0,-0.09581775151573027,-0.19163550303146054,-0.09581775151573028
2014-02-19 17:42:00,46.22,0.13805854586400002,0.0,0,-0.09614586166746077,-0.19229172333492156,-0.09614586166746077
2014-02-19 17:47:00,44.756,0.13805854586400002,0.0,0,-0.09646688002718044,-0.1929337600543609,-0.09646688002718043
2014-02-19 17:52:00,42.77,0.13805854586400002,0.0,0,-0.09678093696171833,-0.19356187392343666,-0.09678093696171833
2014-02-19 17:57:00,46.69,0.13805854586400002,0.0,0,-0.09708816150173996,-0.1941763230034799,-0.09708816150173995
2014-02-19 18:02:00,39.342,0.12504656064,0.0250000003725,0,-0.09738868130224887,-0.19477736260449774,-0.09738868130224888
2014-02-19 18:07:00,49.76600000000001,0.12504656064,0.0,0,-0.09768262260639923,-0.19536524521279847,-0.09768262260639923
2014-02-19 18:12:00,43.192,0.12504656064,0.0,0,-0.09797011021249304,-0.19594022042498607,-0.09797011021249304
2014-02-19 18:17:00,40.586,0.112810386877,0.0250000003725,0,-0.09825126744403867,-0.1965025348880773,-0.09825126744403867
2014-02-19 18:22:00,46.482,0.112810386877,0.0,0,-0.0985262161227481,-0.1970524322454962,-0.0985262161227481
2014-02-19 18:27:00,43.716,0.112810386877,0.0,0,-0.09879507654435242,-0.19759015308870484,-0.09879507654435242
2014-02-19 18:32:00,42.066,0.112810386877,0.0,0,-0.09905796745711752,-0.19811593491423504,-0.09905796745711752
2014-02-19 18:37:00,45.328,0.112810386877,0.0,0,-0.09931500604294363,-0.1986300120858873,-0.09931500604294365
2014-02-19 18:42:00,39.626,0.10133926617200001,0.0250000003725,0,-0.0995663079009353,-0.1991326158018706,-0.0995663079009353
2014-02-19 18:47:00,49.178000000000004,0.10133926617200001,0.0,0,-0.09981198703332993,-0.19962397406665985,-0.09981198703332991
2014-02-19 18:52:00,43.31,0.112810386877,0.0,0,-0.10005215583367676,-0.2001043116673535,-0.10005215583367676
2014-02-19 18:57:00,42.16,0.112810386877,0.0,0,-0.10028692507715978,-0.2005738501543196,-0.10028692507715978
2014-02-19 19:02:00,46.666000000000004,0.112810386877,0.0,0,-0.10051640391296104,-0.2010328078259221,-0.10051640391296104
2014-02-19 19:07:00,45.528,0.12504656064,0.0,0,-0.10074069985856386,-0.20148139971712767,-0.10074069985856386
2014-02-19 19:12:00,40.376,0.112810386877,0.0250000003725,0,-0.1009599187958977,-0.2019198375917954,-0.1009599187958977
2014-02-19 19:17:00,45.961999999999996,0.112810386877,0.0,0,-0.10117416496922996,-0.20234832993845991,-0.10117416496922996
2014-02-19 19:22:00,43.674,0.112810386877,0.0,0,-0.10138354098471183,-0.2027670819694237,-0.10138354098471185
2014-02-19 19:27:00,41.738,0.112810386877,0.0,0,-0.1015881478114892,-0.20317629562297845,-0.10158814781148921
2014-02-19 19:32:00,44.43600000000001,0.12504656064,0.0,0,-0.10178808478429152,-0.20357616956858304,-0.10178808478429152
2014-02-19 19:37:00,44.342,0.12504656064,0.0,0,-0.10198344960741516,-0.20396689921483036,-0.10198344960741516
2014-02-19 19:42:00,42.23,0.12504656064,0.0,0,-0.10217433836002003,-0.2043486767200401,-0.10217433836002004
2014-02-19 19:47:00,44.964,0.12504656064,0.0,0,-0.10236084550266134,-0.20472169100532267,-0.10236084550266134
2014-02-19 19:52:00,39.576,0.12504656064,0.0,0,-0.1025430638849808,-0.20508612776996166,-0.10254306388498081
2014-02-19 19:57:00,50.63,0.12504656064,0.0,0,-0.10272108475448508,-0.20544216950897015,-0.10272108475448509
2014-02-19 20:02:00,42.16,0.13805854586400002,0.0,0,-0.10289499776634088,-0.20578999553268176,-0.10289499776634088
2014-02-19 20:07:00,40.282,0.13805854586400002,0.0,0,-0.10306489099411972,-0.20612978198823945,-0.10306489099411971
2014-02-19 20:12:00,48.004,0.13805854586400002,0.0,0,-0.10323085094142744,-0.20646170188285487,-0.10323085094142744
2014-02-19 20:17:00,41.924,0.13805854586400002,0.0,0,-0.1033929625543566,-0.2067859251087132,-0.10339296255435661
2014-02-19 20:22:00,41.25,0.13805854586400002,0.0,0,-0.1035513092347016,-0.20710261846940325,-0.10355130923470161
2014-02-19 20:27:00,43.854,0.13805854586400002,0.0,0,-0.10370597285387986,-0.20741194570775973,-0.10370597285387986
2014-02-19 20:32:00,39.062,0.12504656064,0.0250000003725,0,-0.10385703376750394,-0.20771406753500787,-0.10385703376750394
2014-02-19 20:37:00,49.028,0.12504656064,0.0,0,-0.10400457083055246,-0.20800914166110493,-0.10400457083055246
2014-02-19 20:42:00,42.078,0.12504656064,0.0,0,-0.10414866141308952,-0.20829732282617905,-0.10414866141308951
2014-02-19 20:47:00,40.566,0.12504656064,0.0,0,-0.1042893814164847,-0.2085787628329694,-0.1042893814164847
2014-02-19 20:52:00,46.15,0.12504656064,0.0,0,-0.1044268052900882,-0.20885361058017646,-0.10442680529008821
2014-02-19 20:57:00,45.56800000000001,0.12504656064,0.0,0,-0.10456100604831736,-0.20912201209663472,-0.10456100604831736
2014-02-19 21:02:00,41.141999999999996,0.12504656064,0.0,0,-0.10469205528811278,-0.20938411057622555,-0.10469205528811278
2014-02-19 21:07:00,46.544,0.12504656064,0.0,0,-0.10482002320672512,-0.20964004641345024,-0.10482002320672511
2014-02-19 21:12:00,38.802,0.112810386877,0.0250000003725,0,-0.10494497861979436,-0.20988995723958875,-0.10494497861979436
2014-02-19 21:17:00,48.873999999999995,0.112810386877,0.0,0,-0.1050669889796862,-0.2101339779593724,-0.10506698897968621
2014-02-19 21:22:00,41.056000000000004,0.12504656064,0.0,0,-0.1051861203940513,-0.2103722407881026,-0.1051861203940513
2014-02-19 21:27:00,40.54,0.12504656064,0.0,0,-0.10530243764457548,-0.21060487528915092,-0.10530243764457548
2014-02-19 21:32:00,46.83,0.12504656064,0.0,0,-0.1054160042058903,-0.2108320084117806,-0.1054160042058903
2014-02-19 21:37:00,41.83,0.12504656064,0.0,0,-0.10552688226461507,-0.21105376452923014,-0.10552688226461507
2014-02-19 21:42:00,41.55,0.12504656064,0.0,0,-0.10563513273850296,-0.2112702654770059,-0.10563513273850295
2014-02-19 21:47:00,44.083999999999996,0.12504656064,0.0,0,-0.10574081529566552,-0.21148163059133104,-0.10574081529566552
2014-02-19 21:52:00,38.782,0.112810386877,0.0250000003725,0,-0.1058439883738514,-0.2116879767477028,-0.10584398837385141
2014-02-19 21:57:00,50.556000000000004,0.112810386877,0.0,0,-0.10594470919975583,-0.21188941839951167,-0.10594470919975583
2014-02-19 22:02:00,41.854,0.12504656064,0.0,0,-0.10604303380833986,-0.21208606761667967,-0.10604303380833986
2014-02-19 22:07:00,42.582,0.12504656064,0.0,0,-0.10613901706213864,-0.2122780341242773,-0.10613901706213863
2014-02-19 22:12:00,44.7,0.12504656064,0.0,0,-0.10623271267053992,-0.21246542534107984,-0.10623271267053991
2014-02-19 22:17:00,40.188,0.12504656064,0.0,0,-0.10632417320901458,-0.21264834641802915,-0.10632417320901458
2014-02-19 22:22:00,41.902,0.12504656064,0.0,0,-0.106413450138283,-0.212826900276566,-0.10641345013828299
2014-02-19 22:27:00,44.718,0.12504656064,0.0,0,-0.10650059382340077,-0.2130011876468015,-0.10650059382340075
2014-02-19 22:32:00,38.574,0.112810386877,0.0250000003725,0,-0.10658565355275004,-0.21317130710550009,-0.10658565355275004
2014-02-19 22:37:00,48.782,0.112810386877,0.0,0,-0.10666867755692228,-0.21333735511384455,-0.10666867755692229
2014-02-19 22:42:00,41.431999999999995,0.12504656064,0.0,0,-0.10674971302747993,-0.21349942605495986,-0.10674971302747993
2014-02-19 22:47:00,40.366,0.12504656064,0.0,0,-0.10682880613558536,-0.2136576122711707,-0.10682880613558535
2014-02-19 22:52:00,46.032,0.12504656064,0.0,0,-0.10690600205048599,-0.213812004100972,-0.10690600205048599
2014-02-19 22:57:00,44.76600000000001,0.12504656064,0.0,0,-0.10698134495784584,-0.21396268991569167,-0.10698134495784584
2014-02-19 23:02:00,42.3,0.12504656064,0.0,0,-0.10705487807791376,-0.2141097561558275,-0.10705487807791375
2014-02-19 23:07:00,46.22,0.12504656064,0.0,0,-0.10712664368352033,-0.21425328736704066,-0.10712664368352033
2014-02-19 23:12:00,38.92,0.112810386877,0.0250000003725,0,-0.10719668311789544,-0.2143933662357909,-0.10719668311789544
2014-02-19 23:17:00,48.896,0.112810386877,0.0,0,-0.10726503681229912,-0.21453007362459825,-0.10726503681229912
2014-02-19 23:22:00,42.114,0.12504656064,0.0,0,-0.10733174430345968,-0.21466348860691933,-0.10733174430345967
2014-02-19 23:27:00,39.906,0.12504656064,0.0,0,-0.10739684425081288,-0.21479368850162572,-0.10739684425081288
2014-02-19 23:32:00,47.324,0.12504656064,0.0,0,-0.1074603744535371,-0.2149207489070742,-0.1074603744535371
2014-02-19 23:37:00,41.332,0.12504656064,0.0,0,-0.10752237186737956,-0.2150447437347591,-0.10752237186737955
2014-02-19 23:42:00,41.79600000000001,0.12504656064,0.0,0,-0.1075828726212695,-0.21516574524253898,-0.1075828726212695
2014-02-19 23:47:00,44.45399999999999,0.12504656064,0.0,0,-0.10764191203371476,-0.2152838240674295,-0.10764191203371475
2014-02-19 23:52:00,38.408,0.10133926617200001,0.0500000007451,0,-0.10769952462897804,-0.21539904925795605,-0.10769952462897803
2014-02-19 23:57:00,50.95399999999999,0.10133926617200001,0.0,0,-0.10775574415303067,-0.21551148830606134,-0.10775574415303069
2014-02-20 00:02:00,41.821999999999996,0.112810386877,0.0,0,-0.10781060358928106,-0.21562120717856206,-0.10781060358928106
2014-02-20 00:07:00,41.68,0.112810386877,0.0,0,-0.10786413517407573,-0.21572827034815145,-0.10786413517407571
2014-02-20 00:12:00,46.198,0.112810386877,0.0,0,-0.10791637041197186,-0.2158327408239437,-0.10791637041197186
2014-02-20 00:17:00,42.916000000000004,0.112810386877,0.0,0,-0.10796734009077966,-0.2159346801815593,-0.10796734009077966
2014-02-20 00:22:00,41.976000000000006,0.112810386877,0.0,0,-0.10801707429637347,-0.21603414859274692,-0.10801707429637347
2014-02-20 00:27:00,43.70399999999999,0.112810386877,0.0,0,-0.10806560242727152,-0.21613120485454304,-0.10806560242727152
2014-02-20 00:32:00,39.264,0.112810386877,0.0,0,-0.10811295320898336,-0.2162259064179667,-0.10811295320898336
2014-02-20 00:37:00,48.44,0.112810386877,0.0,0,-0.10815915470812547,-0.21631830941625094,-0.10815915470812548
2014-02-20 00:42:00,41.746,0.13805854586400002,0.0,0,-0.10820423434630484,-0.21640846869260968,-0.10820423434630483
2014-02-20 00:47:00,41.924,0.13805854586400002,0.0,0,-0.10824821891377084,-0.2164964378275417,-0.10824821891377083
2014-02-20 00:52:00,44.526,0.13805854586400002,0.0,0,-0.1082911345828367,-0.2165822691656734,-0.1082911345828367
2014-02-20 00:57:00,44.508,0.13805854586400002,0.0,0,-0.10833300692107062,-0.21666601384214124,-0.10833300692107062
2014-02-20 01:02:00,43.85,0.13805854586400002,0.0,0,-0.10837386090425796,-0.21674772180851595,-0.10837386090425796
2014-02-20 01:07:00,46.162,0.13805854586400002,0.0,0,-0.1084137209291358,-0.2168274418582716,-0.1084137209291358
2014-02-20 01:12:00,38.524,0.12504656064,0.0250000003725,0,-0.10845261082590107,-0.21690522165180212,-0.10845261082590107
2014-02-20 01:17:00,46.942,0.12504656064,0.0,0,-0.1084905538704938,-0.2169811077409876,-0.10849055387049379
2014-02-20 01:22:00,43.356,0.12504656064,0.0,0,-0.10852757279665734,-0.21705514559331468,-0.10852757279665734
2014-02-20 01:27:00,41.083999999999996,0.12504656064,0.0,0,-0.10856368980777722,-0.21712737961555445,-0.10856368980777722
2014-02-20 01:32:00,45.211999999999996,0.12504656064,0.0,0,-0.10859892658850058,-0.2171978531770012,-0.10859892658850058
2014-02-20 01:37:00,43.474,0.12504656064,0.0,0,-0.1086333043161382,-0.2172666086322764,-0.1086333043161382
2014-02-20 01:42:00,42.222,0.12504656064,0.0,0,-0.10866684367185148,-0.21733368734370295,-0.10866684367185149
2014-02-20 01:47:00,43.92,0.12504656064,0.0,0,-0.10869956485162637,-0.21739912970325276,-0.10869956485162637
2014-02-20 01:52:00,39.672,0.12504656064,0.0,0,-0.10873148757703653,-0.21746297515407306,-0.10873148757703653
2014-02-20 01:57:00,51.292,0.12504656064,0.0,0,-0.1087626311057985,-0.21752526221159701,-0.1087626311057985
2014-02-20 02:02:00,41.431999999999995,0.13805854586400002,0.0,0,-0.10879301424212093,-0.21758602848424186,-0.10879301424212091
2014-02-20 02:07:00,42.77,0.13805854586400002,0.0,0,-0.10882265534685044,-0.21764531069370088,-0.10882265534685044
2014-02-20 02:12:00,45.37600000000001,0.13805854586400002,0.0,0,-0.10885157234741716,-0.21770314469483432,-0.10885157234741716
2014-02-20 02:17:00,42.816,0.13805854586400002,0.0,0,-0.10887978274758177,-0.2177595654951635,-0.10887978274758175
2014-02-20 02:22:00,41.56800000000001,0.13805854586400002,0.0,0,-0.10890730363698746,-0.21781460727397486,-0.10890730363698746
2014-02-20 02:27:00,43.802,0.13805854586400002,0.0,0,-0.10893415170051923,-0.2178683034010385,-0.10893415170051925
2014-02-20 02:32:00,39.53,0.13805854586400002,0.0,0,-0.108960343227473,-0.21792068645494603,-0.108960343227473
2014-02-20 02:37:00,49.202,0.13805854586400002,0.0,0,-0.10898589412053768,-0.21797178824107533,-0.10898589412053768
2014-02-20 02:42:00,41.784,0.13805854586400002,0.0,0,-0.10901081990459294,-0.21802163980918587,-0.10901081990459294
2014-02-20 02:47:00,41.338,0.13805854586400002,0.0,0,-0.1090351357353252,-0.2180702714706504,-0.10903513573532521
2014-02-20 02:52:00,45.07,0.13805854586400002,0.0,0,-0.10905885640766493,-0.21811771281532985,-0.10905885640766491
2014-02-20 02:57:00,44.76600000000001,0.13805854586400002,0.0,0,-0.10908199636404776,-0.2181639927280955,-0.10908199636404775
2014-02-20 03:02:00,43.333999999999996,0.13805854586400002,0.0,0,-0.10910456970250283,-0.2182091394050057,-0.10910456970250285
2014-02-20 03:07:00,43.576,0.13805854586400002,0.0,0,-0.1091265901845705,-0.21825318036914101,-0.1091265901845705
2014-02-20 03:12:00,40.728,0.13805854586400002,0.0,0,-0.10914807124305237,-0.21829614248610474,-0.10914807124305237
2014-02-20 03:17:00,48.57,0.13805854586400002,0.0,0,-0.10916902598959714,-0.2183380519791943,-0.10916902598959714
2014-02-20 03:22:00,41.738,0.13805854586400002,0.0,0,-0.10918946722212408,-0.21837893444424816,-0.10918946722212408
2014-02-20 03:27:00,41.338,0.13805854586400002,0.0,0,-0.10920940743208757,-0.2184188148641752,-0.10920940743208758
2014-02-20 03:32:00,44.882,0.13805854586400002,0.0,0,-0.1092288588115854,-0.2184577176231708,-0.10922885881158541
2014-02-20 03:37:00,43.39,0.13805854586400002,0.0,0,-0.10924783326031334,-0.21849566652062669,-0.10924783326031334
2014-02-20 03:42:00,46.056000000000004,0.13805854586400002,0.0,0,-0.10926634239236906,-0.2185326847847381,-0.10926634239236906
2014-02-20 03:47:00,42.88800000000001,0.13805854586400002,0.0,0,-0.1092843975429079,-0.2185687950858158,-0.1092843975429079
2014-02-20 03:52:00,38.61,0.112810386877,0.0500000007451,0,-0.10930200977465326,-0.21860401954930653,-0.10930200977465326
2014-02-20 03:57:00,48.78,0.112810386877,0.0,0,-0.1093191898842644,-0.2186383797685288,-0.1093191898842644
2014-02-20 04:02:00,43.873999999999995,0.112810386877,0.0,0,-0.10933594840856414,-0.2186718968171283,-0.10933594840856414
2014-02-20 04:07:00,43.45,0.112810386877,0.0,0,-0.10935229563062923,-0.21870459126125846,-0.10935229563062923
2014-02-20 04:12:00,45.698,0.112810386877,0.0,0,-0.10936824158574593,-0.21873648317149186,-0.10936824158574592
2014-02-20 04:17:00,42.724,0.112810386877,0.0,0,-0.1093837960672334,-0.2187675921344668,-0.10938379606723339
2014-02-20 04:22:00,43.662,0.112810386877,0.0,0,-0.10939896863213756,-0.21879793726427516,-0.10939896863213756
2014-02-20 04:27:00,42.724,0.112810386877,0.0,0,-0.1094137686067978,-0.2188275372135956,-0.10941376860679779
2014-02-20 04:32:00,39.788000000000004,0.112810386877,0.0,0,-0.10942820509228887,-0.21885641018457772,-0.10942820509228887
2014-02-20 04:37:00,48.466,0.112810386877,0.0,0,-0.10944228696974108,-0.21888457393948216,-0.10944228696974108
2014-02-20 04:42:00,41.96,0.13805854586400002,0.0,0,-0.10945602290554036,-0.2189120458110807,-0.10945602290554035
2014-02-20 04:47:00,41.924,0.13805854586400002,0.0,0,-0.10946942135641123,-0.21893884271282246,-0.10946942135641123
2014-02-20 04:52:00,44.72,0.13805854586400002,0.0,0,-0.1094824905743848,-0.2189649811487696,-0.1094824905743848
2014-02-20 04:57:00,40.634,0.13805854586400002,0.0,0,-0.10949523861165412,-0.21899047722330825,-0.10949523861165412
2014-02-20 05:02:00,49.153999999999996,0.13805854586400002,0.0,0,-0.1095076733253192,-0.2190153466506384,-0.1095076733253192
2014-02-20 05:07:00,43.426,0.13805854586400002,0.0,0,-0.10951980238202406,-0.21903960476404813,-0.10951980238202406
2014-02-20 05:12:00,40.796,0.13805854586400002,0.0,0,-0.10953163326248788,-0.21906326652497576,-0.10953163326248788
2014-02-20 05:17:00,46.97,0.13805854586400002,0.0,0,-0.1095431732659326,-0.2190863465318652,-0.1095431732659326
2014-02-20 05:22:00,42.7,0.13805854586400002,0.0,0,-0.10955442951440902,-0.21910885902881805,-0.10955442951440902
2014-02-20 05:27:00,42.3,0.13805854586400002,0.0,0,-0.1095654089570236,-0.2191308179140472,-0.1095654089570236
2014-02-20 05:32:00,45.896,0.13805854586400002,0.0,0,-0.10957611837406796,-0.21915223674813591,-0.10957611837406796
2014-02-20 05:37:00,39.108000000000004,0.13805854586400002,0.0,0,-0.1095865643810533,-0.2191731287621066,-0.1095865643810533
2014-02-20 05:42:00,48.492,0.13805854586400002,0.0,0,-0.1095967534326516,-0.2191935068653032,-0.10959675343265159
2014-02-20 05:47:00,42.39,0.13805854586400002,0.0,0,-0.10960669182654564,-0.2192133836530913,-0.10960669182654564
2014-02-20 05:52:00,39.576,0.13805854586400002,0.0,0,-0.10961638570718994,-0.21923277141437988,-0.10961638570718994
2014-02-20 05:57:00,50.51600000000001,0.13805854586400002,0.0,0,-0.10962584106948424,-0.21925168213896848,-0.10962584106948424
2014-02-20 06:02:00,41.31399999999999,0.13805854586400002,0.0,0,-0.10963506376236164,-0.21927012752472327,-0.10963506376236164
2014-02-20 06:07:00,43.026,0.13805854586400002,0.0,0,-0.10964405949229326,-0.21928811898458653,-0.10964405949229326
2014-02-20 06:12:00,44.812,0.13805854586400002,0.0,0,-0.10965283382671116,-0.2193056676534223,-0.10965283382671115
2014-02-20 06:17:00,38.92,0.13805854586400002,0.0,0,-0.1096613921973512,-0.2193227843947024,-0.1096613921973512
2014-02-20 06:22:00,49.79,0.13805854586400002,0.0,0,-0.10966973990351786,-0.21933947980703566,-0.10966973990351786
2014-02-20 06:27:00,41.666000000000004,0.13805854586400002,0.0,0,-0.10967788211527256,-0.2193557642305451,-0.10967788211527255
2014-02-20 06:32:00,40.586,0.13805854586400002,0.0,0,-0.10968582387654703,-0.21937164775309406,-0.10968582387654703
2014-02-20 06:37:00,45.842,0.13805854586400002,0.0,0,-0.10969357010818397,-0.2193871402163679,-0.10969357010818395
2014-02-20 06:42:00,43.028,0.13805854586400002,0.0,0,-0.10970112561090564,-0.21940225122181128,-0.10970112561090563
2014-02-20 06:47:00,42.442,0.13805854586400002,0.0,0,-0.1097084950682131,-0.2194169901364262,-0.1097084950682131
2014-02-20 06:52:00,44.226000000000006,0.13805854586400002,0.0,0,-0.1097156830492168,-0.2194313660984336,-0.10971568304921679
2014-02-20 06:57:00,41.408,0.13805854586400002,0.0,0,-0.10972269401140028,-0.21944538802280056,-0.10972269401140028
2014-02-20 07:02:00,49.083999999999996,0.13805854586400002,0.0,0,-0.10972953230331896,-0.21945906460663794,-0.10972953230331897
2014-02-20 07:07:00,43.333999999999996,0.13805854586400002,0.0,0,-0.10973620216723462,-0.21947240433446924,-0.10973620216723462
2014-02-20 07:12:00,40.278,0.13805854586400002,0.0,0,-0.1097427077416878,-0.2194854154833756,-0.10974270774168779
2014-02-20 07:17:00,44.693999999999996,0.13805854586400002,0.0,0,-0.10974905306400903,-0.2194981061280181,-0.10974905306400905
2014-02-20 07:22:00,43.403999999999996,0.13805854586400002,0.0,0,-0.10975524207277072,-0.21951048414554145,-0.10975524207277072
2014-02-20 07:27:00,42.206,0.13805854586400002,0.0,0,-0.10976127861018042,-0.21952255722036085,-0.10976127861018042
2014-02-20 07:32:00,43.756,0.13805854586400002,0.0,0,-0.10976716642441747,-0.21953433284883492,-0.10976716642441747
2014-02-20 07:37:00,39.226,0.12504656064,0.0250000003725,0,-0.10977290917191394,-0.2195458183438279,-0.10977290917191394
2014-02-20 07:42:00,49.6,0.12504656064,0.0,0,-0.10977851041958116,-0.21955702083916231,-0.10977851041958116
2014-02-20 07:47:00,41.01,0.12504656064,0.0,0,-0.10978397364698328,-0.21956794729396653,-0.10978397364698327
2014-02-20 07:52:00,40.492,0.12504656064,0.0,0,-0.10978930224845873,-0.2195786044969175,-0.10978930224845874
2014-02-20 07:57:00,48.428000000000004,0.12504656064,0.0,0,-0.10979449953519144,-0.21958899907038287,-0.10979449953519144
2014-02-20 08:02:00,42.91,0.12504656064,0.0,0,-0.10979956873723186,-0.21959913747446366,-0.10979956873723186
2014-02-20 08:07:00,43.45,0.12504656064,0.0,0,-0.1098045130054703,-0.2196090260109406,-0.1098045130054703
2014-02-20 08:12:00,44.062,0.12504656064,0.0,0,-0.10980933541356258,-0.2196186708271252,-0.10980933541356258
2014-02-20 08:17:00,39.012,0.112810386877,0.0250000003725,0,-0.10981403895980968,-0.21962807791961936,-0.10981403895980969
2014-02-20 08:22:00,47.958,0.112810386877,0.0,0,-0.10981862656899236,-0.21963725313798474,-0.10981862656899237
2014-02-20 08:27:00,41.91,0.12504656064,0.0,0,-0.10982310109416156,-0.21964620218832312,-0.10982310109416156
2014-02-20 08:32:00,38.85,0.10133926617200001,0.0500000007451,0,-0.10982746531838596,-0.21965493063677194,-0.10982746531838597
2014-02-20 08:37:00,49.434,0.10133926617200001,0.0,0,-0.10983172195645753,-0.21966344391291506,-0.10983172195645753
2014-02-20 08:42:00,42.042,0.10133926617200001,0.0,0,-0.10983587365655594,-0.21967174731311187,-0.10983587365655594
2014-02-20 08:47:00,41.104,0.0906213267703,0.0250000003725,0,-0.10983992300187297,-0.2196798460037459,-0.10983992300187295
2014-02-20 08:52:00,44.722,0.0906213267703,0.0,0,-0.10984387251219788,-0.21968774502439573,-0.10984387251219788
2014-02-20 08:57:00,40.54,0.0906213267703,0.0,0,-0.10984772464546444,-0.2196954492909289,-0.10984772464546445
2014-02-20 09:02:00,47.184,0.0906213267703,0.0,0,-0.10985148179926076,-0.2197029635985216,-0.10985148179926078
2014-02-20 09:07:00,45.023999999999994,0.10133926617200001,0.0,0,-0.1098551463123026,-0.2197102926246052,-0.10985514631230259
2014-02-20 09:12:00,40.354,0.10133926617200001,0.0,0,-0.10985872046587107,-0.21971744093174214,-0.10985872046587108
2014-02-20 09:17:00,46.29600000000001,0.10133926617200001,0.0,0,-0.10986220648521593,-0.21972441297043185,-0.10986220648521593
2014-02-20 09:22:00,43.592,0.12504656064,0.0,0,-0.10986560654092443,-0.21973121308184887,-0.10986560654092443
2014-02-20 09:27:00,42.256,0.12504656064,0.0,0,-0.10986892275025756,-0.21973784550051514,-0.10986892275025757
2014-02-20 09:32:00,42.63800000000001,0.12504656064,0.0,0,-0.10987215717845364,-0.21974431435690728,-0.10987215717845364
2014-02-20 09:37:00,40.704,0.13805854586400002,0.0,0,-0.1098753118400005,-0.219750623680001,-0.1098753118400005
2014-02-20 09:42:00,46.408,0.13805854586400002,0.0,0,-0.1098783886998768,-0.2197567773997536,-0.1098783886998768
2014-02-20 09:47:00,42.184,0.13805854586400002,0.0,0,-0.10988138967476332,-0.21976277934952665,-0.10988138967476331
2014-02-20 09:52:00,39.554,0.13805854586400002,0.0,0,-0.10988431663422474,-0.21976863326844948,-0.10988431663422474
2014-02-20 09:57:00,50.828,0.12504656064,0.0250000003725,0,-0.109887171401863,-0.219774342803726,-0.109887171401863
2014-02-20 10:02:00,41.268,0.12504656064,0.0,0,-0.1098899557564425,-0.219779911512885,-0.1098899557564425
2014-02-20 10:07:00,43.216,0.12504656064,0.0,0,-0.1098926714329879,-0.2197853428659758,-0.1098926714329879
2014-02-20 10:12:00,45.61,0.12504656064,0.0,0,-0.10989532012385557,-0.2197906402477111,-0.10989532012385556
2014-02-20 10:17:00,42.69600000000001,0.12504656064,0.0,0,-0.10989790347977868,-0.21979580695955736,-0.10989790347977868
2014-02-20 10:22:00,42.746,0.12504656064,0.0,0,-0.10990042311088707,-0.21980084622177412,-0.10990042311088707
2014-02-20 10:27:00,42.99800000000001,0.12504656064,0.0,0,-0.10990288058770237,-0.21980576117540476,-0.10990288058770237
2014-02-20 10:32:00,38.874,0.12504656064,0.0,0,-0.10990527744210858,-0.2198105548842172,-0.10990527744210858
2014-02-20 10:37:00,48.662,0.12504656064,0.0,0,-0.1099076151682996,-0.2198152303365992,-0.1099076151682996
2014-02-20 10:42:00,41.378,0.12504656064,0.0,0,-0.10990989522370308,-0.21981979044740613,-0.10990989522370308
2014-02-20 10:47:00,40.814,0.13805854586400002,0.0,0,-0.10991211902988222,-0.21982423805976445,-0.10991211902988222
2014-02-20 10:52:00,45.37600000000001,0.13805854586400002,0.0,0,-0.10991428797341546,-0.21982857594683086,-0.10991428797341546
2014-02-20 10:57:00,45.163999999999994,0.13805854586400002,0.0,0,-0.1099164034067546,-0.2198328068135092,-0.1099164034067546
2014-02-20 11:02:00,43.508,0.13805854586400002,0.0,0,-0.1099184666490622,-0.2198369332981244,-0.1099184666490622
2014-02-20 11:07:00,45.004,0.13805854586400002,0.0,0,-0.10992047898702847,-0.21984095797405695,-0.10992047898702849
2014-02-20 11:12:00,38.356,0.12504656064,0.0250000003725,0,-0.10992244167566832,-0.21984488335133665,-0.10992244167566832
2014-02-20 11:17:00,48.968,0.12504656064,0.0,0,-0.10992435593909873,-0.21984871187819746,-0.10992435593909872
2014-02-20 11:22:00,41.456,0.12504656064,0.0,0,-0.10992622297129738,-0.2198524459425948,-0.10992622297129738
2014-02-20 11:27:00,40.758,0.12504656064,0.0,0,-0.10992804393684276,-0.21985608787368555,-0.10992804393684277
2014-02-20 11:32:00,45.68,0.12504656064,0.0,0,-0.10992981997163613,-0.21985963994327226,-0.10992981997163612
2014-02-20 11:37:00,42.864,0.12504656064,0.0,0,-0.1099315521836056,-0.2198631043672112,-0.10993155218360559
2014-02-20 11:42:00,43.396,0.12504656064,0.0,0,-0.10993324165339363,-0.21986648330678726,-0.10993324165339363
2014-02-20 11:47:00,42.56399999999999,0.12504656064,0.0,0,-0.10993488943502712,-0.21986977887005424,-0.10993488943502712
2014-02-20 11:52:00,40.234,0.12504656064,0.0,0,-0.10993649655657137,-0.21987299311314276,-0.10993649655657137
2014-02-20 11:57:00,50.931999999999995,0.12504656064,0.0,0,-0.1099380640207681,-0.2198761280415362,-0.1099380640207681
2014-02-20 12:02:00,41.373999999999995,0.13805854586400002,0.0,0,-0.10993959280565772,-0.21987918561131545,-0.10993959280565771
2014-02-20 12:07:00,42.354,0.13805854586400002,0.0,0,-0.10994108386518653,-0.21988216773037306,-0.10994108386518653
2014-02-20 12:12:00,45.532,0.13805854586400002,0.0,0,-0.10994253812979894,-0.21988507625959788,-0.10994253812979894
2014-02-20 12:17:00,42.952,0.13805854586400002,0.0,0,-0.10994395650701527,-0.21988791301403052,-0.10994395650701527
2014-02-20 12:22:00,42.008,0.13805854586400002,0.0,0,-0.10994533988199534,-0.21989067976399068,-0.10994533988199534
2014-02-20 12:27:00,44.022,0.13805854586400002,0.0,0,-0.10994668911808833,-0.21989337823617666,-0.10994668911808833
2014-02-20 12:32:00,38.756,0.12504656064,0.0250000003725,0,-0.10994800505736912,-0.21989601011473825,-0.10994800505736911
2014-02-20 12:37:00,48.31,0.12504656064,0.0,0,-0.10994928852116152,-0.21989857704232305,-0.10994928852116151
2014-02-20 12:42:00,41.501999999999995,0.112810386877,0.0250000003725,0,-0.10995054031054867,-0.21990108062109734,-0.10995054031054868
2014-02-20 12:47:00,40.732,0.112810386877,0.0,0,-0.10995176120687103,-0.21990352241374203,-0.109951761206871
2014-02-20 12:52:00,44.93,0.112810386877,0.0,0,-0.1099529519722118,-0.2199059039444236,-0.1099529519722118
2014-02-20 12:57:00,44.816,0.112810386877,0.0,0,-0.10995411334987112,-0.21990822669974225,-0.10995411334987112
2014-02-20 13:02:00,44.202,0.112810386877,0.0,0,-0.10995524606482786,-0.2199104921296557,-0.10995524606482786
2014-02-20 13:07:00,44.45,0.112810386877,0.0,0,-0.10995635082419067,-0.21991270164838134,-0.10995635082419067
2014-02-20 13:12:00,39.152,0.112810386877,0.0,0,-0.10995742831763773,-0.21991485663527546,-0.10995742831763773
2014-02-20 13:17:00,48.123999999999995,0.112810386877,0.0,0,-0.10995847921784564,-0.21991695843569128,-0.10995847921784564
2014-02-20 13:22:00,41.416000000000004,0.12504656064,0.0,0,-0.10995950418090804,-0.21991900836181608,-0.10995950418090804
2014-02-20 13:27:00,41.361999999999995,0.12504656064,0.0,0,-0.1099605038467437,-0.2199210076934874,-0.1099605038467437
2014-02-20 13:32:00,45.37600000000001,0.13805854586400002,0.0,0,-0.10996147883949474,-0.21992295767898948,-0.10996147883949474
2014-02-20 13:37:00,39.118,0.13805854586400002,0.0,0,-0.109962429767915,-0.21992485953583,-0.109962429767915
2014-02-20 13:42:00,48.708,0.13805854586400002,0.0,0,-0.10996335722574901,-0.219926714451498,-0.10996335722574899
2014-02-20 13:47:00,41.55,0.13805854586400002,0.0,0,-0.10996426179210136,-0.2199285235842027,-0.10996426179210135
2014-02-20 13:52:00,39.878,0.13805854586400002,0.0,0,-0.10996514403179744,-0.21993028806359488,-0.10996514403179744
2014-02-20 13:57:00,47.782,0.13805854586400002,0.0,0,-0.10996600449573496,-0.2199320089914699,-0.10996600449573495
2014-02-20 14:02:00,43.382,0.13805854586400002,0.0,0,-0.10996684372122684,-0.2199336874424537,-0.10996684372122685
2014-02-20 14:07:00,43.192,0.13805854586400002,0.0,0,-0.10996766223233606,-0.21993532446467207,-0.10996766223233606
2014-02-20 14:12:00,44.226000000000006,0.13805854586400002,0.0,0,-0.10996846054020172,-0.21993692108040344,-0.10996846054020172
2014-02-20 14:17:00,44.136,0.13805854586400002,0.0,0,-0.1099692391433576,-0.2199384782867152,-0.10996923914335759
2014-02-20 14:22:00,43.382,0.13805854586400002,0.0,0,-0.10996999852804253,-0.21993999705608505,-0.10996999852804251
2014-02-20 14:27:00,41.913999999999994,0.13805854586400002,0.0,0,-0.10997073916850332,-0.21994147833700667,-0.10997073916850333
2014-02-20 14:32:00,39.8,0.13805854586400002,0.0,0,-0.10997146152729034,-0.21994292305458069,-0.10997146152729034
2014-02-20 14:37:00,49.513999999999996,0.13805854586400002,0.0,0,-0.10997216605554536,-0.21994433211109074,-0.10997216605554537
2014-02-20 14:42:00,41.83,0.13805854586400002,0.0,0,-0.10997285319328302,-0.21994570638656605,-0.10997285319328302
2014-02-20 14:47:00,41.48,0.13805854586400002,0.0,0,-0.1099735233696647,-0.2199470467393294,-0.1099735233696647
2014-02-20 14:52:00,44.578,0.13805854586400002,0.0,0,-0.10997417700326616,-0.21994835400653232,-0.10997417700326616
2014-02-20 14:57:00,41.122,0.13805854586400002,0.0,0,-0.10997481450233826,-0.21994962900467646,-0.10997481450233826
2014-02-20 15:02:00,49.018,0.13805854586400002,0.0,0,-0.1099754362650615,-0.21995087253012302,-0.1099754362650615
2014-02-20 15:07:00,43.756,0.13805854586400002,0.0,0,-0.10997604267979416,-0.2199520853595883,-0.10997604267979415
2014-02-20 15:12:00,40.57,0.13805854586400002,0.0,0,-0.10997663412531436,-0.21995326825062875,-0.10997663412531437
2014-02-20 15:17:00,45.63399999999999,0.13805854586400002,0.0,0,-0.10997721097105627,-0.21995442194211254,-0.10997721097105628
2014-02-20 15:22:00,43.49800000000001,0.13805854586400002,0.0,0,-0.1099777735773403,-0.2199555471546806,-0.1099777735773403
2014-02-20 15:27:00,42.222,0.13805854586400002,0.0,0,-0.10997832229559776,-0.21995664459119552,-0.10997832229559776
2014-02-20 15:32:00,45.163999999999994,0.13805854586400002,0.0,0,-0.10997885746859012,-0.21995771493718025,-0.10997885746859012
2014-02-20 15:37:00,38.662,0.12504656064,0.0250000003725,0,-0.10997937943062257,-0.2199587588612451,-0.10997937943062255
2014-02-20 15:42:00,48.8,0.12504656064,0.0,0,-0.10997988850775252,-0.21995977701550504,-0.10997988850775253
2014-02-20 15:47:00,41.74800000000001,0.12504656064,0.0,0,-0.10998038501799304,-0.2199607700359861,-0.10998038501799305
2014-02-20 15:52:00,39.93,0.112810386877,0.0250000003725,0,-0.10998086927151106,-0.21996173854302206,-0.10998086927151106
2014-02-20 15:57:00,47.84,0.112810386877,0.0,0,-0.10998134157082083,-0.21996268314164166,-0.10998134157082082
2014-02-20 16:02:00,43.303999999999995,0.112810386877,0.0,0,-0.10998180221097263,-0.21996360442194526,-0.10998180221097263
2014-02-20 16:07:00,44.013999999999996,0.112810386877,0.0,0,-0.10998225147973688,-0.21996450295947376,-0.10998225147973688
2014-02-20 16:12:00,43.746,0.112810386877,0.0,0,-0.10998268965778353,-0.21996537931556706,-0.10998268965778352
2014-02-20 16:17:00,38.27,0.0906213267703,0.0500000007451,0,-0.1099831170188571,-0.2199662340377142,-0.1099831170188571
2014-02-20 16:22:00,48.968,0.08064346711360001,0.0250000003725,0,-0.10998353382994766,-0.21996706765989527,-0.10998353382994766
2014-02-20 16:27:00,41.31399999999999,0.0906213267703,0.0,0,-0.10998394035145724,-0.21996788070291445,-0.10998394035145723
2014-02-20 16:32:00,40.751999999999995,0.08064346711360001,0.0250000003725,0,-0.10998433683736224,-0.2199686736747245,-0.10998433683736225
2014-02-20 16:37:00,45.492,0.08064346711360001,0.0,0,-0.1099847235353721,-0.2199694470707442,-0.1099847235353721
2014-02-20 16:42:00,42.724,0.0906213267703,0.0,0,-0.10998510068708366,-0.2199702013741673,-0.10998510068708366
2014-02-20 16:47:00,41.501999999999995,0.0906213267703,0.0,0,-0.10998546852813196,-0.21997093705626394,-0.10998546852813197
2014-02-20 16:52:00,44.36600000000001,0.0906213267703,0.0,0,-0.10998582728833743,-0.21997165457667486,-0.10998582728833742
2014-02-20 16:57:00,40.292,0.0906213267703,0.0,0,-0.10998617719184904,-0.21997235438369805,-0.10998617719184903
2014-02-20 17:02:00,48.45,0.0906213267703,0.0,0,-0.10998651845728434,-0.21997303691456868,-0.10998651845728434
2014-02-20 17:07:00,43.06800000000001,0.112810386877,0.0,0,-0.10998685129786598,-0.219973702595732,-0.10998685129786598
2014-02-20 17:12:00,40.54,0.12504656064,0.0,0,-0.10998717592155456,-0.2199743518431091,-0.10998717592155455
2014-02-20 17:17:00,46.118,0.12504656064,0.0,0,-0.10998749253117857,-0.21997498506235716,-0.10998749253117857
2014-02-20 17:22:00,42.676,0.13805854586400002,0.0,0,-0.109987801324561,-0.219975602649122,-0.10998780132456099
2014-02-20 17:27:00,41.852,0.13805854586400002,0.0,0,-0.10998810249464268,-0.21997620498928536,-0.10998810249464269
2014-02-20 17:32:00,42.84,0.13805854586400002,0.0,0,-0.10998839622960292,-0.21997679245920584,-0.10998839622960291
2014-02-20 17:37:00,41.738,0.13805854586400002,0.0,0,-0.10998868271297672,-0.21997736542595345,-0.10998868271297671
2014-02-20 17:42:00,43.24,0.13805854586400002,0.0,0,-0.10998896212376956,-0.21997792424753915,-0.10998896212376957
2014-02-20 17:47:00,43.968,0.13805854586400002,0.0,0,-0.10998923463656908,-0.21997846927313816,-0.10998923463656908
2014-02-20 17:52:00,38.944,0.12504656064,0.0250000003725,0,-0.10998950042165394,-0.21997900084330788,-0.10998950042165394
2014-02-20 17:57:00,51.056000000000004,0.12504656064,0.0,0,-0.10998975964510033,-0.21997951929020065,-0.10998975964510031
2014-02-20 18:02:00,41.854,0.12504656064,0.0,0,-0.10999001246888546,-0.2199800249377709,-0.10999001246888546
2014-02-20 18:07:00,42.7,0.12504656064,0.0,0,-0.10999025905098887,-0.21998051810197775,-0.10999025905098889
2014-02-20 18:12:00,45.37600000000001,0.12504656064,0.0,0,-0.10999049954549098,-0.21998099909098195,-0.10999049954549098
2014-02-20 18:17:00,43.118,0.12504656064,0.0,0,-0.10999073410266914,-0.2199814682053383,-0.10999073410266914
2014-02-20 18:22:00,42.746,0.12504656064,0.0,0,-0.10999096286909177,-0.2199819257381835,-0.10999096286909175
2014-02-20 18:27:00,43.24,0.12504656064,0.0,0,-0.10999118598770956,-0.21998237197541914,-0.10999118598770957
2014-02-20 18:32:00,39.778,0.112810386877,0.0250000003725,0,-0.10999140359794504,-0.21998280719589008,-0.10999140359794504
2014-02-20 18:37:00,49.152,0.112810386877,0.0,0,-0.10999161583577936,-0.21998323167155875,-0.10999161583577936
2014-02-20 18:42:00,41.03,0.12504656064,0.0,0,-0.10999182283383736,-0.21998364566767475,-0.10999182283383736
2014-02-20 18:47:00,40.664,0.112810386877,0.0250000003725,0,-0.10999202472147034,-0.21998404944294067,-0.10999202472147034
2014-02-20 18:52:00,44.483999999999995,0.112810386877,0.0,0,-0.10999222162483682,-0.21998444324967364,-0.10999222162483682
2014-02-20 18:57:00,45.282,0.112810386877,0.0,0,-0.1099924136669814,-0.2199848273339628,-0.1099924136669814
2014-02-20 19:02:00,42.816,0.112810386877,0.0,0,-0.1099926009679115,-0.219985201935823,-0.1099926009679115
2014-02-20 19:07:00,47.228,0.112810386877,0.0,0,-0.10999278364467237,-0.21998556728934476,-0.10999278364467237
2014-02-20 19:12:00,42.711999999999996,0.112810386877,0.0,0,-0.1099929618114202,-0.2199859236228404,-0.1099929618114202
2014-02-20 19:17:00,42.96,0.112810386877,0.0,0,-0.10999313557949332,-0.21998627115898667,-0.10999313557949333
2014-02-20 19:22:00,43.1,0.12504656064,0.0,0,-0.10999330505748188,-0.21998661011496376,-0.10999330505748188
2014-02-20 19:27:00,38.802,0.12504656064,0.0,0,-0.1099934703512955,-0.219986940702591,-0.1099934703512955
2014-02-20 19:32:00,49.428000000000004,0.12504656064,0.0,0,-0.10999363156422964,-0.21998726312845926,-0.10999363156422962
2014-02-20 19:37:00,41.69,0.13805854586400002,0.0,0,-0.10999378879702976,-0.2199875775940596,-0.10999378879702978
2014-02-20 19:42:00,40.536,0.13805854586400002,0.0,0,-0.1099939421479548,-0.2199878842959096,-0.1099939421479548
2014-02-20 19:47:00,45.328,0.13805854586400002,0.0,0,-0.1099940917128379,-0.2199881834256758,-0.1099940917128379
2014-02-20 19:52:00,43.522,0.13805854586400002,0.0,0,-0.1099942375851468,-0.2199884751702936,-0.1099942375851468
2014-02-20 19:57:00,44.176,0.13805854586400002,0.0,0,-0.1099943798560419,-0.2199887597120838,-0.1099943798560419
2014-02-20 20:02:00,43.78,0.13805854586400002,0.0,0,-0.10999451861443332,-0.21998903722886665,-0.10999451861443332
2014-02-20 20:07:00,40.352,0.13805854586400002,0.0,0,-0.10999465394703647,-0.21998930789407292,-0.10999465394703647
2014-02-20 20:12:00,47.018,0.13805854586400002,0.0,0,-0.10999478593842614,-0.21998957187685228,-0.10999478593842614
2014-02-20 20:17:00,43.004,0.13805854586400002,0.0,0,-0.10999491467108936,-0.2199898293421787,-0.10999491467108935
2014-02-20 20:22:00,41.066,0.13805854586400002,0.0,0,-0.1099950402254769,-0.2199900804509538,-0.1099950402254769
2014-02-20 20:27:00,44.553999999999995,0.13805854586400002,0.0,0,-0.10999516268005363,-0.21999032536010726,-0.10999516268005363
2014-02-20 20:32:00,43.284,0.13805854586400002,0.0,0,-0.1099952821113474,-0.2199905642226948,-0.10999528211134739
2014-02-20 20:37:00,42.12,0.13805854586400002,0.0,0,-0.10999539859399693,-0.21999079718799386,-0.10999539859399693
2014-02-20 20:42:00,43.523999999999994,0.13805854586400002,0.0,0,-0.10999551220079842,-0.21999102440159685,-0.10999551220079842
2014-02-20 20:47:00,38.896,0.13805854586400002,0.0,0,-0.10999562300275098,-0.219991246005502,-0.10999562300275101
2014-02-20 20:52:00,48.826,0.13805854586400002,0.0,0,-0.10999573106910114,-0.21999146213820228,-0.10999573106910114
2014-02-20 20:57:00,42.994,0.13805854586400002,0.0,0,-0.10999583646738588,-0.21999167293477176,-0.10999583646738588
2014-02-20 21:02:00,40.162,0.13805854586400002,0.0,0,-0.10999593926347496,-0.2199918785269499,-0.10999593926347495
2014-02-20 21:07:00,47.048,0.13805854586400002,0.0,0,-0.10999603952161208,-0.21999207904322415,-0.10999603952161209
2014-02-20 21:12:00,43.052,0.13805854586400002,0.0,0,-0.10999613730445502,-0.21999227460891005,-0.10999613730445502
2014-02-20 21:17:00,41.738,0.13805854586400002,0.0,0,-0.1099962326731147,-0.2199924653462294,-0.1099962326731147
2014-02-20 21:22:00,43.943999999999996,0.13805854586400002,0.0,0,-0.10999632568719342,-0.21999265137438684,-0.10999632568719342
2014-02-20 21:27:00,39.66,0.13805854586400002,0.0,0,-0.10999641640482212,-0.21999283280964424,-0.10999641640482212
2014-02-20 21:32:00,48.028,0.13805854586400002,0.0,0,-0.10999650488269663,-0.2199930097653933,-0.10999650488269665
2014-02-20 21:37:00,42.12600000000001,0.13805854586400002,0.0,0,-0.10999659117611324,-0.21999318235222648,-0.10999659117611324
2014-02-20 21:42:00,39.806,0.13805854586400002,0.0,0,-0.10999667533900298,-0.219993350678006,-0.10999667533900298
2014-02-20 21:47:00,46.01,0.13805854586400002,0.0,0,-0.1099967574239656,-0.21999351484793125,-0.10999675742396561
2014-02-20 21:52:00,43.732,0.13805854586400002,0.0,0,-0.1099968374823023,-0.2199936749646046,-0.1099968374823023
2014-02-20 21:57:00,44.672,0.13805854586400002,0.0,0,-0.10999691556404774,-0.21999383112809548,-0.10999691556404774
2014-02-20 22:02:00,43.968,0.13805854586400002,0.0,0,-0.1099969917180014,-0.2199939834360028,-0.1099969917180014
2014-02-20 22:07:00,40.61,0.13805854586400002,0.0,0,-0.10999706599175804,-0.21999413198351608,-0.10999706599175803
2014-02-20 22:12:00,47.582,0.13805854586400002,0.0,0,-0.10999713843173738,-0.21999427686347475,-0.10999713843173738
2014-02-20 22:17:00,43.826,0.13805854586400002,0.0,0,-0.10999720908321324,-0.21999441816642645,-0.10999720908321323
2014-02-20 22:22:00,39.178000000000004,0.13805854586400002,0.0,0,-0.10999727799034162,-0.21999455598068324,-0.10999727799034162
2014-02-20 22:27:00,47.606,0.13805854586400002,0.0,0,-0.10999734519618856,-0.2199946903923771,-0.10999734519618855
2014-02-20 22:32:00,44.026,0.13805854586400002,0.0,0,-0.10999741074275676,-0.2199948214855135,-0.10999741074275675
2014-02-20 22:37:00,42.13800000000001,0.13805854586400002,0.0,0,-0.10999747467101204,-0.2199949493420241,-0.10999747467101205
2014-02-20 22:42:00,43.09,0.13805854586400002,0.0,0,-0.10999753702090888,-0.21999507404181776,-0.10999753702090888
2014-02-20 22:47:00,39.554,0.13805854586400002,0.0,0,-0.10999759783141533,-0.21999519566283066,-0.10999759783141531
2014-02-20 22:52:00,47.558,0.13805854586400002,0.0,0,-0.1099976571405374,-0.2199953142810748,-0.10999765714053739
2014-02-20 22:57:00,45.093999999999994,0.13805854586400002,0.0,0,-0.1099977149853428,-0.2199954299706856,-0.1099977149853428
2014-02-20 23:02:00,43.11600000000001,0.13805854586400002,0.0,0,-0.1099977714019842,-0.2199955428039684,-0.1099977714019842
2014-02-20 23:07:00,45.4,0.13805854586400002,0.0,0,-0.10999782642572163,-0.21999565285144326,-0.10999782642572163
2014-02-20 23:12:00,39.882,0.13805854586400002,0.0,0,-0.10999788009094466,-0.21999576018188927,-0.10999788009094466
2014-02-20 23:17:00,45.986000000000004,0.13805854586400002,0.0,0,-0.10999793243119384,-0.21999586486238767,-0.10999793243119384
2014-02-20 23:22:00,43.891999999999996,0.13805854586400002,0.0,0,-0.10999798347918163,-0.21999596695836326,-0.10999798347918163
2014-02-20 23:27:00,43.43,0.13805854586400002,0.0,0,-0.10999803326681296,-0.2199960665336259,-0.10999803326681296
2014-02-20 23:32:00,42.593999999999994,0.13805854586400002,0.0,0,-0.10999808182520496,-0.21999616365040991,-0.10999808182520496
2014-02-20 23:37:00,40.282,0.13805854586400002,0.0,0,-0.10999812918470668,-0.21999625836941333,-0.10999812918470667
2014-02-20 23:42:00,45.038000000000004,0.13805854586400002,0.0,0,-0.10999817537491777,-0.2199963507498355,-0.10999817537491775
2014-02-20 23:47:00,42.794,0.13805854586400002,0.0,0,-0.10999822042470714,-0.21999644084941428,-0.10999822042470714
2014-02-20 23:52:00,44.294,0.13805854586400002,0.0,0,-0.10999826436223102,-0.21999652872446204,-0.10999826436223102
2014-02-20 23:57:00,43.806000000000004,0.13805854586400002,0.0,0,-0.10999830721495048,-0.21999661442990096,-0.10999830721495049
2014-02-21 00:02:00,41.08,0.13805854586400002,0.0,0,-0.10999834900964864,-0.21999669801929728,-0.10999834900964864
2014-02-21 00:07:00,46.486000000000004,0.13805854586400002,0.0,0,-0.10999838977244727,-0.21999677954489455,-0.10999838977244729
2014-02-21 00:12:00,39.108000000000004,0.13805854586400002,0.0,0,-0.10999842952882342,-0.21999685905764685,-0.10999842952882342
2014-02-21 00:17:00,49.693999999999996,0.13805854586400002,0.0,0,-0.10999846830362496,-0.21999693660724995,-0.10999846830362497
2014-02-21 00:22:00,42.37,0.13805854586400002,0.0,0,-0.1099985061210864,-0.21999701224217286,-0.10999850612108641
2014-02-21 00:27:00,41.33600000000001,0.13805854586400002,0.0,0,-0.10999854300484396,-0.2199970860096879,-0.10999854300484395
2014-02-21 00:32:00,44.58600000000001,0.13805854586400002,0.0,0,-0.10999857897795016,-0.21999715795590036,-0.10999857897795016
2014-02-21 00:37:00,38.708,0.13805854586400002,0.0,0,-0.10999861406288856,-0.2199972281257771,-0.10999861406288855
2014-02-21 00:42:00,49.062,0.13805854586400002,0.0,0,-0.10999864828158752,-0.21999729656317504,-0.10999864828158752
2014-02-21 00:47:00,41.008,0.13805854586400002,0.0,0,-0.10999868165543404,-0.21999736331086808,-0.10999868165543404
2014-02-21 00:52:00,42.348,0.13805854586400002,0.0,0,-0.10999871420528712,-0.21999742841057424,-0.10999871420528712
2014-02-21 00:57:00,45.306000000000004,0.13805854586400002,0.0,0,-0.10999874595149073,-0.21999749190298146,-0.10999874595149071
2014-02-21 01:02:00,40.184,0.13805854586400002,0.0,0,-0.1099987769138866,-0.2199975538277732,-0.1099987769138866
2014-02-21 01:07:00,48.668,0.13805854586400002,0.0,0,-0.1099988071118266,-0.2199976142236532,-0.1099988071118266
2014-02-21 01:12:00,42.558,0.13805854586400002,0.0,0,-0.10999883656418476,-0.2199976731283696,-0.10999883656418478
2014-02-21 01:17:00,43.24,0.13805854586400002,0.0,0,-0.10999886528936924,-0.2199977305787385,-0.10999886528936925
2014-02-21 01:22:00,42.394,0.13805854586400002,0.0,0,-0.10999889330533362,-0.21999778661066724,-0.10999889330533362
2014-02-21 01:27:00,40.14,0.13805854586400002,0.0,0,-0.1099989206295882,-0.21999784125917646,-0.10999892062958821
2014-02-21 01:32:00,45.916000000000004,0.13805854586400002,0.0,0,-0.10999894727921113,-0.21999789455842225,-0.10999894727921113
2014-02-21 01:37:00,42.391999999999996,0.13805854586400002,0.0,0,-0.10999897327085872,-0.21999794654171745,-0.10999897327085871
2014-02-21 01:42:00,43.592,0.13805854586400002,0.0,0,-0.10999899862077614,-0.21999799724155228,-0.10999899862077614
2014-02-21 01:47:00,42.63,0.13805854586400002,0.0,0,-0.10999902334480753,-0.21999804668961506,-0.10999902334480752
2014-02-21 01:52:00,40.42,0.13805854586400002,0.0,0,-0.10999904745840572,-0.21999809491681147,-0.10999904745840573
2014-02-21 01:57:00,47.536,0.13805854586400002,0.0,0,-0.10999907097664216,-0.21999814195328435,-0.10999907097664217
2014-02-21 02:02:00,43.428000000000004,0.13805854586400002,0.0,0,-0.10999909391421614,-0.21999818782843228,-0.10999909391421614
2014-02-21 02:07:00,46.22,0.13805854586400002,0.0,0,-0.10999911628546398,-0.219998232570928,-0.10999911628546398
2014-02-21 02:12:00,41.666000000000004,0.13805854586400002,0.0,0,-0.10999913810436816,-0.2199982762087363,-0.10999913810436815
2014-02-21 02:17:00,41.754,0.13805854586400002,0.0,0,-0.1099991593845658,-0.2199983187691316,-0.10999915938456581
2014-02-21 02:22:00,46.902,0.13805854586400002,0.0,0,-0.10999918013935747,-0.21999836027871494,-0.10999918013935749
2014-02-21 02:27:00,43.216,0.13805854586400002,0.0,0,-0.10999920038171528,-0.21999840076343055,-0.10999920038171529
2014-02-21 02:32:00,44.29600000000001,0.13805854586400002,0.0,0,-0.1099992201242911,-0.2199984402485822,-0.1099992201242911
2014-02-21 02:37:00,42.63,0.13805854586400002,0.0,0,-0.1099992393794244,-0.2199984787588488,-0.1099992393794244
2014-02-21 02:42:00,41.83,0.13805854586400002,0.0,0,-0.10999925815915,-0.2199985163183,-0.10999925815914999
2014-02-21 02:47:00,44.788000000000004,0.13805854586400002,0.0,0,-0.1099992764752056,-0.2199985529504112,-0.1099992764752056
2014-02-21 02:52:00,38.958,0.13805854586400002,0.0,0,-0.10999929433903913,-0.21999858867807826,-0.10999929433903911
2014-02-21 02:57:00,51.83,0.13805854586400002,0.0,0,-0.10999931176181582,-0.21999862352363164,-0.10999931176181582
2014-02-21 03:02:00,41.9,0.13805854586400002,0.0,0,-0.10999932875442528,-0.21999865750885056,-0.10999932875442528
2014-02-21 03:07:00,44.58,0.13805854586400002,0.0,0,-0.10999934532748826,-0.2199986906549765,-0.10999934532748826
2014-02-21 03:12:00,44.86,0.13805854586400002,0.0,0,-0.10999936149136326,-0.21999872298272646,-0.10999936149136326
2014-02-21 03:17:00,38.662,0.13805854586400002,0.0,0,-0.10999937725615304,-0.21999875451230608,-0.10999937725615304
2014-02-21 03:22:00,48.708,0.13805854586400002,0.0,0,-0.10999939263171096,-0.2199987852634219,-0.10999939263171095
2014-02-21 03:27:00,41.714,0.13805854586400002,0.0,0,-0.10999940762764708,-0.21999881525529413,-0.10999940762764707
2014-02-21 03:32:00,42.184,0.13805854586400002,0.0,0,-0.10999942225333416,-0.21999884450666835,-0.10999942225333417
2014-02-21 03:37:00,43.708,0.13805854586400002,0.0,0,-0.10999943651791363,-0.21999887303582727,-0.10999943651791363
2014-02-21 03:42:00,41.12600000000001,0.13805854586400002,0.0,0,-0.10999945043030117,-0.2199989008606023,-0.10999945043030115
2014-02-21 03:47:00,47.394,0.13805854586400002,0.0,0,-0.10999946399919233,-0.21999892799838466,-0.10999946399919232
2014-02-21 03:52:00,42.784,0.13805854586400002,0.0,0,-0.10999947723306797,-0.21999895446613596,-0.10999947723306797
2014-02-21 03:57:00,45.163999999999994,0.13805854586400002,0.0,0,-0.1099994901401996,-0.2199989802803992,-0.1099994901401996
2014-02-21 04:02:00,43.68600000000001,0.13805854586400002,0.0,0,-0.10999950272865447,-0.21999900545730894,-0.10999950272865447
2014-02-21 04:07:00,41.31399999999999,0.13805854586400002,0.0,0,-0.10999951500630066,-0.21999903001260127,-0.10999951500630066
2014-02-21 04:12:00,47.93600000000001,0.13805854586400002,0.0,0,-0.10999952698081204,-0.21999905396162406,-0.10999952698081202
2014-02-21 04:17:00,42.856,0.13805854586400002,0.0,0,-0.1099995386596729,-0.2199990773193458,-0.1099995386596729
2014-02-21 04:22:00,43.56800000000001,0.13805854586400002,0.0,0,-0.10999955005018286,-0.21999910010036566,-0.10999955005018286
2014-02-21 04:27:00,43.24800000000001,0.13805854586400002,0.0,0,-0.10999956115946127,-0.21999912231892252,-0.10999956115946127
2014-02-21 04:32:00,40.508,0.13805854586400002,0.0,0,-0.10999957199445168,-0.21999914398890336,-0.10999957199445169
2014-02-21 04:37:00,47.464,0.13805854586400002,0.0,0,-0.10999958256192628,-0.21999916512385256,-0.10999958256192628
2014-02-21 04:42:00,42.972,0.13805854586400002,0.0,0,-0.10999959286848997,-0.21999918573697996,-0.10999959286848997
2014-02-21 04:47:00,42.092,0.13805854586400002,0.0,0,-0.10999960292058462,-0.21999920584116925,-0.10999960292058462
2014-02-21 04:52:00,43.474,0.13805854586400002,0.0,0,-0.10999961272449306,-0.21999922544898606,-0.10999961272449306
2014-02-21 04:57:00,41.576,0.13805854586400002,0.0,0,-0.10999962228634297,-0.219999244572686,-0.10999962228634298
2014-02-21 05:02:00,50.178000000000004,0.12504656064,0.0250000003725,0,-0.1099996316121108,-0.2199992632242216,-0.1099996316121108
2014-02-21 05:07:00,42.574,0.12504656064,0.0,0,-0.10999964070762533,-0.21999928141525066,-0.10999964070762533
2014-02-21 05:12:00,42.21,0.12504656064,0.0,0,-0.10999964957857154,-0.21999929915714309,-0.10999964957857154
2014-02-21 05:17:00,43.972,0.12504656064,0.0,0,-0.109999658230494,-0.219999316460988,-0.10999965823049399
2014-02-21 05:22:00,38.708,0.112810386877,0.0250000003725,0,-0.10999966666880036,-0.21999933333760074,-0.10999966666880037
2014-02-21 05:27:00,48.56800000000001,0.112810386877,0.0,0,-0.10999967489876486,-0.21999934979752966,-0.10999967489876486
2014-02-21 05:32:00,41.988,0.112810386877,0.0,0,-0.1099996829255314,-0.2199993658510628,-0.10999968292553139
2014-02-21 05:37:00,42.84,0.112810386877,0.0,0,-0.10999969075411688,-0.21999938150823375,-0.10999969075411689
2014-02-21 05:42:00,44.762,0.112810386877,0.0,0,-0.1099996983894145,-0.219999396778829,-0.1099996983894145
2014-02-21 05:47:00,39.47,0.112810386877,0.0,0,-0.10999970583619643,-0.21999941167239287,-0.10999970583619643
2014-02-21 05:52:00,47.042,0.12504656064,0.0,0,-0.10999971309911714,-0.2199994261982343,-0.10999971309911714
2014-02-21 05:57:00,45.4,0.12504656064,0.0,0,-0.10999972018271616,-0.21999944036543234,-0.10999972018271617
2014-02-21 06:02:00,43.31,0.12504656064,0.0,0,-0.10999972709142096,-0.21999945418284192,-0.10999972709142096
2014-02-21 06:07:00,45.294,0.12504656064,0.0,0,-0.10999973382954964,-0.21999946765909925,-0.10999973382954963
2014-02-21 06:12:00,40.338,0.13805854586400002,0.0,0,-0.1099997404013137,-0.2199994808026274,-0.1099997404013137
2014-02-21 06:17:00,47.676,0.13805854586400002,0.0,0,-0.10999974681082074,-0.21999949362164148,-0.10999974681082074
2014-02-21 06:22:00,44.272,0.13805854586400002,0.0,0,-0.10999975306207682,-0.21999950612415364,-0.10999975306207682
2014-02-21 06:27:00,43.751999999999995,0.13805854586400002,0.0,0,-0.1099997591589892,-0.2199995183179784,-0.1099997591589892
2014-02-21 06:32:00,43.118,0.13805854586400002,0.0,0,-0.1099997651053686,-0.2199995302107372,-0.10999976510536859
2014-02-21 06:37:00,39.76,0.13805854586400002,0.0,0,-0.10999977090493168,-0.21999954180986334,-0.10999977090493167
2014-02-21 06:42:00,47.418,0.13805854586400002,0.0,0,-0.10999977656130333,-0.21999955312260666,-0.10999977656130332
2014-02-21 06:47:00,43.333999999999996,0.13805854586400002,0.0,0,-0.10999978207801893,-0.21999956415603786,-0.10999978207801892
2014-02-21 06:52:00,42.84,0.13805854586400002,0.0,0,-0.1099997874585266,-0.2199995749170532,-0.10999978745852661
2014-02-21 06:57:00,44.882,0.13805854586400002,0.0,0,-0.10999979270618934,-0.21999958541237868,-0.10999979270618934
2014-02-21 07:02:00,39.022,0.13805854586400002,0.0,0,-0.10999979782428708,-0.21999959564857413,-0.10999979782428707
2014-02-21 07:07:00,48.756,0.13805854586400002,0.0,0,-0.10999980281601872,-0.21999960563203744,-0.10999980281601872
2014-02-21 07:12:00,42.816,0.13805854586400002,0.0,0,-0.10999980768450432,-0.21999961536900864,-0.10999980768450432
2014-02-21 07:17:00,42.464,0.13805854586400002,0.0,0,-0.10999981243278677,-0.21999962486557356,-0.10999981243278677
2014-02-21 07:22:00,44.013999999999996,0.13805854586400002,0.0,0,-0.10999981706383392,-0.21999963412766785,-0.10999981706383391
2014-02-21 07:27:00,43.846000000000004,0.13805854586400002,0.0,0,-0.10999982158054028,-0.21999964316108056,-0.10999982158054028
2014-02-21 07:32:00,42.49,0.13805854586400002,0.0,0,-0.10999982598572897,-0.21999965197145796,-0.10999982598572897
2014-02-21 07:37:00,42.272,0.13805854586400002,0.0,0,-0.1099998302821533,-0.2199996605643066,-0.1099998302821533
2014-02-21 07:42:00,39.486,0.12504656064,0.0250000003725,0,-0.10999983447249873,-0.21999966894499745,-0.10999983447249871
2014-02-21 07:47:00,46.408,0.12504656064,0.0,0,-0.10999983855938428,-0.21999967711876856,-0.10999983855938428
2014-02-21 07:52:00,43.802,0.12504656064,0.0,0,-0.10999984254536443,-0.21999968509072887,-0.10999984254536443
2014-02-21 07:57:00,43.802,0.12504656064,0.0,0,-0.10999984643293052,-0.21999969286586105,-0.10999984643293052
2014-02-21 08:02:00,44.178000000000004,0.12504656064,0.0,0,-0.1099998502245124,-0.2199997004490248,-0.1099998502245124
2014-02-21 08:07:00,40.68,0.12504656064,0.0,0,-0.10999985392247992,-0.21999970784495984,-0.10999985392247992
2014-02-21 08:12:00,49.108000000000004,0.12504656064,0.0,0,-0.1099998575291444,-0.2199997150582888,-0.10999985752914439
2014-02-21 08:17:00,41.666000000000004,0.12504656064,0.0,0,-0.10999986104676013,-0.21999972209352026,-0.10999986104676013
2014-02-21 08:22:00,43.146,0.12504656064,0.0,0,-0.10999986447752573,-0.21999972895505146,-0.10999986447752573
2014-02-21 08:27:00,43.702,0.12504656064,0.0,0,-0.10999986782358552,-0.21999973564717107,-0.10999986782358553
2014-02-21 08:32:00,38.826,0.112810386877,0.0500000007451,0,-0.10999987108703092,-0.21999974217406185,-0.10999987108703092
2014-02-21 08:37:00,48.38,0.112810386877,0.0,0,-0.10999987426990164,-0.2199997485398033,-0.10999987426990165
2014-02-21 08:42:00,41.714,0.112810386877,0.0,0,-0.10999987737418712,-0.21999975474837424,-0.10999987737418711
2014-02-21 08:47:00,41.711999999999996,0.112810386877,0.0,0,-0.10999988040182758,-0.2199997608036552,-0.10999988040182758
2014-02-21 08:52:00,45.118,0.112810386877,0.0,0,-0.1099998833547154,-0.2199997667094308,-0.1099998833547154
2014-02-21 08:57:00,40.936,0.112810386877,0.0,0,-0.10999988623469624,-0.2199997724693925,-0.10999988623469625
2014-02-21 09:02:00,49.06800000000001,0.112810386877,0.0,0,-0.1099998890435702,-0.2199997780871404,-0.10999988904357019
2014-02-21 09:07:00,43.286,0.112810386877,0.0,0,-0.10999989178309287,-0.2199997835661857,-0.10999989178309287
2014-02-21 09:12:00,42.3,0.112810386877,0.0,0,-0.10999989445497654,-0.2199997889099531,-0.10999989445497654
2014-02-21 09:17:00,44.342,0.112810386877,0.0,0,-0.10999989706089122,-0.21999979412178244,-0.10999989706089122
2014-02-21 09:22:00,38.92,0.12504656064,0.0250000003725,0,-0.10999989960246573,-0.21999979920493146,-0.10999989960246573
2014-02-21 09:27:00,49.952,0.112810386877,0.0250000003725,0,-0.10999990208128856,-0.2199998041625772,-0.10999990208128858
2014-02-21 09:32:00,42.042,0.112810386877,0.0,0,-0.10999990449890913,-0.21999980899781826,-0.10999990449890912
2014-02-21 09:37:00,40.798,0.112810386877,0.0,0,-0.10999990685683847,-0.2199998137136769,-0.10999990685683847
2014-02-21 09:42:00,44.553999999999995,0.112810386877,0.0,0,-0.10999990915655036,-0.21999981831310075,-0.10999990915655036
2014-02-21 09:47:00,38.902,0.112810386877,0.0,0,-0.10999991139948223,-0.21999982279896446,-0.10999991139948222
2014-02-21 09:52:00,48.63800000000001,0.112810386877,0.0,0,-0.10999991358703594,-0.21999982717407188,-0.10999991358703594
2014-02-21 09:57:00,43.49800000000001,0.112810386877,0.0,0,-0.1099999157205788,-0.2199998314411576,-0.10999991572057881
2014-02-21 10:02:00,41.36,0.112810386877,0.0,0,-0.10999991780144436,-0.21999983560288872,-0.10999991780144436
2014-02-21 10:07:00,47.872,0.112810386877,0.0,0,-0.10999991983093316,-0.2199998396618664,-0.10999991983093318
2014-02-21 10:12:00,42.828,0.12504656064,0.0,0,-0.1099999218103138,-0.2199998436206276,-0.10999992181031379
2014-02-21 10:17:00,43.746,0.13805854586400002,0.0,0,-0.10999992374082336,-0.21999984748164672,-0.10999992374082336
2014-02-21 10:22:00,42.854,0.13805854586400002,0.0,0,-0.10999992562366848,-0.21999985124733695,-0.10999992562366849
2014-02-21 10:27:00,40.13800000000001,0.13805854586400002,0.0,0,-0.10999992746002607,-0.2199998549200521,-0.10999992746002607
2014-02-21 10:32:00,46.361999999999995,0.13805854586400002,0.0,0,-0.10999992925104383,-0.21999985850208767,-0.10999992925104383
2014-02-21 10:37:00,43.192,0.13805854586400002,0.0,0,-0.10999993099784122,-0.21999986199568244,-0.10999993099784122
2014-02-21 10:42:00,43.38,0.13805854586400002,0.0,0,-0.10999993270151008,-0.21999986540302016,-0.10999993270151008
2014-02-21 10:47:00,43.732,0.13805854586400002,0.0,0,-0.11,-0.22,-0.11
2014-02-21 10:52:00,40.04,0.13805854586400002,0.0,0,-0.11,-0.22,-0.11
2014-02-21 10:57:00,51.032,0.13805854586400002,0.0,0,-0.11,-0.22,-0.11
2014-02-21 11:02:00,42.828,0.13805854586400002,0.0,0,-0.11,-0.22,-0.11
2014-02-21 11:07:00,44.178000000000004,0.13805854586400002,0.0,0,-0.11,-0.22,-0.11
2014-02-21 11:12:00,43.45,0.13805854586400002,0.0,0,-0.11,-0.22,-0.11
2014-02-21 11:17:00,38.966,0.13805854586400002,0.0,0,-0.11,-0.22,-0.11
2014-02-21 11:22:00,47.37,0.13805854586400002,0.0,0,-0.11,-0.22,-0.11
2014-02-21 11:27:00,42.982,0.13805854586400002,0.0,0,-0.11,-0.22,-0.11
2014-02-21 11:32:00,41.83,0.13805854586400002,0.0,0,-0.11,-0.22,-0.11
2014-02-21 11:37:00,44.202,0.13805854586400002,0.0,0,-0.11,-0.22,-0.11
2014-02-21 11:42:00,38.486,0.13805854586400002,0.0,0,-0.11,-0.22,-0.11
2014-02-21 11:47:00,48.828,0.13805854586400002,0.0,0,-0.11,-0.22,-0.11
2014-02-21 11:52:00,41.478,0.13805854586400002,0.0,0,-0.11,-0.22,-0.11
2014-02-21 11:57:00,43.943999999999996,0.13805854586400002,0.0,0,-0.11,-0.22,-0.11
2014-02-21 12:02:00,43.828,0.13805854586400002,0.0,0,-0.11,-0.22,-0.11
2014-02-21 12:07:00,40.54,0.13805854586400002,0.0,0,-0.11,-0.22,-0.11
2014-02-21 12:12:00,48.122,0.13805854586400002,0.0,0,-0.11,-0.22,-0.11
2014-02-21 12:17:00,41.878,0.13805854586400002,0.0,0,-0.11,-0.22,-0.11
2014-02-21 12:22:00,42.512,0.13805854586400002,0.0,0,-0.11,-0.22,-0.11
2014-02-21 12:27:00,44.178000000000004,0.13805854586400002,0.0,0,-0.11,-0.22,-0.11
2014-02-21 12:32:00,40.641999999999996,0.13805854586400002,0.0,0,-0.11,-0.22,-0.11
2014-02-21 12:37:00,48.544,0.13805854586400002,0.0,0,-0.11,-0.22,-0.11
2014-02-21 12:42:00,43.58600000000001,0.13805854586400002,0.0,0,-0.11,-0.22,-0.11
2014-02-21 12:47:00,43.262,0.13805854586400002,0.0,0,-0.11,-0.22,-0.11
2014-02-21 12:52:00,43.63800000000001,0.13805854586400002,0.0,0,-0.11,-0.22,-0.11
2014-02-21 12:57:00,41.426,0.13805854586400002,0.0,0,-0.11,-0.22,-0.11
2014-02-21 13:02:00,49.538000000000004,0.13805854586400002,0.0,0,-0.11,-0.22,-0.11
2014-02-21 13:07:00,42.788000000000004,0.13805854586400002,0.0,0,-0.11,-0.22,-0.11
2014-02-21 13:12:00,42.184,0.13805854586400002,0.0,0,-0.11,-0.22,-0.11
2014-02-21 13:17:00,43.2,0.13805854586400002,0.0,0,-0.11,-0.22,-0.11
2014-02-21 13:22:00,39.454,0.13805854586400002,0.0,0,-0.11,-0.22,-0.11
2014-02-21 13:27:00,46.373999999999995,0.13805854586400002,0.0,0,-0.11,-0.22,-0.11
2014-02-21 13:32:00,42.958,0.13805854586400002,0.0,0,-0.11,-0.22,-0.11
2014-02-21 13:37:00,42.254,0.13805854586400002,0.0,0,-0.11,-0.22,-0.11
2014-02-21 13:42:00,41.65,0.13805854586400002,0.0,0,-0.11,-0.22,-0.11
2014-02-21 13:47:00,38.662,0.12504656064,0.0250000003725,0,-0.11,-0.22,-0.11
2014-02-21 13:52:00,48.066,0.12504656064,0.0,0,-0.11,-0.22,-0.11
2014-02-21 13:57:00,44.114,0.12504656064,0.0,0,-0.11,-0.22,-0.11
2014-02-21 14:02:00,42.88800000000001,0.12504656064,0.0,0,-0.11,-0.22,-0.11
2014-02-21 14:07:00,45.403999999999996,0.12504656064,0.0,0,-0.11,-0.22,-0.11
2014-02-21 14:12:00,38.756,0.12504656064,0.0,0,-0.11,-0.22,-0.11
2014-02-21 14:17:00,48.942,0.12504656064,0.0,0,-0.11,-0.22,-0.11
2014-02-21 14:22:00,42.111999999999995,0.12504656064,0.0,0,-0.11,-0.22,-0.11
2014-02-21 14:27:00,43.522,0.12504656064,0.0,0,-0.11,-0.22,-0.11
2014-02-21 14:32:00,43.508,0.12504656064,0.0,0,-0.11,-0.22,-0.11
2014-02-21 14:37:00,40.88800000000001,0.13805854586400002,0.0,0,-0.11,-0.22,-0.11
2014-02-21 14:42:00,47.3,0.13805854586400002,0.0,0,-0.11,-0.22,-0.11
2014-02-21 14:47:00,42.794,0.13805854586400002,0.0,0,-0.11,-0.22,-0.11
2014-02-21 14:52:00,43.903999999999996,0.13805854586400002,0.0,0,-0.11,-0.22,-0.11
2014-02-21 14:57:00,45.233999999999995,0.13805854586400002,0.0,0,-0.11,-0.22,-0.11
2014-02-21 15:02:00,39.53,0.13805854586400002,0.0,0,-0.11,-0.22,-0.11
2014-02-21 15:07:00,48.68600000000001,0.13805854586400002,0.0,0,-0.11,-0.22,-0.11
2014-02-21 15:12:00,41.83,0.13805854586400002,0.0,0,-0.11,-0.22,-0.11
2014-02-21 15:17:00,42.09,0.13805854586400002,0.0,0,-0.11,-0.22,-0.11
2014-02-21 15:22:00,43.756,0.13805854586400002,0.0,0,-0.11,-0.22,-0.11
2014-02-21 15:27:00,39.906,0.13805854586400002,0.0,0,-0.11,-0.22,-0.11
2014-02-21 15:32:00,47.06,0.13805854586400002,0.0,0,-0.11,-0.22,-0.11
2014-02-21 15:37:00,43.144,0.13805854586400002,0.0,0,-0.11,-0.22,-0.11
2014-02-21 15:42:00,42.018,0.13805854586400002,0.0,0,-0.11,-0.22,-0.11
2014-02-21 15:47:00,43.95399999999999,0.13805854586400002,0.0,0,-0.11,-0.22,-0.11
2014-02-21 15:52:00,39.014,0.12504656064,0.0250000003725,0,-0.11,-0.22,-0.11
2014-02-21 15:57:00,48.736000000000004,0.10133926617200001,0.0500000007451,0,-0.11,-0.22,-0.11
2014-02-21 16:02:00,44.413999999999994,0.10133926617200001,0.0,0,-0.11,-0.22,-0.11
2014-02-21 16:07:00,45.188,0.10133926617200001,0.0,0,-0.11,-0.22,-0.11
2014-02-21 16:12:00,43.29600000000001,0.10133926617200001,0.0,0,-0.11,-0.22,-0.11
2014-02-21 16:17:00,39.624,0.0906213267703,0.0250000003725,0,-0.11,-0.22,-0.11
2014-02-21 16:22:00,45.67,0.0906213267703,0.0,0,-0.11,-0.22,-0.11
2014-02-21 16:27:00,43.63800000000001,0.0906213267703,0.0,0,-0.11,-0.22,-0.11
2014-02-21 16:32:00,43.356,0.0906213267703,0.0,0,-0.11,-0.22,-0.11
2014-02-21 16:37:00,42.536,0.0906213267703,0.0,0,-0.11,-0.22,-0.11
2014-02-21 16:42:00,41.478,0.10133926617200001,0.0,0,-0.11,-0.22,-0.11
2014-02-21 16:47:00,45.232,0.12504656064,0.0,0,-0.11,-0.22,-0.11
2014-02-21 16:52:00,38.92,0.112810386877,0.0250000003725,0,-0.11,-0.22,-0.11
2014-02-21 16:57:00,50.978,0.0906213267703,0.0500000007451,0,-0.11,-0.22,-0.11
2014-02-21 17:02:00,41.868,0.0906213267703,0.0,0,-0.11,-0.22,-0.11
2014-02-21 17:07:00,44.013999999999996,0.10133926617200001,0.0,0,-0.11,-0.22,-0.11
2014-02-21 17:12:00,46.338,0.10133926617200001,0.0,0,-0.11,-0.22,-0.11
2014-02-21 17:17:00,43.662,0.10133926617200001,0.0,0,-0.11,-0.22,-0.11
2014-02-21 17:22:00,43.886,0.10133926617200001,0.0,0,-0.11,-0.22,-0.11
2014-02-21 17:27:00,42.224,0.10133926617200001,0.0,0,-0.11,-0.22,-0.11
2014-02-21 17:32:00,41.636,0.10133926617200001,0.0,0,-0.11,-0.22,-0.11
2014-02-21 17:37:00,46.342,0.10133926617200001,0.0,0,-0.11,-0.22,-0.11
2014-02-21 17:42:00,43.474,0.112810386877,0.0,0,-0.11,-0.22,-0.11
2014-02-21 17:47:00,43.544,0.13805854586400002,0.0,0,-0.11,-0.22,-0.11
2014-02-21 17:52:00,43.162,0.13805854586400002,0.0,0,-0.11,-0.22,-0.11
2014-02-21 17:57:00,42.216,0.13805854586400002,0.0,0,-0.11,-0.22,-0.11
2014-02-21 18:02:00,46.996,0.13805854586400002,0.0,0,-0.11,-0.22,-0.11
2014-02-21 18:07:00,44.652,0.13805854586400002,0.0,0,-0.11,-0.22,-0.11
2014-02-21 18:12:00,44.153999999999996,0.13805854586400002,0.0,0,-0.11,-0.22,-0.11
2014-02-21 18:17:00,43.004,0.13805854586400002,0.0,0,-0.11,-0.22,-0.11
2014-02-21 18:22:00,39.766,0.12504656064,0.0250000003725,0,-0.11,-0.22,-0.11
2014-02-21 18:27:00,46.45,0.12504656064,0.0,0,-0.11,-0.22,-0.11
2014-02-21 18:32:00,43.214,0.12504656064,0.0,0,-0.11,-0.22,-0.11
2014-02-21 18:37:00,43.16,0.12504656064,0.0,0,-0.11,-0.22,-0.11
2014-02-21 18:42:00,42.652,0.12504656064,0.0,0,-0.11,-0.22,-0.11
2014-02-21 18:47:00,41.22,0.12504656064,0.0,0,-0.11,-0.22,-0.11
2014-02-21 18:52:00,45.798,0.12504656064,0.0,0,-0.11,-0.22,-0.11
2014-02-21 18:57:00,44.93,0.12504656064,0.0,0,-0.11,-0.22,-0.11
2014-02-21 19:02:00,43.68600000000001,0.12504656064,0.0,0,-0.11,-0.22,-0.11
2014-02-21 19:07:00,46.44600000000001,0.12504656064,0.0,0,-0.11,-0.22,-0.11
2014-02-21 19:12:00,40.744,0.13805854586400002,0.0,0,-0.11,-0.22,-0.11
2014-02-21 19:17:00,45.456,0.13805854586400002,0.0,0,-0.11,-0.22,-0.11
2014-02-21 19:22:00,43.004,0.13805854586400002,0.0,0,-0.11,-0.22,-0.11
2014-02-21 19:27:00,43.873999999999995,0.13805854586400002,0.0,0,-0.11,-0.22,-0.11
2014-02-21 19:32:00,41.552,0.13805854586400002,0.0,0,-0.11,-0.22,-0.11
2014-02-21 19:37:00,41.808,0.13805854586400002,0.0,0,-0.11,-0.22,-0.11
2014-02-21 19:42:00,44.802,0.13805854586400002,0.0,0,-0.11,-0.22,-0.11
2014-02-21 19:47:00,38.454,0.13805854586400002,0.0,0,-0.11,-0.22,-0.11
2014-02-21 19:52:00,46.596000000000004,0.13805854586400002,0.0,0,-0.11,-0.22,-0.11
2014-02-21 19:57:00,44.918,0.13805854586400002,0.0,0,-0.11,-0.22,-0.11
2014-02-21 20:02:00,43.06399999999999,0.13805854586400002,0.0,0,-0.11,-0.22,-0.11
2014-02-21 20:07:00,46.62,0.13805854586400002,0.0,0,-0.11,-0.22,-0.11
2014-02-21 20:12:00,40.14,0.13805854586400002,0.0,0,-0.11,-0.22,-0.11
2014-02-21 20:17:00,47.111999999999995,0.13805854586400002,0.0,0,-0.11,-0.22,-0.11
2014-02-21 20:22:00,43.68600000000001,0.13805854586400002,0.0,0,-0.11,-0.22,-0.11
2014-02-21 20:27:00,42.464,0.13805854586400002,0.0,0,-0.11,-0.22,-0.11
2014-02-21 20:32:00,43.17,0.13805854586400002,0.0,0,-0.11,-0.22,-0.11
2014-02-21 20:37:00,39.484,0.13805854586400002,0.0,0,-0.11,-0.22,-0.11
2014-02-21 20:42:00,47.63,0.13805854586400002,0.0,0,-0.11,-0.22,-0.11
2014-02-21 20:47:00,43.108000000000004,0.13805854586400002,0.0,0,-0.11,-0.22,-0.11
2014-02-21 20:52:00,43.356,0.13805854586400002,0.0,0,-0.11,-0.22,-0.11
2014-02-21 20:57:00,46.018,0.13805854586400002,0.0,0,-0.11,-0.22,-0.11
2014-02-21 21:02:00,39.784,0.13805854586400002,0.0,0,-0.11,-0.22,-0.11
2014-02-21 21:07:00,49.32,0.13805854586400002,0.0,0,-0.11,-0.22,-0.11
2014-02-21 21:12:00,43.58600000000001,0.13805854586400002,0.0,0,-0.11,-0.22,-0.11
2014-02-21 21:17:00,42.653999999999996,0.13805854586400002,0.0,0,-0.11,-0.22,-0.11
2014-02-21 21:22:00,43.802,0.13805854586400002,0.0,0,-0.11,-0.22,-0.11
2014-02-21 21:27:00,38.918,0.13805854586400002,0.0,0,-0.11,-0.22,-0.11
2014-02-21 21:32:00,47.35,0.13805854586400002,0.0,0,-0.11,-0.22,-0.11
2014-02-21 21:37:00,42.84,0.13805854586400002,0.0,0,-0.11,-0.22,-0.11
2014-02-21 21:42:00,43.338,0.13805854586400002,0.0,0,-0.11,-0.22,-0.11
2014-02-21 21:47:00,43.052,0.13805854586400002,0.0,0,-0.11,-0.22,-0.11
2014-02-21 21:52:00,40.62,0.13805854586400002,0.0,0,-0.11,-0.22,-0.11
2014-02-21 21:57:00,47.394,0.13805854586400002,0.0,0,-0.11,-0.22,-0.11
2014-02-21 22:02:00,42.934,0.13805854586400002,0.0,0,-0.11,-0.22,-0.11
2014-02-21 22:07:00,45.54,0.13805854586400002,0.0,0,-0.11,-0.22,-0.11
2014-02-21 22:12:00,42.16,0.13805854586400002,0.0,0,-0.11,-0.22,-0.11
2014-02-21 22:17:00,40.938,0.13805854586400002,0.0,0,-0.11,-0.22,-0.11
2014-02-21 22:22:00,45.254,0.13805854586400002,0.0,0,-0.11,-0.22,-0.11
2014-02-21 22:27:00,38.732,0.13805854586400002,0.0,0,-0.11,-0.22,-0.11
2014-02-21 22:32:00,48.45,0.13805854586400002,0.0,0,-0.11,-0.22,-0.11
2014-02-21 22:37:00,41.428000000000004,0.13805854586400002,0.0,0,-0.11,-0.22,-0.11
2014-02-21 22:42:00,42.864,0.13805854586400002,0.0,0,-0.11,-0.22,-0.11
2014-02-21 22:47:00,43.85,0.13805854586400002,0.0,0,-0.11,-0.22,-0.11
2014-02-21 22:52:00,39.836,0.13805854586400002,0.0,0,-0.11,-0.22,-0.11
2014-02-21 22:57:00,50.394,0.13805854586400002,0.0,0,-0.11,-0.22,-0.11
2014-02-21 23:02:00,43.93600000000001,0.13805854586400002,0.0,0,-0.11,-0.22,-0.11
2014-02-21 23:07:00,44.146,0.13805854586400002,0.0,0,-0.11,-0.22,-0.11
2014-02-21 23:12:00,43.708,0.13805854586400002,0.0,0,-0.11,-0.22,-0.11
2014-02-21 23:17:00,39.87,0.13805854586400002,0.0,0,-0.11,-0.22,-0.11
2014-02-21 23:22:00,47.746,0.13805854586400002,0.0,0,-0.11,-0.22,-0.11
2014-02-21 23:27:00,43.004,0.13805854586400002,0.0,0,-0.11,-0.22,-0.11
2014-02-21 23:32:00,41.478,0.13805854586400002,0.0,0,-0.11,-0.22,-0.11
2014-02-21 23:37:00,43.994,0.13805854586400002,0.0,0,-0.11,-0.22,-0.11
2014-02-21 23:42:00,38.8,0.13805854586400002,0.0,0,-0.11,-0.22,-0.11
2014-02-21 23:47:00,45.37600000000001,0.13805854586400002,0.0,0,-0.11,-0.22,-0.11
2014-02-21 23:52:00,43.31,0.13805854586400002,0.0,0,-0.11,-0.22,-0.11
2014-02-21 23:57:00,44.812,0.13805854586400002,0.0,0,-0.11,-0.22,-0.11
2014-02-22 00:02:00,43.582,0.13805854586400002,0.0,0,-0.11,-0.22,-0.11
2014-02-22 00:07:00,41.276,0.13805854586400002,0.0,0,-0.11,-0.22,-0.11
2014-02-22 00:12:00,46.916000000000004,0.13805854586400002,0.0,0,-0.11,-0.22,-0.11
2014-02-22 00:17:00,42.69600000000001,0.13805854586400002,0.0,0,-0.11,-0.22,-0.11
2014-02-22 00:22:00,43.522,0.13805854586400002,0.0,0,-0.11,-0.22,-0.11
2014-02-22 00:27:00,42.794,0.13805854586400002,0.0,0,-0.11,-0.22,-0.11
2014-02-22 00:32:00,39.635999999999996,0.13805854586400002,0.0,0,-0.11,-0.22,-0.11
2014-02-22 00:37:00,47.184,0.13805854586400002,0.0,0,-0.11,-0.22,-0.11
2014-02-22 00:42:00,43.004,0.13805854586400002,0.0,0,-0.11,-0.22,-0.11
2014-02-22 00:47:00,41.67,0.13805854586400002,0.0,0,-0.11,-0.22,-0.11
2014-02-22 00:52:00,44.46,0.13805854586400002,0.0,0,-0.11,-0.22,-0.11
2014-02-22 00:57:00,41.31399999999999,0.13805854586400002,0.0,0,-0.11,-0.22,-0.11
2014-02-22 01:02:00,49.562,0.13805854586400002,0.0,0,-0.11,-0.22,-0.11
2014-02-22 01:07:00,42.918,0.13805854586400002,0.0,0,-0.11,-0.22,-0.11
2014-02-22 01:12:00,43.662,0.13805854586400002,0.0,0,-0.11,-0.22,-0.11
2014-02-22 01:17:00,42.77,0.13805854586400002,0.0,0,-0.11,-0.22,-0.11
2014-02-22 01:22:00,40.282,0.13805854586400002,0.0,0,-0.11,-0.22,-0.11
2014-02-22 01:27:00,46.168,0.13805854586400002,0.0,0,-0.11,-0.22,-0.11
2014-02-22 01:32:00,38.428000000000004,0.12504656064,0.0250000003725,0,-0.11,-0.22,-0.11
2014-02-22 01:37:00,48.99,0.12504656064,0.0,0,-0.11,-0.22,-0.11
2014-02-22 01:42:00,43.38,0.12504656064,0.0,0,-0.11,-0.22,-0.11
2014-02-22 01:47:00,41.36600000000001,0.12504656064,0.0,0,-0.11,-0.22,-0.11
2014-02-22 01:52:00,44.153999999999996,0.12504656064,0.0,0,-0.11,-0.22,-0.11
2014-02-22 01:57:00,41.56800000000001,0.12504656064,0.0,0,-0.11,-0.22,-0.11
2014-02-22 02:02:00,49.578,0.12504656064,0.0,0,-0.11,-0.22,-0.11
2014-02-22 02:07:00,43.63800000000001,0.12504656064,0.0,0,-0.11,-0.22,-0.11
2014-02-22 02:12:00,42.026,0.12504656064,0.0,0,-0.11,-0.22,-0.11
2014-02-22 02:17:00,44.48,0.12504656064,0.0,0,-0.11,-0.22,-0.11
2014-02-22 02:22:00,39.196,0.13805854586400002,0.0,0,-0.11,-0.22,-0.11
2014-02-22 02:27:00,47.256,0.13805854586400002,0.0,0,-0.11,-0.22,-0.11
2014-02-22 02:32:00,42.394,0.13805854586400002,0.0,0,-0.11,-0.22,-0.11
2014-02-22 02:37:00,42.864,0.13805854586400002,0.0,0,-0.11,-0.22,-0.11
2014-02-22 02:42:00,42.63,0.13805854586400002,0.0,0,-0.11,-0.22,-0.11
2014-02-22 02:47:00,40.43,0.13805854586400002,0.0,0,-0.11,-0.22,-0.11
2014-02-22 02:52:00,46.62,0.13805854586400002,0.0,0,-0.11,-0.22,-0.11
2014-02-22 02:57:00,45.023999999999994,0.13805854586400002,0.0,0,-0.11,-0.22,-0.11
2014-02-22 03:02:00,40.54,0.13805854586400002,0.0,0,-0.11,-0.22,-0.11
2014-02-22 03:07:00,47.63,0.13805854586400002,0.0,0,-0.11,-0.22,-0.11
2014-02-22 03:12:00,39.132,0.13805854586400002,0.0,0,-0.11,-0.22,-0.11
2014-02-22 03:17:00,48.59,0.13805854586400002,0.0,0,-0.11,-0.22,-0.11
2014-02-22 03:22:00,41.854,0.13805854586400002,0.0,0,-0.11,-0.22,-0.11
2014-02-22 03:27:00,42.348,0.13805854586400002,0.0,0,-0.11,-0.22,-0.11
2014-02-22 03:32:00,44.013999999999996,0.13805854586400002,0.0,0,-0.11,-0.22,-0.11
2014-02-22 03:37:00,39.684,0.13805854586400002,0.0,0,-0.11,-0.22,-0.11
2014-02-22 03:42:00,47.37,0.13805854586400002,0.0,0,-0.11,-0.22,-0.11
2014-02-22 03:47:00,43.216,0.13805854586400002,0.0,0,-0.11,-0.22,-0.11
2014-02-22 03:52:00,43.076,0.13805854586400002,0.0,0,-0.11,-0.22,-0.11
2014-02-22 03:57:00,45.4,0.13805854586400002,0.0,0,-0.11,-0.22,-0.11
2014-02-22 04:02:00,39.078,0.13805854586400002,0.0,0,-0.11,-0.22,-0.11
2014-02-22 04:07:00,49.466,0.13805854586400002,0.0,0,-0.11,-0.22,-0.11
2014-02-22 04:12:00,43.083999999999996,0.13805854586400002,0.0,0,-0.11,-0.22,-0.11
2014-02-22 04:17:00,42.864,0.13805854586400002,0.0,0,-0.11,-0.22,-0.11
2014-02-22 04:22:00,43.24,0.13805854586400002,0.0,0,-0.11,-0.22,-0.11
2014-02-22 04:27:00,40.046,0.13805854586400002,0.0,0,-0.11,-0.22,-0.11
2014-02-22 04:32:00,46.38399999999999,0.13805854586400002,0.0,0,-0.11,-0.22,-0.11
2014-02-22 04:37:00,39.122,0.13805854586400002,0.0,0,-0.11,-0.22,-0.11
2014-02-22 04:42:00,49.788000000000004,0.12504656064,0.0250000003725,0,-0.11,-0.22,-0.11
2014-02-22 04:47:00,42.042,0.12504656064,0.0,0,-0.11,-0.22,-0.11
2014-02-22 04:52:00,41.948,0.12504656064,0.0,0,-0.11,-0.22,-0.11
2014-02-22 04:57:00,47.582,0.12504656064,0.0,0,-0.11,-0.22,-0.11
2014-02-22 05:02:00,39.038000000000004,0.12504656064,0.0,0,-0.11,-0.22,-0.11
2014-02-22 05:07:00,50.938,0.112810386877,0.0250000003725,0,-0.11,-0.22,-0.11
2014-02-22 05:12:00,42.636,0.112810386877,0.0,0,-0.11,-0.22,-0.11
2014-02-22 05:17:00,41.31,0.112810386877,0.0,0,-0.11,-0.22,-0.11
2014-02-22 05:22:00,45.04600000000001,0.112810386877,0.0,0,-0.11,-0.22,-0.11
2014-02-22 05:27:00,39.506,0.112810386877,0.0,0,-0.11,-0.22,-0.11
2014-02-22 05:32:00,47.676,0.12504656064,0.0,0,-0.11,-0.22,-0.11
2014-02-22 05:37:00,42.676,0.12504656064,0.0,0,-0.11,-0.22,-0.11
2014-02-22 05:42:00,41.478,0.12504656064,0.0,0,-0.11,-0.22,-0.11
2014-02-22 05:47:00,44.102,0.12504656064,0.0,0,-0.11,-0.22,-0.11
2014-02-22 05:52:00,38.708,0.112810386877,0.0250000003725,0,-0.11,-0.22,-0.11
2014-02-22 05:57:00,49.178000000000004,0.12504656064,0.0,0,-0.11,-0.22,-0.11
2014-02-22 06:02:00,43.544,0.12504656064,0.0,0,-0.11,-0.22,-0.11
2014-02-22 06:07:00,43.826,0.12504656064,0.0,0,-0.11,-0.22,-0.11
2014-02-22 06:12:00,44.038000000000004,0.12504656064,0.0,0,-0.11,-0.22,-0.11
2014-02-22 06:17:00,38.522,0.10133926617200001,0.0500000007451,0,-0.11,-0.22,-0.11
2014-02-22 06:22:00,48.826,0.10133926617200001,0.0,0,-0.11,-0.22,-0.11
2014-02-22 06:27:00,42.048,0.10133926617200001,0.0,0,-0.11,-0.22,-0.11
2014-02-22 06:32:00,42.582,0.10133926617200001,0.0,0,-0.11,-0.22,-0.11
2014-02-22 06:37:00,44.553999999999995,0.10133926617200001,0.0,0,-0.11,-0.22,-0.11
2014-02-22 06:42:00,39.014,0.10133926617200001,0.0250000003725,0,-0.11,-0.22,-0.11
2014-02-22 06:47:00,48.873999999999995,0.10133926617200001,0.0,0,-0.11,-0.22,-0.11
2014-02-22 06:52:00,42.13,0.10133926617200001,0.0,0,-0.11,-0.22,-0.11
2014-02-22 06:57:00,44.553999999999995,0.10133926617200001,0.0,0,-0.11,-0.22,-0.11
2014-02-22 07:02:00,44.43600000000001,0.10133926617200001,0.0,0,-0.11,-0.22,-0.11
2014-02-22 07:07:00,41.52,0.12504656064,0.0,0,-0.11,-0.22,-0.11
2014-02-22 07:12:00,48.523999999999994,0.12504656064,0.0,0,-0.11,-0.22,-0.11
2014-02-22 07:17:00,42.37,0.12504656064,0.0,0,-0.11,-0.22,-0.11
2014-02-22 07:22:00,43.262,0.12504656064,0.0,0,-0.11,-0.22,-0.11
2014-02-22 07:27:00,43.711999999999996,0.12504656064,0.0,0,-0.11,-0.22,-0.11
2014-02-22 07:32:00,40.376,0.13805854586400002,0.0,0,-0.11,-0.22,-0.11
2014-02-22 07:37:00,47.184,0.13805854586400002,0.0,0,-0.11,-0.22,-0.11
2014-02-22 07:42:00,41.57,0.13805854586400002,0.0,0,-0.11,-0.22,-0.11
2014-02-22 07:47:00,43.756,0.13805854586400002,0.0,0,-0.11,-0.22,-0.11
2014-02-22 07:52:00,43.122,0.13805854586400002,0.0,0,-0.11,-0.22,-0.11
2014-02-22 07:57:00,41.714,0.13805854586400002,0.0,0,-0.11,-0.22,-0.11
2014-02-22 08:02:00,46.22,0.13805854586400002,0.0,0,-0.11,-0.22,-0.11
2014-02-22 08:07:00,44.86,0.13805854586400002,0.0,0,-0.11,-0.22,-0.11
2014-02-22 08:12:00,43.098,0.13805854586400002,0.0,0,-0.11,-0.22,-0.11
2014-02-22 08:17:00,42.84,0.13805854586400002,0.0,0,-0.11,-0.22,-0.11
2014-02-22 08:22:00,39.8,0.13805854586400002,0.0,0,-0.11,-0.22,-0.11
2014-02-22 08:27:00,44.86,0.13805854586400002,0.0,0,-0.11,-0.22,-0.11
2014-02-22 08:32:00,41.478,0.13805854586400002,0.0,0,-0.11,-0.22,-0.11
2014-02-22 08:37:00,41.878,0.13805854586400002,0.0,0,-0.11,-0.22,-0.11
2014-02-22 08:42:00,43.68600000000001,0.13805854586400002,0.0,0,-0.11,-0.22,-0.11
2014-02-22 08:47:00,40.046,0.13805854586400002,0.0,0,-0.11,-0.22,-0.11
2014-02-22 08:52:00,47.09,0.13805854586400002,0.0,0,-0.11,-0.22,-0.11
2014-02-22 08:57:00,44.43,0.13805854586400002,0.0,0,-0.11,-0.22,-0.11
2014-02-22 09:02:00,43.206,0.13805854586400002,0.0,0,-0.11,-0.22,-0.11
2014-02-22 09:07:00,45.522,0.13805854586400002,0.0,0,-0.11,-0.22,-0.11
2014-02-22 09:12:00,40.492,0.13805854586400002,0.0,0,-0.11,-0.22,-0.11
2014-02-22 09:17:00,46.55,0.13805854586400002,0.0,0,-0.11,-0.22,-0.11
2014-02-22 09:22:00,44.202,0.13805854586400002,0.0,0,-0.11,-0.22,-0.11
2014-02-22 09:27:00,44.934,0.13805854586400002,0.0,0,-0.11,-0.22,-0.11
2014-02-22 09:32:00,42.548,0.13805854586400002,0.0,0,-0.11,-0.22,-0.11
2014-02-22 09:37:00,40.586,0.13805854586400002,0.0,0,-0.11,-0.22,-0.11
2014-02-22 09:42:00,45.821999999999996,0.13805854586400002,0.0,0,-0.11,-0.22,-0.11
2014-02-22 09:47:00,43.013999999999996,0.13805854586400002,0.0,0,-0.11,-0.22,-0.11
2014-02-22 09:52:00,43.92,0.13805854586400002,0.0,0,-0.11,-0.22,-0.11
2014-02-22 09:57:00,45.07,0.13805854586400002,0.0,0,-0.11,-0.22,-0.11
2014-02-22 10:02:00,40.352,0.13805854586400002,0.0,0,-0.11,-0.22,-0.11
2014-02-22 10:07:00,47.588,0.13805854586400002,0.0,0,-0.11,-0.22,-0.11
2014-02-22 10:12:00,42.558,0.13805854586400002,0.0,0,-0.11,-0.22,-0.11
2014-02-22 10:17:00,43.802,0.13805854586400002,0.0,0,-0.11,-0.22,-0.11
2014-02-22 10:22:00,41.99800000000001,0.13805854586400002,0.0,0,-0.11,-0.22,-0.11
2014-02-22 10:27:00,42.018,0.13805854586400002,0.0,0,-0.11,-0.22,-0.11
2014-02-22 10:32:00,41.666000000000004,0.13805854586400002,0.0,0,-0.11,-0.22,-0.11
2014-02-22 10:37:00,38.74,0.13805854586400002,0.0,0,-0.11,-0.22,-0.11
2014-02-22 10:42:00,49.788000000000004,0.13805854586400002,0.0,0,-0.11,-0.22,-0.11
2014-02-22 10:47:00,41.843999999999994,0.13805854586400002,0.0,0,-0.11,-0.22,-0.11
2014-02-22 10:52:00,41.22,0.13805854586400002,0.0,0,-0.11,-0.22,-0.11
2014-02-22 10:57:00,46.244,0.13805854586400002,0.0,0,-0.11,-0.22,-0.11
2014-02-22 11:02:00,44.672,0.13805854586400002,0.0,0,-0.11,-0.22,-0.11
2014-02-22 11:07:00,45.233999999999995,0.13805854586400002,0.0,0,-0.11,-0.22,-0.11
2014-02-22 11:12:00,40.798,0.13805854586400002,0.0,0,-0.11,-0.22,-0.11
2014-02-22 11:17:00,40.821999999999996,0.13805854586400002,0.0,0,-0.11,-0.22,-0.11
2014-02-22 11:22:00,46.006,0.13805854586400002,0.0,0,-0.11,-0.22,-0.11
2014-02-22 11:27:00,39.604,0.13805854586400002,0.0,0,-0.11,-0.22,-0.11
2014-02-22 11:32:00,48.934,0.13805854586400002,0.0,0,-0.11,-0.22,-0.11
2014-02-22 11:37:00,41.408,0.13805854586400002,0.0,0,-0.11,-0.22,-0.11
2014-02-22 11:42:00,42.066,0.13805854586400002,0.0,0,-0.11,-0.22,-0.11
2014-02-22 11:47:00,45.163999999999994,0.13805854586400002,0.0,0,-0.11,-0.22,-0.11
2014-02-22 11:52:00,38.632,0.13805854586400002,0.0,0,-0.11,-0.22,-0.11
2014-02-22 11:57:00,49.38399999999999,0.13805854586400002,0.0,0,-0.11,-0.22,-0.11
2014-02-22 12:02:00,42.968,0.13805854586400002,0.0,0,-0.11,-0.22,-0.11
2014-02-22 12:07:00,45.188,0.13805854586400002,0.0,0,-0.11,-0.22,-0.11
2014-02-22 12:12:00,43.04600000000001,0.13805854586400002,0.0,0,-0.11,-0.22,-0.11
2014-02-22 12:17:00,39.474000000000004,0.13805854586400002,0.0,0,-0.11,-0.22,-0.11
2014-02-22 12:22:00,49.693999999999996,0.13805854586400002,0.0,0,-0.11,-0.22,-0.11
2014-02-22 12:27:00,41.356,0.13805854586400002,0.0,0,-0.11,-0.22,-0.11
2014-02-22 12:32:00,42.048,0.13805854586400002,0.0,0,-0.11,-0.22,-0.11
2014-02-22 12:37:00,43.802,0.13805854586400002,0.0,0,-0.11,-0.22,-0.11
2014-02-22 12:42:00,39.648,0.13805854586400002,0.0,0,-0.11,-0.22,-0.11
2014-02-22 12:47:00,46.303999999999995,0.13805854586400002,0.0,0,-0.11,-0.22,-0.11
2014-02-22 12:52:00,43.076,0.13805854586400002,0.0,0,-0.11,-0.22,-0.11
2014-02-22 12:57:00,45.47,0.13805854586400002,0.0,0,-0.11,-0.22,-0.11
2014-02-22 13:02:00,42.952,0.13805854586400002,0.0,0,-0.11,-0.22,-0.11
2014-02-22 13:07:00,41.98,0.13805854586400002,0.0,0,-0.11,-0.22,-0.11
2014-02-22 13:12:00,44.693999999999996,0.13805854586400002,0.0,0,-0.11,-0.22,-0.11
2014-02-22 13:17:00,43.41,0.13805854586400002,0.0,0,-0.11,-0.22,-0.11
2014-02-22 13:22:00,43.99,0.13805854586400002,0.0,0,-0.11,-0.22,-0.11
2014-02-22 13:27:00,43.662,0.13805854586400002,0.0,0,-0.11,-0.22,-0.11
2014-02-22 13:32:00,41.976000000000006,0.13805854586400002,0.0,0,-0.11,-0.22,-0.11
2014-02-22 13:37:00,44.95399999999999,0.13805854586400002,0.0,0,-0.11,-0.22,-0.11
2014-02-22 13:42:00,39.062,0.13805854586400002,0.0,0,-0.11,-0.22,-0.11
2014-02-22 13:47:00,48.07,0.13805854586400002,0.0,0,-0.11,-0.22,-0.11
2014-02-22 13:52:00,40.821999999999996,0.13805854586400002,0.0,0,-0.11,-0.22,-0.11
2014-02-22 13:57:00,42.94,0.13805854586400002,0.0,0,-0.11,-0.22,-0.11
2014-02-22 14:02:00,46.146,0.13805854586400002,0.0,0,-0.11,-0.22,-0.11
2014-02-22 14:07:00,40.001999999999995,0.13805854586400002,0.0,0,-0.11,-0.22,-0.11
2014-02-22 14:12:00,49.178000000000004,0.13805854586400002,0.0,0,-0.11,-0.22,-0.11
2014-02-22 14:17:00,40.54,0.13805854586400002,0.0,0,-0.11,-0.22,-0.11
2014-02-22 14:22:00,41.614,0.13805854586400002,0.0,0,-0.11,-0.22,-0.11
2014-02-22 14:27:00,44.36600000000001,0.13805854586400002,0.0,0,-0.11,-0.22,-0.11
2014-02-22 14:32:00,39.038000000000004,0.13805854586400002,0.0,0,-0.11,-0.22,-0.11
2014-02-22 14:37:00,49.14,0.13805854586400002,0.0,0,-0.11,-0.22,-0.11
2014-02-22 14:42:00,41.872,0.13805854586400002,0.0,0,-0.11,-0.22,-0.11
2014-02-22 14:47:00,42.162,0.13805854586400002,0.0,0,-0.11,-0.22,-0.11
2014-02-22 14:52:00,42.718,0.13805854586400002,0.0,0,-0.11,-0.22,-0.11
2014-02-22 14:57:00,40.751999999999995,0.13805854586400002,0.0,0,-0.11,-0.22,-0.11
2014-02-22 15:02:00,49.46,0.112810386877,0.0500000007451,0,-0.11,-0.22,-0.11
2014-02-22 15:07:00,42.652,0.112810386877,0.0,0,-0.11,-0.22,-0.11
2014-02-22 15:12:00,43.403999999999996,0.112810386877,0.0,0,-0.11,-0.22,-0.11
2014-02-22 15:17:00,42.652,0.112810386877,0.0,0,-0.11,-0.22,-0.11
2014-02-22 15:22:00,40.234,0.112810386877,0.0,0,-0.11,-0.22,-0.11
2014-02-22 15:27:00,46.55,0.112810386877,0.0,0,-0.11,-0.22,-0.11
2014-02-22 15:32:00,43.7,0.112810386877,0.0,0,-0.11,-0.22,-0.11
2014-02-22 15:37:00,44.86,0.112810386877,0.0,0,-0.11,-0.22,-0.11
2014-02-22 15:42:00,41.544,0.112810386877,0.0,0,-0.11,-0.22,-0.11
2014-02-22 15:47:00,42.028,0.112810386877,0.0,0,-0.11,-0.22,-0.11
2014-02-22 15:52:00,44.623999999999995,0.13805854586400002,0.0,0,-0.11,-0.22,-0.11
2014-02-22 15:57:00,40.54,0.12504656064,0.0250000003725,0,-0.11,-0.22,-0.11
2014-02-22 16:02:00,49.672,0.10133926617200001,0.0500000007451,0,-0.11,-0.22,-0.11
2014-02-22 16:07:00,43.106,0.10133926617200001,0.0,0,-0.11,-0.22,-0.11
2014-02-22 16:12:00,41.292,0.10133926617200001,0.0,0,-0.11,-0.22,-0.11
2014-02-22 16:17:00,45.136,0.10133926617200001,0.0,0,-0.11,-0.22,-0.11
2014-02-22 16:22:00,38.874,0.0906213267703,0.0250000003725,0,-0.11,-0.22,-0.11
2014-02-22 16:27:00,49.053999999999995,0.08064346711360001,0.0250000003725,0,-0.11,-0.22,-0.11
2014-02-22 16:32:00,41.08600000000001,0.08064346711360001,0.0,0,-0.11,-0.22,-0.11
2014-02-22 16:37:00,41.244,0.08064346711360001,0.0,0,-0.11,-0.22,-0.11
2014-02-22 16:42:00,44.483999999999995,0.08064346711360001,0.0,0,-0.11,-0.22,-0.11
2014-02-22 16:47:00,38.404,0.08064346711360001,0.0250000003725,0,-0.11,-0.22,-0.11
2014-02-22 16:52:00,48.99,0.0906213267703,0.0250000003725,0,-0.11,-0.22,-0.11
2014-02-22 16:57:00,43.083999999999996,0.0906213267703,0.0,0,-0.11,-0.22,-0.11
2014-02-22 17:02:00,41.972,0.0906213267703,0.0,0,-0.11,-0.22,-0.11
2014-02-22 17:07:00,46.83,0.0906213267703,0.0,0,-0.11,-0.22,-0.11
2014-02-22 17:12:00,39.408,0.0906213267703,0.0250000003725,0,-0.11,-0.22,-0.11
2014-02-22 17:17:00,45.974,0.10133926617200001,0.0,0,-0.11,-0.22,-0.11
2014-02-22 17:22:00,43.052,0.10133926617200001,0.0,0,-0.11,-0.22,-0.11
2014-02-22 17:27:00,44.623999999999995,0.10133926617200001,0.0,0,-0.11,-0.22,-0.11
2014-02-22 17:32:00,41.606,0.10133926617200001,0.0,0,-0.11,-0.22,-0.11
2014-02-22 17:37:00,41.198,0.112810386877,0.0,0,-0.11,-0.22,-0.11
2014-02-22 17:42:00,46.478,0.12504656064,0.0,0,-0.11,-0.22,-0.11
2014-02-22 17:47:00,39.414,0.112810386877,0.0250000003725,0,-0.11,-0.22,-0.11
2014-02-22 17:52:00,50.104,0.0806434663974,0.0750000029802,0,-0.11,-0.22,-0.11
2014-02-22 17:57:00,43.093999999999994,0.0806434663974,0.0,0,-0.11,-0.22,-0.11
2014-02-22 18:02:00,41.854,0.09062132599950001,0.0,0,-0.11,-0.22,-0.11
2014-02-22 18:07:00,46.478,0.09062132599950001,0.0,0,-0.11,-0.22,-0.11
2014-02-22 18:12:00,38.944,0.0806434663974,0.0250000003725,0,-0.11,-0.22,-0.11
2014-02-22 18:17:00,46.808,0.0806434663974,0.0,0,-0.11,-0.22,-0.11
2014-02-22 18:22:00,42.864,0.0806434663974,0.0,0,-0.11,-0.22,-0.11
2014-02-22 18:27:00,42.958,0.0806434663974,0.0,0,-0.11,-0.22,-0.11
2014-02-22 18:32:00,43.122,0.0806434663974,0.0,0,-0.11,-0.22,-0.11
2014-02-22 18:37:00,39.882,0.09062132599950001,0.0,0,-0.11,-0.22,-0.11
2014-02-22 18:42:00,46.338,0.12504656064,0.0,0,-0.11,-0.22,-0.11
2014-02-22 18:47:00,42.663999999999994,0.12504656064,0.0,0,-0.11,-0.22,-0.11
2014-02-22 18:52:00,43.732,0.12504656064,0.0,0,-0.11,-0.22,-0.11
2014-02-22 18:57:00,45.356,0.12504656064,0.0,0,-0.11,-0.22,-0.11
2014-02-22 19:02:00,40.446,0.13805854586400002,0.0,0,-0.11,-0.22,-0.11
2014-02-22 19:07:00,47.324,0.13805854586400002,0.0,0,-0.11,-0.22,-0.11
2014-02-22 19:12:00,44.36600000000001,0.13805854586400002,0.0,0,-0.11,-0.22,-0.11
2014-02-22 19:17:00,43.478,0.13805854586400002,0.0,0,-0.11,-0.22,-0.11
2014-02-22 19:22:00,41.93600000000001,0.13805854586400002,0.0,0,-0.11,-0.22,-0.11
2014-02-22 19:27:00,40.47,0.12504656064,0.0250000003725,0,-0.11,-0.22,-0.11
2014-02-22 19:32:00,46.408,0.12504656064,0.0,0,-0.11,-0.22,-0.11
2014-02-22 19:37:00,42.63,0.12504656064,0.0,0,-0.11,-0.22,-0.11
2014-02-22 19:42:00,43.321999999999996,0.12504656064,0.0,0,-0.11,-0.22,-0.11
2014-02-22 19:47:00,43.826,0.12504656064,0.0,0,-0.11,-0.22,-0.11
2014-02-22 19:52:00,39.32,0.12504656064,0.0,0,-0.11,-0.22,-0.11
2014-02-22 19:57:00,49.062,0.12504656064,0.0,0,-0.11,-0.22,-0.11
2014-02-22 20:02:00,41.62,0.12504656064,0.0,0,-0.11,-0.22,-0.11
2014-02-22 20:07:00,44.83600000000001,0.12504656064,0.0,0,-0.11,-0.22,-0.11
2014-02-22 20:12:00,43.403999999999996,0.12504656064,0.0,0,-0.11,-0.22,-0.11
2014-02-22 20:17:00,39.186,0.13805854586400002,0.0,0,-0.11,-0.22,-0.11
2014-02-22 20:22:00,49.672,0.12504656064,0.0250000003725,0,-0.11,-0.22,-0.11
2014-02-22 20:27:00,41.666000000000004,0.12504656064,0.0,0,-0.11,-0.22,-0.11
2014-02-22 20:32:00,41.826,0.12504656064,0.0,0,-0.11,-0.22,-0.11
2014-02-22 20:37:00,44.623999999999995,0.12504656064,0.0,0,-0.11,-0.22,-0.11
2014-02-22 20:42:00,38.732,0.12504656064,0.0,0,-0.11,-0.22,-0.11
2014-02-22 20:47:00,46.95399999999999,0.12504656064,0.0,0,-0.11,-0.22,-0.11
2014-02-22 20:52:00,43.146,0.12504656064,0.0,0,-0.11,-0.22,-0.11
2014-02-22 20:57:00,43.708,0.12504656064,0.0,0,-0.11,-0.22,-0.11
2014-02-22 21:02:00,42.3,0.12504656064,0.0,0,-0.11,-0.22,-0.11
2014-02-22 21:07:00,39.622,0.12504656064,0.0,0,-0.11,-0.22,-0.11
2014-02-22 21:12:00,47.536,0.13805854586400002,0.0,0,-0.11,-0.22,-0.11
2014-02-22 21:17:00,43.26,0.13805854586400002,0.0,0,-0.11,-0.22,-0.11
2014-02-22 21:22:00,42.864,0.13805854586400002,0.0,0,-0.11,-0.22,-0.11
2014-02-22 21:27:00,44.153999999999996,0.13805854586400002,0.0,0,-0.11,-0.22,-0.11
2014-02-22 21:32:00,38.78,0.13805854586400002,0.0,0,-0.11,-0.22,-0.11
2014-02-22 21:37:00,47.198,0.12504656064,0.0250000003725,0,-0.11,-0.22,-0.11
2014-02-22 21:42:00,42.606,0.12504656064,0.0,0,-0.11,-0.22,-0.11
2014-02-22 21:47:00,43.68600000000001,0.12504656064,0.0,0,-0.11,-0.22,-0.11
2014-02-22 21:52:00,43.378,0.12504656064,0.0,0,-0.11,-0.22,-0.11
2014-02-22 21:57:00,43.181999999999995,0.12504656064,0.0,0,-0.11,-0.22,-0.11
2014-02-22 22:02:00,44.972,0.12504656064,0.0,0,-0.11,-0.22,-0.11
2014-02-22 22:07:00,45.104,0.12504656064,0.0,0,-0.11,-0.22,-0.11
2014-02-22 22:12:00,43.99,0.12504656064,0.0,0,-0.11,-0.22,-0.11
2014-02-22 22:17:00,43.544,0.12504656064,0.0,0,-0.11,-0.22,-0.11
2014-02-22 22:22:00,40.118,0.12504656064,0.0,0,-0.11,-0.22,-0.11
2014-02-22 22:27:00,45.298,0.13805854586400002,0.0,0,-0.11,-0.22,-0.11
2014-02-22 22:32:00,42.578,0.13805854586400002,0.0,0,-0.11,-0.22,-0.11
2014-02-22 22:37:00,43.34,0.13805854586400002,0.0,0,-0.11,-0.22,-0.11
2014-02-22 22:42:00,42.69600000000001,0.13805854586400002,0.0,0,-0.11,-0.22,-0.11
2014-02-22 22:47:00,40.282,0.13805854586400002,0.0,0,-0.11,-0.22,-0.11
2014-02-22 22:52:00,45.63,0.13805854586400002,0.0,0,-0.11,-0.22,-0.11
2014-02-22 22:57:00,45.233999999999995,0.13805854586400002,0.0,0,-0.11,-0.22,-0.11
2014-02-22 23:02:00,42.934,0.13805854586400002,0.0,0,-0.11,-0.22,-0.11
2014-02-22 23:07:00,44.623999999999995,0.13805854586400002,0.0,0,-0.11,-0.22,-0.11
2014-02-22 23:12:00,39.28,0.13805854586400002,0.0,0,-0.11,-0.22,-0.11
2014-02-22 23:17:00,46.83,0.13805854586400002,0.0,0,-0.11,-0.22,-0.11
2014-02-22 23:22:00,43.058,0.13805854586400002,0.0,0,-0.11,-0.22,-0.11
2014-02-22 23:27:00,43.076,0.13805854586400002,0.0,0,-0.11,-0.22,-0.11
2014-02-22 23:32:00,41.756,0.13805854586400002,0.0,0,-0.11,-0.22,-0.11
2014-02-22 23:37:00,41.312,0.13805854586400002,0.0,0,-0.11,-0.22,-0.11
2014-02-22 23:42:00,44.722,0.13805854586400002,0.0,0,-0.11,-0.22,-0.11
2014-02-22 23:47:00,38.31,0.13805854586400002,0.0,0,-0.11,-0.22,-0.11
2014-02-22 23:52:00,49.452,0.12504656064,0.0250000003725,0,-0.11,-0.22,-0.11
2014-02-22 23:57:00,43.896,0.12504656064,0.0,0,-0.11,-0.22,-0.11
2014-02-23 00:02:00,42.408,0.12504656064,0.0,0,-0.11,-0.22,-0.11
2014-02-23 00:07:00,46.268,0.12504656064,0.0,0,-0.11,-0.22,-0.11
2014-02-23 00:12:00,39.948,0.12504656064,0.0,0,-0.11,-0.22,-0.11
2014-02-23 00:17:00,48.85,0.112810386877,0.0250000003725,0,-0.11,-0.22,-0.11
2014-02-23 00:22:00,41.644,0.112810386877,0.0,0,-0.11,-0.22,-0.11
2014-02-23 00:27:00,42.488,0.112810386877,0.0,0,-0.11,-0.22,-0.11
2014-02-23 00:32:00,43.706,0.112810386877,0.0,0,-0.11,-0.22,-0.11
2014-02-23 00:37:00,39.93,0.112810386877,0.0,0,-0.11,-0.22,-0.11
2014-02-23 00:42:00,48.461999999999996,0.12504656064,0.0,0,-0.11,-0.22,-0.11
2014-02-23 00:47:00,41.332,0.12504656064,0.0,0,-0.11,-0.22,-0.11
2014-02-23 00:52:00,42.88800000000001,0.12504656064,0.0,0,-0.11,-0.22,-0.11
2014-02-23 00:57:00,45.611999999999995,0.12504656064,0.0,0,-0.11,-0.22,-0.11
2014-02-23 01:02:00,39.324,0.112810386877,0.0250000003725,0,-0.11,-0.22,-0.11
2014-02-23 01:07:00,48.732,0.12504656064,0.0,0,-0.11,-0.22,-0.11
2014-02-23 01:12:00,43.176,0.12504656064,0.0,0,-0.11,-0.22,-0.11
2014-02-23 01:17:00,43.312,0.12504656064,0.0,0,-0.11,-0.22,-0.11
2014-02-23 01:22:00,44.188,0.12504656064,0.0,0,-0.11,-0.22,-0.11
2014-02-23 01:27:00,39.455999999999996,0.112810386877,0.0250000003725,0,-0.11,-0.22,-0.11
2014-02-23 01:32:00,46.918,0.112810386877,0.0,0,-0.11,-0.22,-0.11
2014-02-23 01:37:00,42.606,0.112810386877,0.0,0,-0.11,-0.22,-0.11
2014-02-23 01:42:00,41.714,0.112810386877,0.0,0,-0.11,-0.22,-0.11
2014-02-23 01:47:00,43.896,0.112810386877,0.0,0,-0.11,-0.22,-0.11
2014-02-23 01:52:00,39.718,0.12504656064,0.0,0,-0.11,-0.22,-0.11
2014-02-23 01:57:00,51.38399999999999,0.071391232574,0.125,0,-0.11,-0.22,-0.11
2014-02-23 02:02:00,42.43,0.071391232574,0.0,0,-0.11,-0.22,-0.11
2014-02-23 02:07:00,44.06800000000001,0.071391232574,0.0,0,-0.11,-0.22,-0.11
2014-02-23 02:12:00,44.95399999999999,0.071391232574,0.0,0,-0.11,-0.22,-0.11
2014-02-23 02:17:00,39.166,0.0806434678298,0.0,0,-0.11,-0.22,-0.11
2014-02-23 02:22:00,46.924,0.0806434678298,0.0,0,-0.11,-0.22,-0.11
2014-02-23 02:27:00,41.478,0.0806434678298,0.0,0,-0.11,-0.22,-0.11
2014-02-23 02:32:00,41.996,0.0806434678298,0.0,0,-0.11,-0.22,-0.11
2014-02-23 02:37:00,43.978,0.0806434678298,0.0,0,-0.11,-0.22,-0.11
2014-02-23 02:42:00,37.275999999999996,0.054998263009,0.0750000029802,0,-0.11,-0.22,-0.11
2014-02-23 02:47:00,47.23,0.101339265346,0.0,0,-0.11,-0.22,-0.11
2014-02-23 02:52:00,42.63,0.101339265346,0.0,0,-0.11,-0.22,-0.11
2014-02-23 02:57:00,44.108000000000004,0.101339265346,0.0,0,-0.11,-0.22,-0.11
2014-02-23 03:02:00,42.91,0.101339265346,0.0,0,-0.11,-0.22,-0.11
2014-02-23 03:07:00,41.15,0.101339265346,0.0,0,-0.11,-0.22,-0.11
2014-02-23 03:12:00,46.55,0.101339265346,0.0,0,-0.11,-0.22,-0.11
2014-02-23 03:17:00,44.802,0.101339265346,0.0,0,-0.11,-0.22,-0.11
2014-02-23 03:22:00,42.724,0.101339265346,0.0,0,-0.11,-0.22,-0.11
2014-02-23 03:27:00,43.582,0.101339265346,0.0,0,-0.11,-0.22,-0.11
2014-02-23 03:32:00,39.86,0.13805854586400002,0.0,0,-0.11,-0.22,-0.11
2014-02-23 03:37:00,47.348,0.13805854586400002,0.0,0,-0.11,-0.22,-0.11
2014-02-23 03:42:00,43.17,0.13805854586400002,0.0,0,-0.11,-0.22,-0.11
2014-02-23 03:47:00,42.982,0.13805854586400002,0.0,0,-0.11,-0.22,-0.11
2014-02-23 03:52:00,43.036,0.13805854586400002,0.0,0,-0.11,-0.22,-0.11
2014-02-23 03:57:00,41.42,0.13805854586400002,0.0,0,-0.11,-0.22,-0.11
2014-02-23 04:02:00,47.91,0.13805854586400002,0.0,0,-0.11,-0.22,-0.11
2014-02-23 04:07:00,45.306000000000004,0.13805854586400002,0.0,0,-0.11,-0.22,-0.11
2014-02-23 04:12:00,42.58600000000001,0.13805854586400002,0.0,0,-0.11,-0.22,-0.11
2014-02-23 04:17:00,43.868,0.13805854586400002,0.0,0,-0.11,-0.22,-0.11
2014-02-23 04:22:00,38.49,0.13805854586400002,0.0,0,-0.11,-0.22,-0.11
2014-02-23 04:27:00,47.562,0.13805854586400002,0.0,0,-0.11,-0.22,-0.11
2014-02-23 04:32:00,43.004,0.13805854586400002,0.0,0,-0.11,-0.22,-0.11
2014-02-23 04:37:00,41.772,0.13805854586400002,0.0,0,-0.11,-0.22,-0.11
2014-02-23 04:42:00,43.592,0.13805854586400002,0.0,0,-0.11,-0.22,-0.11
2014-02-23 04:47:00,40.376,0.13805854586400002,0.0,0,-0.11,-0.22,-0.11
2014-02-23 04:52:00,45.972,0.13805854586400002,0.0,0,-0.11,-0.22,-0.11
2014-02-23 04:57:00,45.188,0.13805854586400002,0.0,0,-0.11,-0.22,-0.11
2014-02-23 05:02:00,43.218,0.13805854586400002,0.0,0,-0.11,-0.22,-0.11
2014-02-23 05:07:00,45.093999999999994,0.13805854586400002,0.0,0,-0.11,-0.22,-0.11
2014-02-23 05:12:00,40.14,0.13805854586400002,0.0,0,-0.11,-0.22,-0.11
2014-02-23 05:17:00,47.84,0.13805854586400002,0.0,0,-0.11,-0.22,-0.11
2014-02-23 05:22:00,41.74800000000001,0.13805854586400002,0.0,0,-0.11,-0.22,-0.11
2014-02-23 05:27:00,41.83,0.13805854586400002,0.0,0,-0.11,-0.22,-0.11
2014-02-23 05:32:00,44.47,0.13805854586400002,0.0,0,-0.11,-0.22,-0.11
2014-02-23 05:37:00,38.646,0.112810386877,0.0500000007451,0,-0.11,-0.22,-0.11
2014-02-23 05:42:00,49.062,0.112810386877,0.0,0,-0.11,-0.22,-0.11
2014-02-23 05:47:00,42.37,0.112810386877,0.0,0,-0.11,-0.22,-0.11
2014-02-23 05:52:00,41.652,0.112810386877,0.0,0,-0.11,-0.22,-0.11
2014-02-23 05:57:00,45.931999999999995,0.112810386877,0.0,0,-0.11,-0.22,-0.11
2014-02-23 06:02:00,39.244,0.112810386877,0.0,0,-0.11,-0.22,-0.11
2014-02-23 06:07:00,51.488,0.0906213267703,0.0500000007451,0,-0.11,-0.22,-0.11
2014-02-23 06:12:00,41.096000000000004,0.0906213267703,0.0,0,-0.11,-0.22,-0.11
2014-02-23 06:17:00,42.13800000000001,0.0906213267703,0.0,0,-0.11,-0.22,-0.11
2014-02-23 06:22:00,44.53,0.0906213267703,0.0,0,-0.11,-0.22,-0.11
2014-02-23 06:27:00,39.014,0.112810386877,0.0,0,-0.11,-0.22,-0.11
2014-02-23 06:32:00,47.442,0.112810386877,0.0,0,-0.11,-0.22,-0.11
2014-02-23 06:37:00,42.978,0.112810386877,0.0,0,-0.11,-0.22,-0.11
2014-02-23 06:42:00,43.574,0.112810386877,0.0,0,-0.11,-0.22,-0.11
2014-02-23 06:47:00,42.88800000000001,0.112810386877,0.0,0,-0.11,-0.22,-0.11
2014-02-23 06:52:00,39.836,0.112810386877,0.0,0,-0.11,-0.22,-0.11
2014-02-23 06:57:00,48.356,0.13805854586400002,0.0,0,-0.11,-0.22,-0.11
2014-02-23 07:02:00,43.592,0.13805854586400002,0.0,0,-0.11,-0.22,-0.11
2014-02-23 07:07:00,45.61,0.13805854586400002,0.0,0,-0.11,-0.22,-0.11
2014-02-23 07:12:00,42.36600000000001,0.13805854586400002,0.0,0,-0.11,-0.22,-0.11
2014-02-23 07:17:00,40.214,0.13805854586400002,0.0,0,-0.11,-0.22,-0.11
2014-02-23 07:22:00,44.448,0.13805854586400002,0.0,0,-0.11,-0.22,-0.11
2014-02-23 07:27:00,43.048,0.13805854586400002,0.0,0,-0.11,-0.22,-0.11
2014-02-23 07:32:00,42.958,0.13805854586400002,0.0,0,-0.11,-0.22,-0.11
2014-02-23 07:37:00,43.428000000000004,0.13805854586400002,0.0,0,-0.11,-0.22,-0.11
2014-02-23 07:42:00,39.038000000000004,0.12504656064,0.0250000003725,0,-0.11,-0.22,-0.11
2014-02-23 07:47:00,46.644,0.12504656064,0.0,0,-0.11,-0.22,-0.11
2014-02-23 07:52:00,42.724,0.12504656064,0.0,0,-0.11,-0.22,-0.11
2014-02-23 07:57:00,44.718,0.12504656064,0.0,0,-0.11,-0.22,-0.11
2014-02-23 08:02:00,44.32,0.12504656064,0.0,0,-0.11,-0.22,-0.11
2014-02-23 08:07:00,41.338,0.12504656064,0.0,0,-0.11,-0.22,-0.11
2014-02-23 08:12:00,49.19,0.12504656064,0.0,0,-0.11,-0.22,-0.11
2014-02-23 08:17:00,43.56800000000001,0.12504656064,0.0,0,-0.11,-0.22,-0.11
2014-02-23 08:22:00,43.006,0.12504656064,0.0,0,-0.11,-0.22,-0.11
2014-02-23 08:27:00,42.982,0.12504656064,0.0,0,-0.11,-0.22,-0.11
2014-02-23 08:32:00,39.53,0.13805854586400002,0.0,0,-0.11,-0.22,-0.11
2014-02-23 08:37:00,46.478,0.13805854586400002,0.0,0,-0.11,-0.22,-0.11
2014-02-23 08:42:00,43.428000000000004,0.13805854586400002,0.0,0,-0.11,-0.22,-0.11
2014-02-23 08:47:00,43.316,0.13805854586400002,0.0,0,-0.11,-0.22,-0.11
2014-02-23 08:52:00,44.202,0.13805854586400002,0.0,0,-0.11,-0.22,-0.11
2014-02-23 08:57:00,41.443999999999996,0.13805854586400002,0.0,0,-0.11,-0.22,-0.11
2014-02-23 09:02:00,46.902,0.13805854586400002,0.0,0,-0.11,-0.22,-0.11
2014-02-23 09:07:00,45.56399999999999,0.13805854586400002,0.0,0,-0.11,-0.22,-0.11
2014-02-23 09:12:00,41.762,0.13805854586400002,0.0,0,-0.11,-0.22,-0.11
2014-02-23 09:17:00,44.174,0.13805854586400002,0.0,0,-0.11,-0.22,-0.11
2014-02-23 09:22:00,38.84,0.13805854586400002,0.0,0,-0.11,-0.22,-0.11
2014-02-23 09:27:00,47.378,0.13805854586400002,0.0,0,-0.11,-0.22,-0.11
2014-02-23 09:32:00,43.544,0.13805854586400002,0.0,0,-0.11,-0.22,-0.11
2014-02-23 09:37:00,43.56800000000001,0.13805854586400002,0.0,0,-0.11,-0.22,-0.11
2014-02-23 09:42:00,42.924,0.13805854586400002,0.0,0,-0.11,-0.22,-0.11
2014-02-23 09:47:00,40.492,0.13805854586400002,0.0,0,-0.11,-0.22,-0.11
2014-02-23 09:52:00,45.816,0.13805854586400002,0.0,0,-0.11,-0.22,-0.11
2014-02-23 09:57:00,40.868,0.13805854586400002,0.0,0,-0.11,-0.22,-0.11
2014-02-23 10:02:00,49.448,0.13805854586400002,0.0,0,-0.11,-0.22,-0.11
2014-02-23 10:07:00,41.508,0.13805854586400002,0.0,0,-0.11,-0.22,-0.11
2014-02-23 10:12:00,40.211999999999996,0.13805854586400002,0.0,0,-0.11,-0.22,-0.11
2014-02-23 10:17:00,45.821999999999996,0.13805854586400002,0.0,0,-0.11,-0.22,-0.11
2014-02-23 10:22:00,40.156,0.13805854586400002,0.0,0,-0.11,-0.22,-0.11
2014-02-23 10:27:00,49.333999999999996,0.13805854586400002,0.0,0,-0.11,-0.22,-0.11
2014-02-23 10:32:00,41.104,0.13805854586400002,0.0,0,-0.11,-0.22,-0.11
2014-02-23 10:37:00,41.641999999999996,0.13805854586400002,0.0,0,-0.11,-0.22,-0.11
2014-02-23 10:42:00,44.062,0.13805854586400002,0.0,0,-0.11,-0.22,-0.11
2014-02-23 10:47:00,38.63800000000001,0.13805854586400002,0.0,0,-0.11,-0.22,-0.11
2014-02-23 10:52:00,48.324,0.13805854586400002,0.0,0,-0.11,-0.22,-0.11
2014-02-23 10:57:00,43.42,0.13805854586400002,0.0,0,-0.11,-0.22,-0.11
2014-02-23 11:02:00,42.756,0.13805854586400002,0.0,0,-0.11,-0.22,-0.11
2014-02-23 11:07:00,46.751999999999995,0.13805854586400002,0.0,0,-0.11,-0.22,-0.11
2014-02-23 11:12:00,39.836,0.13805854586400002,0.0,0,-0.11,-0.22,-0.11
2014-02-23 11:17:00,49.216,0.13805854586400002,0.0,0,-0.11,-0.22,-0.11
2014-02-23 11:22:00,42.184,0.13805854586400002,0.0,0,-0.11,-0.22,-0.11
2014-02-23 11:27:00,41.83,0.13805854586400002,0.0,0,-0.11,-0.22,-0.11
2014-02-23 11:32:00,43.63800000000001,0.13805854586400002,0.0,0,-0.11,-0.22,-0.11
2014-02-23 11:37:00,38.618,0.13805854586400002,0.0,0,-0.11,-0.22,-0.11
2014-02-23 11:42:00,45.448,0.13805854586400002,0.0,0,-0.11,-0.22,-0.11
2014-02-23 11:47:00,42.7,0.13805854586400002,0.0,0,-0.11,-0.22,-0.11
2014-02-23 11:52:00,41.972,0.13805854586400002,0.0,0,-0.11,-0.22,-0.11
2014-02-23 11:57:00,46.658,0.13805854586400002,0.0,0,-0.11,-0.22,-0.11
2014-02-23 12:02:00,38.836,0.13805854586400002,0.0,0,-0.11,-0.22,-0.11
2014-02-23 12:07:00,49.788000000000004,0.13805854586400002,0.0,0,-0.11,-0.22,-0.11
2014-02-23 12:12:00,41.526,0.13805854586400002,0.0,0,-0.11,-0.22,-0.11
2014-02-23 12:17:00,41.55,0.13805854586400002,0.0,0,-0.11,-0.22,-0.11
2014-02-23 12:22:00,44.263999999999996,0.13805854586400002,0.0,0,-0.11,-0.22,-0.11
2014-02-23 12:27:00,39.891999999999996,0.13805854586400002,0.0,0,-0.11,-0.22,-0.11
2014-02-23 12:32:00,48.333999999999996,0.13805854586400002,0.0,0,-0.11,-0.22,-0.11
2014-02-23 12:37:00,41.948,0.13805854586400002,0.0,0,-0.11,-0.22,-0.11
2014-02-23 12:42:00,42.074,0.13805854586400002,0.0,0,-0.11,-0.22,-0.11
2014-02-23 12:47:00,43.806000000000004,0.13805854586400002,0.0,0,-0.11,-0.22,-0.11
2014-02-23 12:52:00,38.732,0.13805854586400002,0.0,0,-0.11,-0.22,-0.11
2014-02-23 12:57:00,48.92,0.13805854586400002,0.0,0,-0.11,-0.22,-0.11
2014-02-23 13:02:00,43.756,0.13805854586400002,0.0,0,-0.11,-0.22,-0.11
2014-02-23 13:07:00,45.083999999999996,0.13805854586400002,0.0,0,-0.11,-0.22,-0.11
2014-02-23 13:12:00,42.82,0.13805854586400002,0.0,0,-0.11,-0.22,-0.11
2014-02-23 13:17:00,40.53,0.13805854586400002,0.0,0,-0.11,-0.22,-0.11
2014-02-23 13:22:00,45.518,0.13805854586400002,0.0,0,-0.11,-0.22,-0.11
2014-02-23 13:27:00,39.338,0.13805854586400002,0.0,0,-0.11,-0.22,-0.11
2014-02-23 13:32:00,48.68600000000001,0.13805854586400002,0.0,0,-0.11,-0.22,-0.11
2014-02-23 13:37:00,40.774,0.13805854586400002,0.0,0,-0.11,-0.22,-0.11
2014-02-23 13:42:00,41.74800000000001,0.13805854586400002,0.0,0,-0.11,-0.22,-0.11
2014-02-23 13:47:00,44.948,0.13805854586400002,0.0,0,-0.11,-0.22,-0.11
2014-02-23 13:52:00,39.152,0.13805854586400002,0.0,0,-0.11,-0.22,-0.11
2014-02-23 13:57:00,51.028,0.0906213267703,0.10000000149,0,-0.11,-0.22,-0.11
2014-02-23 14:02:00,41.08,0.0906213267703,0.0,0,-0.11,-0.22,-0.11
2014-02-23 14:07:00,44.108000000000004,0.0906213267703,0.0,0,-0.11,-0.22,-0.11
2014-02-23 14:12:00,43.321999999999996,0.0906213267703,0.0,0,-0.11,-0.22,-0.11
2014-02-23 14:17:00,39.924,0.0906213267703,0.0,0,-0.11,-0.22,-0.11
2014-02-23 14:22:00,47.001999999999995,0.0906213267703,0.0,0,-0.11,-0.22,-0.11
2014-02-23 14:27:00,43.49800000000001,0.0906213267703,0.0,0,-0.11,-0.22,-0.11
2014-02-23 14:32:00,44.693999999999996,0.0906213267703,0.0,0,-0.11,-0.22,-0.11
2014-02-23 14:37:00,42.136,0.0906213267703,0.0,0,-0.11,-0.22,-0.11
2014-02-23 14:42:00,40.61,0.0906213267703,0.0,0,-0.11,-0.22,-0.11
2014-02-23 14:47:00,45.961999999999996,0.13805854586400002,0.0,0,-0.11,-0.22,-0.11
2014-02-23 14:52:00,43.153999999999996,0.13805854586400002,0.0,0,-0.11,-0.22,-0.11
2014-02-23 14:57:00,45.733999999999995,0.13805854586400002,0.0,0,-0.11,-0.22,-0.11
2014-02-23 15:02:00,42.918,0.13805854586400002,0.0,0,-0.11,-0.22,-0.11
2014-02-23 15:07:00,42.294,0.13805854586400002,0.0,0,-0.11,-0.22,-0.11
2014-02-23 15:12:00,45.51600000000001,0.13805854586400002,0.0,0,-0.11,-0.22,-0.11
2014-02-23 15:17:00,38.56800000000001,0.13805854586400002,0.0,0,-0.11,-0.22,-0.11
2014-02-23 15:22:00,49.052,0.12504656064,0.0250000003725,0,-0.11,-0.22,-0.11
2014-02-23 15:27:00,40.916,0.12504656064,0.0,0,-0.11,-0.22,-0.11
2014-02-23 15:32:00,42.562,0.12504656064,0.0,0,-0.11,-0.22,-0.11
2014-02-23 15:37:00,44.153999999999996,0.12504656064,0.0,0,-0.11,-0.22,-0.11
2014-02-23 15:42:00,38.564,0.12504656064,0.0,0,-0.11,-0.22,-0.11
2014-02-23 15:47:00,49.056000000000004,0.10133926617200001,0.0500000007451,0,-0.11,-0.22,-0.11
2014-02-23 15:52:00,41.373999999999995,0.10133926617200001,0.0,0,-0.11,-0.22,-0.11
2014-02-23 15:57:00,44.758,0.10133926617200001,0.0,0,-0.11,-0.22,-0.11
2014-02-23 16:02:00,43.802,0.10133926617200001,0.0,0,-0.11,-0.22,-0.11
2014-02-23 16:07:00,41.08,0.10133926617200001,0.0,0,-0.11,-0.22,-0.11
2014-02-23 16:12:00,46.452,0.112810386877,0.0,0,-0.11,-0.22,-0.11
2014-02-23 16:17:00,42.763999999999996,0.112810386877,0.0,0,-0.11,-0.22,-0.11
2014-02-23 16:22:00,43.842,0.112810386877,0.0,0,-0.11,-0.22,-0.11
2014-02-23 16:27:00,43.474,0.112810386877,0.0,0,-0.11,-0.22,-0.11
2014-02-23 16:32:00,39.742,0.112810386877,0.0,0,-0.11,-0.22,-0.11
2014-02-23 16:37:00,48.61,0.12504656064,0.0250000003725,0,-0.11,-0.22,-0.11
2014-02-23 16:42:00,42.821999999999996,0.12504656064,0.0,0,-0.11,-0.22,-0.11
2014-02-23 16:47:00,43.372,0.12504656064,0.0,0,-0.11,-0.22,-0.11
2014-02-23 16:52:00,45.07,0.12504656064,0.0,0,-0.11,-0.22,-0.11
2014-02-23 16:57:00,45.891999999999996,0.12504656064,0.0,0,-0.11,-0.22,-0.11
2014-02-23 17:02:00,43.544,0.12504656064,0.0,0,-0.11,-0.22,-0.11
2014-02-23 17:07:00,45.961999999999996,0.12504656064,0.0,0,-0.11,-0.22,-0.11
2014-02-23 17:12:00,40.306,0.12504656064,0.0,0,-0.11,-0.22,-0.11
2014-02-23 17:17:00,45.233999999999995,0.12504656064,0.0,0,-0.11,-0.22,-0.11
2014-02-23 17:22:00,42.714,0.12504656064,0.0,0,-0.11,-0.22,-0.11
2014-02-23 17:27:00,43.258,0.13805854586400002,0.0,0,-0.11,-0.22,-0.11
2014-02-23 17:32:00,42.206,0.13805854586400002,0.0,0,-0.11,-0.22,-0.11
2014-02-23 17:37:00,41.104,0.13805854586400002,0.0,0,-0.11,-0.22,-0.11
2014-02-23 17:42:00,44.93,0.13805854586400002,0.0,0,-0.11,-0.22,-0.11
2014-02-23 17:47:00,38.76,0.13805854586400002,0.0,0,-0.11,-0.22,-0.11
2014-02-23 17:52:00,48.45399999999999,0.13805854586400002,0.0,0,-0.11,-0.22,-0.11
2014-02-23 17:57:00,41.878,0.13805854586400002,0.0,0,-0.11,-0.22,-0.11
2014-02-23 18:02:00,42.052,0.13805854586400002,0.0,0,-0.11,-0.22,-0.11
2014-02-23 18:07:00,45.868,0.13805854586400002,0.0,0,-0.11,-0.22,-0.11
2014-02-23 18:12:00,38.885999999999996,0.13805854586400002,0.0,0,-0.11,-0.22,-0.11
2014-02-23 18:17:00,47.092,0.13805854586400002,0.0,0,-0.11,-0.22,-0.11
2014-02-23 18:22:00,43.076,0.13805854586400002,0.0,0,-0.11,-0.22,-0.11
2014-02-23 18:27:00,43.68600000000001,0.13805854586400002,0.0,0,-0.11,-0.22,-0.11
2014-02-23 18:32:00,42.942,0.13805854586400002,0.0,0,-0.11,-0.22,-0.11
2014-02-23 18:37:00,40.891999999999996,0.13805854586400002,0.0,0,-0.11,-0.22,-0.11
2014-02-23 18:42:00,47.176,0.13805854586400002,0.0,0,-0.11,-0.22,-0.11
2014-02-23 18:47:00,38.77,0.13805854586400002,0.0,0,-0.11,-0.22,-0.11
2014-02-23 18:52:00,49.11600000000001,0.13805854586400002,0.0,0,-0.11,-0.22,-0.11
2014-02-23 18:57:00,43.333999999999996,0.13805854586400002,0.0,0,-0.11,-0.22,-0.11
2014-02-23 19:02:00,41.948,0.13805854586400002,0.0,0,-0.11,-0.22,-0.11
2014-02-23 19:07:00,46.948,0.13805854586400002,0.0,0,-0.11,-0.22,-0.11
2014-02-23 19:12:00,38.874,0.13805854586400002,0.0,0,-0.11,-0.22,-0.11
2014-02-23 19:17:00,46.952,0.13805854586400002,0.0,0,-0.11,-0.22,-0.11
2014-02-23 19:22:00,42.536,0.13805854586400002,0.0,0,-0.11,-0.22,-0.11
2014-02-23 19:27:00,42.066,0.13805854586400002,0.0,0,-0.11,-0.22,-0.11
2014-02-23 19:32:00,43.478,0.13805854586400002,0.0,0,-0.11,-0.22,-0.11
2014-02-23 19:37:00,40.704,0.13805854586400002,0.0,0,-0.11,-0.22,-0.11
2014-02-23 19:42:00,46.711999999999996,0.13805854586400002,0.0,0,-0.11,-0.22,-0.11
2014-02-23 19:47:00,43.78,0.13805854586400002,0.0,0,-0.11,-0.22,-0.11
2014-02-23 19:52:00,43.641999999999996,0.13805854586400002,0.0,0,-0.11,-0.22,-0.11
2014-02-23 19:57:00,44.251999999999995,0.13805854586400002,0.0,0,-0.11,-0.22,-0.11
2014-02-23 20:02:00,40.234,0.13805854586400002,0.0,0,-0.11,-0.22,-0.11
2014-02-23 20:07:00,47.84,0.13805854586400002,0.0,0,-0.11,-0.22,-0.11
2014-02-23 20:12:00,42.934,0.13805854586400002,0.0,0,-0.11,-0.22,-0.11
2014-02-23 20:17:00,43.75,0.13805854586400002,0.0,0,-0.11,-0.22,-0.11
2014-02-23 20:22:00,42.386,0.13805854586400002,0.0,0,-0.11,-0.22,-0.11
2014-02-23 20:27:00,40.658,0.13805854586400002,0.0,0,-0.11,-0.22,-0.11
2014-02-23 20:32:00,46.222,0.13805854586400002,0.0,0,-0.11,-0.22,-0.11
2014-02-23 20:37:00,42.676,0.13805854586400002,0.0,0,-0.11,-0.22,-0.11
2014-02-23 20:42:00,43.788000000000004,0.13805854586400002,0.0,0,-0.11,-0.22,-0.11
2014-02-23 20:47:00,44.596000000000004,0.13805854586400002,0.0,0,-0.11,-0.22,-0.11
2014-02-23 20:52:00,39.366,0.13805854586400002,0.0,0,-0.11,-0.22,-0.11
2014-02-23 20:57:00,50.61,0.112810386877,0.0500000007451,0,-0.11,-0.22,-0.11
2014-02-23 21:02:00,41.666000000000004,0.112810386877,0.0,0,-0.11,-0.22,-0.11
2014-02-23 21:07:00,44.132,0.112810386877,0.0,0,-0.11,-0.22,-0.11
2014-02-23 21:12:00,44.038000000000004,0.112810386877,0.0,0,-0.11,-0.22,-0.11
2014-02-23 21:17:00,39.378,0.112810386877,0.0,0,-0.11,-0.22,-0.11
2014-02-23 21:22:00,46.644,0.10133926617200001,0.0250000003725,0,-0.11,-0.22,-0.11
2014-02-23 21:27:00,42.611999999999995,0.10133926617200001,0.0,0,-0.11,-0.22,-0.11
2014-02-23 21:32:00,43.602,0.10133926617200001,0.0,0,-0.11,-0.22,-0.11
2014-02-23 21:37:00,42.396,0.10133926617200001,0.0,0,-0.11,-0.22,-0.11
2014-02-23 21:42:00,40.492,0.10133926617200001,0.0,0,-0.11,-0.22,-0.11
2014-02-23 21:47:00,46.006,0.12504656064,0.0,0,-0.11,-0.22,-0.11
2014-02-23 21:52:00,42.724,0.12504656064,0.0,0,-0.11,-0.22,-0.11
2014-02-23 21:57:00,45.32,0.12504656064,0.0,0,-0.11,-0.22,-0.11
2014-02-23 22:02:00,42.91,0.12504656064,0.0,0,-0.11,-0.22,-0.11
2014-02-23 22:07:00,41.902,0.12504656064,0.0,0,-0.11,-0.22,-0.11
2014-02-23 22:12:00,46.724,0.13805854586400002,0.0,0,-0.11,-0.22,-0.11
2014-02-23 22:17:00,43.034,0.13805854586400002,0.0,0,-0.11,-0.22,-0.11
2014-02-23 22:22:00,43.826,0.13805854586400002,0.0,0,-0.11,-0.22,-0.11
2014-02-23 22:27:00,44.338,0.13805854586400002,0.0,0,-0.11,-0.22,-0.11
2014-02-23 22:32:00,39.86,0.13805854586400002,0.0,0,-0.11,-0.22,-0.11
2014-02-23 22:37:00,46.22,0.13805854586400002,0.0,0,-0.11,-0.22,-0.11
2014-02-23 22:42:00,43.146,0.13805854586400002,0.0,0,-0.11,-0.22,-0.11
2014-02-23 22:47:00,44.24800000000001,0.13805854586400002,0.0,0,-0.11,-0.22,-0.11
2014-02-23 22:52:00,40.728,0.13805854586400002,0.0,0,-0.11,-0.22,-0.11
2014-02-23 22:57:00,41.352,0.13805854586400002,0.0,0,-0.11,-0.22,-0.11
2014-02-23 23:02:00,49.518,0.12504656064,0.0250000003725,0,-0.11,-0.22,-0.11
2014-02-23 23:07:00,43.978,0.12504656064,0.0,0,-0.11,-0.22,-0.11
2014-02-23 23:12:00,42.606,0.12504656064,0.0,0,-0.11,-0.22,-0.11
2014-02-23 23:17:00,43.68600000000001,0.12504656064,0.0,0,-0.11,-0.22,-0.11
2014-02-23 23:22:00,38.61,0.12504656064,0.0,0,-0.11,-0.22,-0.11
2014-02-23 23:27:00,47.3,0.12504656064,0.0,0,-0.11,-0.22,-0.11
2014-02-23 23:32:00,42.816,0.12504656064,0.0,0,-0.11,-0.22,-0.11
2014-02-23 23:37:00,42.141999999999996,0.12504656064,0.0,0,-0.11,-0.22,-0.11
2014-02-23 23:42:00,44.6,0.12504656064,0.0,0,-0.11,-0.22,-0.11
2014-02-23 23:47:00,39.014,0.12504656064,0.0,0,-0.11,-0.22,-0.11
2014-02-23 23:52:00,47.443999999999996,0.13805854586400002,0.0,0,-0.11,-0.22,-0.11
2014-02-23 23:57:00,45.808,0.13805854586400002,0.0,0,-0.11,-0.22,-0.11
2014-02-24 00:02:00,43.023999999999994,0.13805854586400002,0.0,0,-0.11,-0.22,-0.11
2014-02-24 00:07:00,45.128,0.13805854586400002,0.0,0,-0.11,-0.22,-0.11
2014-02-24 00:12:00,39.578,0.13805854586400002,0.0,0,-0.11,-0.22,-0.11
2014-02-24 00:17:00,47.302,0.13805854586400002,0.0,0,-0.11,-0.22,-0.11
2014-02-24 00:22:00,43.474,0.13805854586400002,0.0,0,-0.11,-0.22,-0.11
2014-02-24 00:27:00,42.943999999999996,0.13805854586400002,0.0,0,-0.11,-0.22,-0.11
2014-02-24 00:32:00,43.3,0.13805854586400002,0.0,0,-0.11,-0.22,-0.11
2014-02-24 00:37:00,39.694,0.13805854586400002,0.0,0,-0.11,-0.22,-0.11
2014-02-24 00:42:00,48.216,0.13805854586400002,0.0,0,-0.11,-0.22,-0.11
2014-02-24 00:47:00,42.816,0.13805854586400002,0.0,0,-0.11,-0.22,-0.11
2014-02-24 00:52:00,42.288000000000004,0.13805854586400002,0.0,0,-0.11,-0.22,-0.11
2014-02-24 00:57:00,46.902,0.13805854586400002,0.0,0,-0.11,-0.22,-0.11
2014-02-24 01:02:00,38.882,0.12504656064,0.0250000003725,0,-0.11,-0.22,-0.11
2014-02-24 01:07:00,49.226000000000006,0.12504656064,0.0,0,-0.11,-0.22,-0.11
2014-02-24 01:12:00,43.49800000000001,0.12504656064,0.0,0,-0.11,-0.22,-0.11
2014-02-24 01:17:00,42.352,0.12504656064,0.0,0,-0.11,-0.22,-0.11
2014-02-24 01:22:00,44.038000000000004,0.12504656064,0.0,0,-0.11,-0.22,-0.11
2014-02-24 01:27:00,39.314,0.112810386877,0.0250000003725,0,-0.11,-0.22,-0.11
2014-02-24 01:32:00,48.943999999999996,0.112810386877,0.0,0,-0.11,-0.22,-0.11
2014-02-24 01:37:00,41.948,0.112810386877,0.0,0,-0.11,-0.22,-0.11
2014-02-24 01:42:00,43.662,0.112810386877,0.0,0,-0.11,-0.22,-0.11
2014-02-24 01:47:00,43.732,0.112810386877,0.0,0,-0.11,-0.22,-0.11
2014-02-24 01:52:00,40.046,0.12504656064,0.0,0,-0.11,-0.22,-0.11
2014-02-24 01:57:00,49.35,0.12504656064,0.0,0,-0.11,-0.22,-0.11
2014-02-24 02:02:00,43.216,0.12504656064,0.0,0,-0.11,-0.22,-0.11
2014-02-24 02:07:00,44.268,0.12504656064,0.0,0,-0.11,-0.22,-0.11
2014-02-24 02:12:00,43.32,0.12504656064,0.0,0,-0.11,-0.22,-0.11
2014-02-24 02:17:00,38.838,0.12504656064,0.0250000003725,0,-0.11,-0.22,-0.11
2014-02-24 02:22:00,47.254,0.12504656064,0.0,0,-0.11,-0.22,-0.11
2014-02-24 02:27:00,42.982,0.12504656064,0.0,0,-0.11,-0.22,-0.11
2014-02-24 02:32:00,42.29600000000001,0.12504656064,0.0,0,-0.11,-0.22,-0.11
2014-02-24 02:37:00,43.99800000000001,0.12504656064,0.0,0,-0.11,-0.22,-0.11
2014-02-24 02:42:00,38.99,0.12504656064,0.0,0,-0.11,-0.22,-0.11
2014-02-24 02:47:00,47.37,0.12504656064,0.0,0,-0.11,-0.22,-0.11
2014-02-24 02:52:00,43.326,0.12504656064,0.0,0,-0.11,-0.22,-0.11
2014-02-24 02:57:00,44.84,0.12504656064,0.0,0,-0.11,-0.22,-0.11
2014-02-24 03:02:00,45.63399999999999,0.12504656064,0.0,0,-0.11,-0.22,-0.11
2014-02-24 03:07:00,41.51600000000001,0.13805854586400002,0.0,0,-0.11,-0.22,-0.11
2014-02-24 03:12:00,46.848,0.13805854586400002,0.0,0,-0.11,-0.22,-0.11
2014-02-24 03:17:00,43.592,0.13805854586400002,0.0,0,-0.11,-0.22,-0.11
2014-02-24 03:22:00,43.052,0.13805854586400002,0.0,0,-0.11,-0.22,-0.11
2014-02-24 03:27:00,43.528,0.13805854586400002,0.0,0,-0.11,-0.22,-0.11
2014-02-24 03:32:00,39.836,0.13805854586400002,0.0,0,-0.11,-0.22,-0.11
2014-02-24 03:37:00,46.90600000000001,0.13805854586400002,0.0,0,-0.11,-0.22,-0.11
2014-02-24 03:42:00,43.826,0.13805854586400002,0.0,0,-0.11,-0.22,-0.11
2014-02-24 03:47:00,43.532,0.13805854586400002,0.0,0,-0.11,-0.22,-0.11
2014-02-24 03:52:00,43.372,0.13805854586400002,0.0,0,-0.11,-0.22,-0.11
2014-02-24 03:57:00,42.128,0.13805854586400002,0.0,0,-0.11,-0.22,-0.11
2014-02-24 04:02:00,46.952,0.13805854586400002,0.0,0,-0.11,-0.22,-0.11
2014-02-24 04:07:00,45.023999999999994,0.13805854586400002,0.0,0,-0.11,-0.22,-0.11
2014-02-24 04:12:00,43.206,0.13805854586400002,0.0,0,-0.11,-0.22,-0.11
2014-02-24 04:17:00,43.403999999999996,0.13805854586400002,0.0,0,-0.11,-0.22,-0.11
2014-02-24 04:22:00,39.08,0.13805854586400002,0.0,0,-0.11,-0.22,-0.11
2014-02-24 04:27:00,45.846000000000004,0.13805854586400002,0.0,0,-0.11,-0.22,-0.11
2014-02-24 04:32:00,42.09,0.13805854586400002,0.0,0,-0.11,-0.22,-0.11
2014-02-24 04:37:00,42.7,0.13805854586400002,0.0,0,-0.11,-0.22,-0.11
2014-02-24 04:42:00,44.733999999999995,0.13805854586400002,0.0,0,-0.11,-0.22,-0.11
2014-02-24 04:47:00,39.446,0.13805854586400002,0.0,0,-0.11,-0.22,-0.11
2014-02-24 04:52:00,46.924,0.13805854586400002,0.0,0,-0.11,-0.22,-0.11
2014-02-24 04:57:00,45.44600000000001,0.13805854586400002,0.0,0,-0.11,-0.22,-0.11
2014-02-24 05:02:00,42.606,0.13805854586400002,0.0,0,-0.11,-0.22,-0.11
2014-02-24 05:07:00,46.83,0.13805854586400002,0.0,0,-0.11,-0.22,-0.11
2014-02-24 05:12:00,40.094,0.13805854586400002,0.0,0,-0.11,-0.22,-0.11
2014-02-24 05:17:00,47.442,0.13805854586400002,0.0,0,-0.11,-0.22,-0.11
2014-02-24 05:22:00,43.403999999999996,0.13805854586400002,0.0,0,-0.11,-0.22,-0.11
2014-02-24 05:27:00,43.474,0.13805854586400002,0.0,0,-0.11,-0.22,-0.11
2014-02-24 05:32:00,44.158,0.13805854586400002,0.0,0,-0.11,-0.22,-0.11
2014-02-24 05:37:00,39.958,0.13805854586400002,0.0,0,-0.11,-0.22,-0.11
2014-02-24 05:42:00,50.066,0.112810386877,0.0500000007451,0,-0.11,-0.22,-0.11
2014-02-24 05:47:00,41.808,0.112810386877,0.0,0,-0.11,-0.22,-0.11
2014-02-24 05:52:00,42.35,0.112810386877,0.0,0,-0.11,-0.22,-0.11
2014-02-24 05:57:00,46.176,0.112810386877,0.0,0,-0.11,-0.22,-0.11
2014-02-24 06:02:00,39.366,0.112810386877,0.0,0,-0.11,-0.22,-0.11
2014-02-24 06:07:00,48.5,0.112810386877,0.0,0,-0.11,-0.22,-0.11
2014-02-24 06:12:00,43.428000000000004,0.112810386877,0.0,0,-0.11,-0.22,-0.11
2014-02-24 06:17:00,43.898,0.112810386877,0.0,0,-0.11,-0.22,-0.11
2014-02-24 06:22:00,42.326,0.112810386877,0.0,0,-0.11,-0.22,-0.11
2014-02-24 06:27:00,41.268,0.112810386877,0.0,0,-0.11,-0.22,-0.11
2014-02-24 06:32:00,45.236000000000004,0.13805854586400002,0.0,0,-0.11,-0.22,-0.11
2014-02-24 06:37:00,39.346,0.13805854586400002,0.0,0,-0.11,-0.22,-0.11
2014-02-24 06:42:00,49.47,0.13805854586400002,0.0,0,-0.11,-0.22,-0.11
2014-02-24 06:47:00,41.666000000000004,0.13805854586400002,0.0,0,-0.11,-0.22,-0.11
2014-02-24 06:52:00,41.76,0.13805854586400002,0.0,0,-0.11,-0.22,-0.11
2014-02-24 06:57:00,46.751999999999995,0.13805854586400002,0.0,0,-0.11,-0.22,-0.11
2014-02-24 07:02:00,39.098,0.13805854586400002,0.0,0,-0.11,-0.22,-0.11
2014-02-24 07:07:00,49.43600000000001,0.13805854586400002,0.0,0,-0.11,-0.22,-0.11
2014-02-24 07:12:00,43.92,0.13805854586400002,0.0,0,-0.11,-0.22,-0.11
2014-02-24 07:17:00,42.15600000000001,0.13805854586400002,0.0,0,-0.11,-0.22,-0.11
2014-02-24 07:22:00,45.023999999999994,0.13805854586400002,0.0,0,-0.11,-0.22,-0.11
2014-02-24 07:27:00,39.226,0.12504656064,0.0250000003725,0,-0.11,-0.22,-0.11
2014-02-24 07:32:00,49.413999999999994,0.12504656064,0.0,0,-0.11,-0.22,-0.11
2014-02-24 07:37:00,42.276,0.12504656064,0.0,0,-0.11,-0.22,-0.11
2014-02-24 07:42:00,40.4,0.12504656064,0.0,0,-0.11,-0.22,-0.11
2014-02-24 07:47:00,44.803999999999995,0.12504656064,0.0,0,-0.11,-0.22,-0.11
2014-02-24 07:52:00,39.672,0.12504656064,0.0,0,-0.11,-0.22,-0.11
2014-02-24 07:57:00,51.658,0.09062132599950001,0.0750000029802,0,-0.11,-0.22,-0.11
2014-02-24 08:02:00,42.3,0.09062132599950001,0.0,0,-0.11,-0.22,-0.11
2014-02-24 08:07:00,44.553999999999995,0.09062132599950001,0.0,0,-0.11,-0.22,-0.11
2014-02-24 08:12:00,44.582,0.09062132599950001,0.0,0,-0.11,-0.22,-0.11
2014-02-24 08:17:00,38.802,0.09062132599950001,0.0250000003725,0,-0.11,-0.22,-0.11
2014-02-24 08:22:00,49.13800000000001,0.09062132599950001,0.0,0,-0.11,-0.22,-0.11
2014-02-24 08:27:00,41.81399999999999,0.09062132599950001,0.0,0,-0.11,-0.22,-0.11
2014-02-24 08:32:00,42.348,0.09062132599950001,0.0,0,-0.11,-0.22,-0.11
2014-02-24 08:37:00,43.522,0.09062132599950001,0.0,0,-0.11,-0.22,-0.11
2014-02-24 08:42:00,38.944,0.0713912312486,0.0500000007451,0,-0.11,-0.22,-0.11
2014-02-24 08:47:00,47.111999999999995,0.10133926617200001,0.0,0,-0.11,-0.22,-0.11
2014-02-24 08:52:00,43.68600000000001,0.10133926617200001,0.0,0,-0.11,-0.22,-0.11
2014-02-24 08:57:00,45.51600000000001,0.10133926617200001,0.0,0,-0.11,-0.22,-0.11
2014-02-24 09:02:00,43.662,0.10133926617200001,0.0,0,-0.11,-0.22,-0.11
2014-02-24 09:07:00,41.501999999999995,0.112810386877,0.0,0,-0.11,-0.22,-0.11
2014-02-24 09:12:00,46.76,0.112810386877,0.0,0,-0.11,-0.22,-0.11
2014-02-24 09:17:00,43.896,0.112810386877,0.0,0,-0.11,-0.22,-0.11
2014-02-24 09:22:00,44.202,0.112810386877,0.0,0,-0.11,-0.22,-0.11
2014-02-24 09:27:00,42.111999999999995,0.112810386877,0.0,0,-0.11,-0.22,-0.11
2014-02-24 09:32:00,41.672,0.13805854586400002,0.0,0,-0.11,-0.22,-0.11
2014-02-24 09:37:00,46.38399999999999,0.13805854586400002,0.0,0,-0.11,-0.22,-0.11
2014-02-24 09:42:00,43.716,0.13805854586400002,0.0,0,-0.11,-0.22,-0.11
2014-02-24 09:47:00,43.996,0.13805854586400002,0.0,0,-0.11,-0.22,-0.11
2014-02-24 09:52:00,42.431999999999995,0.13805854586400002,0.0,0,-0.11,-0.22,-0.11
2014-02-24 09:57:00,42.512,0.13805854586400002,0.0,0,-0.11,-0.22,-0.11
2014-02-24 10:02:00,44.108000000000004,0.13805854586400002,0.0,0,-0.11,-0.22,-0.11
2014-02-24 10:07:00,45.422,0.13805854586400002,0.0,0,-0.11,-0.22,-0.11
2014-02-24 10:12:00,43.61600000000001,0.13805854586400002,0.0,0,-0.11,-0.22,-0.11
2014-02-24 10:17:00,42.983999999999995,0.13805854586400002,0.0,1,1.0,1.0,1.0
2014-02-24 10:22:00,40.211999999999996,0.13805854586400002,0.0,1,0.9996606163510808,0.9996606163510808,0.9996606163510809
2014-02-24 10:27:00,47.16,0.13805854586400002,0.0,1,0.9993128031853268,0.9993128031853268,0.9993128031853268
2014-02-24 10:32:00,43.56800000000001,0.13805854586400002,0.0,1,0.9989563541757912,0.9989563541757912,0.9989563541757912
2014-02-24 10:37:00,43.24,0.13805854586400002,0.0,1,0.9985910580993534,0.9985910580993534,0.9985910580993534
2014-02-24 10:42:00,42.868,0.13805854586400002,0.0,1,0.9982166987283538,0.9982166987283538,0.9982166987283538
2014-02-24 10:47:00,39.86,0.13805854586400002,0.0,1,0.9978330547202332,0.9978330547202332,0.9978330547202332
2014-02-24 10:52:00,46.784,0.13805854586400002,0.0,1,0.9974398995051676,0.9974398995051676,0.9974398995051675
2014-02-24 10:57:00,45.023999999999994,0.13805854586400002,0.0,1,0.9970370011716712,0.9970370011716712,0.9970370011716713
2014-02-24 11:02:00,43.662,0.13805854586400002,0.0,1,0.9966241223501692,0.9966241223501692,0.9966241223501693
2014-02-24 11:07:00,44.403999999999996,0.13805854586400002,0.0,1,0.9962010200945216,0.9962010200945216,0.9962010200945217
2014-02-24 11:12:00,40.846,0.13805854586400002,0.0,1,0.9957674457614892,0.9957674457614892,0.9957674457614893
2014-02-24 11:17:00,45.773999999999994,0.13805854586400002,0.0,1,0.9953231448881372,0.9953231448881371,0.995323144888137
2014-02-24 11:22:00,43.49800000000001,0.13805854586400002,0.0,1,0.9948678570671664,0.9948678570671664,0.9948678570671663
2014-02-24 11:27:00,44.36600000000001,0.13805854586400002,0.0,1,0.9944013158201752,0.9944013158201752,0.9944013158201751
2014-02-24 11:32:00,43.192,0.13805854586400002,0.0,1,0.9939232484688408,0.9939232484688408,0.9939232484688408
2014-02-24 11:37:00,41.738,0.13805854586400002,0.0,1,0.9934333760040284,0.9934333760040284,0.9934333760040285
2014-02-24 11:42:00,44.746,0.13805854586400002,0.0,1,0.9929314129528292,0.9929314129528292,0.9929314129528292
2014-02-24 11:47:00,38.744,0.13805854586400002,0.0,1,0.9924170672435276,0.9924170672435276,0.9924170672435275
2014-02-24 11:52:00,47.01600000000001,0.13805854586400002,0.0,1,0.9918900400685148,0.9918900400685148,0.9918900400685149
2014-02-24 11:57:00,44.39,0.13805854586400002,0.0,1,0.9913500257451536,0.9913500257451536,0.9913500257451535
2014-02-24 12:02:00,41.692,0.13805854586400002,0.0,1,0.9907967115746072,0.9907967115746072,0.9907967115746071
2014-02-24 12:07:00,46.056000000000004,0.13805854586400002,0.0,1,0.9902297776986564,0.9902297776986564,0.9902297776986564
2014-02-24 12:12:00,39.226,0.13805854586400002,0.0,1,0.9896488969545182,0.9896488969545182,0.9896488969545182
2014-02-24 12:17:00,47.042,0.13805854586400002,0.0,1,0.989053734727698,0.989053734727698,0.9890537347276981
2014-02-24 12:22:00,43.256,0.13805854586400002,0.0,1,0.9884439488028972,0.9884439488028972,0.9884439488028973
2014-02-24 12:27:00,43.413999999999994,0.13805854586400002,0.0,1,0.9878191892130114,0.9878191892130114,0.9878191892130114
2014-02-24 12:32:00,42.488,0.13805854586400002,0.0,1,0.987179098086258,0.9871790980862579,0.987179098086258
2014-02-24 12:37:00,39.844,0.13805854586400002,0.0,1,0.9865233094914724,0.9865233094914724,0.9865233094914725
2014-02-24 12:42:00,46.306000000000004,0.13805854586400002,0.0,1,0.9858514492816188,0.9858514492816188,0.9858514492816188
2014-02-24 12:47:00,43.19,0.13805854586400002,0.0,1,0.9851631349355688,0.9851631349355688,0.9851631349355688
2014-02-24 12:52:00,43.81,0.13805854586400002,0.0,1,0.9844579753982056,0.9844579753982056,0.9844579753982057
2014-02-24 12:57:00,44.693999999999996,0.13805854586400002,0.0,1,0.9837355709189104,0.9837355709189104,0.9837355709189104
2014-02-24 13:02:00,41.174,0.13805854586400002,0.0,1,0.9829955128885096,0.9829955128885096,0.9829955128885095
2014-02-24 13:07:00,47.39,0.13805854586400002,0.0,1,0.9822373836747456,0.9822373836747456,0.9822373836747457
2014-02-24 13:12:00,39.298,0.13805854586400002,0.0,1,0.9814607564563648,0.9814607564563648,0.9814607564563648
2014-02-24 13:17:00,49.58600000000001,0.13805854586400002,0.0,1,0.9806651950559008,0.9806651950559008,0.9806651950559007
2014-02-24 13:22:00,43.1,0.13805854586400002,0.0,1,0.9798502537712545,0.9798502537712545,0.9798502537712545
2014-02-24 13:27:00,42.184,0.13805854586400002,0.0,1,0.979015477206175,0.979015477206175,0.979015477206175
2014-02-24 13:32:00,45.022,0.13805854586400002,0.0,1,0.978160400099744,0.978160400099744,0.9781604000997439
2014-02-24 13:37:00,39.4,0.13805854586400002,0.0,1,0.9772845471549964,0.9772845471549964,0.9772845471549964
2014-02-24 13:42:00,48.48,0.12504656064,0.0250000003725,1,0.976387432866794,0.976387432866794,0.976387432866794
2014-02-24 13:47:00,42.308,0.12504656064,0.0,1,0.9754685613490952,0.9754685613490952,0.9754685613490953
2014-02-24 13:52:00,42.111999999999995,0.12504656064,0.0,1,0.9745274261617696,0.9745274261617696,0.9745274261617695
2014-02-24 13:57:00,46.948,0.12504656064,0.0,1,0.9735635101371072,0.9735635101371072,0.9735635101371072
2014-02-24 14:02:00,38.802,0.12504656064,0.0,1,0.9725762852061977,0.9725762852061977,0.9725762852061975
2014-02-24 14:07:00,50.63399999999999,0.071391232574,0.125,1,0.9715652122253532,0.9715652122253532,0.9715652122253531
2014-02-24 14:12:00,41.552,0.071391232574,0.0,1,0.9705297408027682,0.9705297408027682,0.9705297408027682
2014-02-24 14:17:00,41.843999999999994,0.071391232574,0.0,1,0.9694693091256104,0.9694693091256104,0.9694693091256104
2014-02-24 14:22:00,45.14,0.071391232574,0.0,1,0.9683833437877668,0.9683833437877668,0.9683833437877669
2014-02-24 14:27:00,39.272,0.071391232574,0.0,1,0.9672712596184648,0.9672712596184648,0.9672712596184648
2014-02-24 14:32:00,49.47,0.0806434678298,0.0,1,0.966132459512006,0.966132459512006,0.9661324595120059
2014-02-24 14:37:00,42.3,0.0806434678298,0.0,1,0.9649663342588732,0.9649663342588732,0.9649663342588732
2014-02-24 14:42:00,40.69,0.0806434678298,0.0,1,0.963772262378476,0.963772262378476,0.9637722623784759
2014-02-24 14:47:00,45.916000000000004,0.0806434678298,0.0,1,0.9625496099538098,0.9625496099538098,0.9625496099538098
2014-02-24 14:52:00,38.944,0.0806434678298,0.0,1,0.961297730468342,0.961297730468342,0.961297730468342
2014-02-24 14:57:00,51.042,0.0806434678298,0.125,1,0.9600159646454204,0.9600159646454204,0.9600159646454204
2014-02-24 15:02:00,41.83,0.0806434678298,0.0,1,0.9587036402905508,0.9587036402905508,0.9587036402905507
2014-02-24 15:07:00,43.17,0.0806434678298,0.0,1,0.9573600721368786,0.9573600721368786,0.9573600721368786
2014-02-24 15:12:00,44.508,0.0806434678298,0.0,1,0.9559845616942484,0.9559845616942484,0.9559845616942484
2014-02-24 15:17:00,39.178000000000004,0.0806434678298,0.0,1,0.9545763971022152,0.9545763971022152,0.9545763971022153
2014-02-24 15:22:00,47.19,0.0806434678298,0.0,1,0.9531348529874168,0.9531348529874168,0.9531348529874168
2014-02-24 15:27:00,43.708,0.0806434678298,0.0,1,0.95165919032572,0.95165919032572,0.95165919032572
2014-02-24 15:32:00,40.916,0.0806434678298,0.0,1,0.9501486563095902,0.9501486563095902,0.9501486563095902
2014-02-24 15:37:00,43.178000000000004,0.0806434678298,0.0,1,0.948602484221132,0.9486024842211321,0.948602484221132
2014-02-24 15:42:00,40.184,0.0806434678298,0.0,1,0.9470198933112958,0.9470198933112958,0.9470198933112958
2014-02-24 15:47:00,49.428000000000004,0.101339265346,0.0750000029802,1,0.9454000886857372,0.9454000886857371,0.945400088685737
2014-02-24 15:52:00,42.23,0.101339265346,0.0,1,0.9437422611978667,0.9437422611978667,0.9437422611978669
2014-02-24 15:57:00,44.272,0.101339265346,0.0,1,0.9420455873496312,0.9420455873496312,0.9420455873496312
2014-02-24 16:02:00,43.873999999999995,0.101339265346,0.0,1,0.9403092292005844,0.9403092292005844,0.9403092292005844
2014-02-24 16:07:00,40.912,0.101339265346,0.0,1,0.9385323342858608,0.9385323342858608,0.9385323342858607
2014-02-24 16:12:00,47.678000000000004,0.09062132599950001,0.0250000003725,1,0.9367140355436432,0.9367140355436432,0.9367140355436433
2014-02-24 16:17:00,42.88800000000001,0.09062132599950001,0.0,1,0.9348534512527858,0.9348534512527858,0.9348534512527858
2014-02-24 16:22:00,42.728,0.09062132599950001,0.0,1,0.932949684981232,0.932949684981232,0.932949684981232
2014-02-24 16:27:00,43.431999999999995,0.09062132599950001,0.0,1,0.9310018255459368,0.9310018255459368,0.9310018255459367
2014-02-24 16:32:00,40.024,0.09062132599950001,0.0,1,0.9290089469849906,0.9290089469849906,0.9290089469849906
2014-02-24 16:37:00,45.926,0.12504656064,0.0,1,0.9269701085426888,0.9269701085426888,0.9269701085426887
2014-02-24 16:42:00,44.13800000000001,0.12504656064,0.0,1,0.9248843546683032,0.9248843546683032,0.9248843546683032
2014-02-24 16:47:00,44.24800000000001,0.12504656064,0.0,1,0.922750715029351,0.922750715029351,0.922750715029351
2014-02-24 16:52:00,42.87,0.12504656064,0.0,1,0.9205682045401627,0.9205682045401627,0.9205682045401629
2014-02-24 16:57:00,41.808,0.12504656064,0.0,1,0.9183358234065968,0.9183358234065968,0.9183358234065968
2014-02-24 17:02:00,46.37,0.13805854586400002,0.0,1,0.9160525571877524,0.9160525571877524,0.9160525571877525
2014-02-24 17:07:00,44.6,0.13805854586400002,0.0,1,0.9137173768755792,0.9137173768755791,0.913717376875579
2014-02-24 17:12:00,43.356,0.13805854586400002,0.0,1,0.9113292389932816,0.9113292389932816,0.9113292389932816
2014-02-24 17:17:00,43.95,0.13805854586400002,0.0,1,0.9088870857134672,0.9088870857134672,0.9088870857134672
2014-02-24 17:22:00,39.342,0.13805854586400002,0.0,1,0.9063898449969824,0.9063898449969824,0.9063898449969823
2014-02-24 17:27:00,46.268,0.13805854586400002,0.0,1,0.9038364307534312,0.9038364307534312,0.9038364307534311
2014-02-24 17:32:00,43.356,0.13805854586400002,0.0,1,0.9012257430243702,0.9012257430243702,0.9012257430243702
2014-02-24 17:37:00,44.578,0.13805854586400002,0.0,1,0.8985566681902077,0.8985566681902077,0.8985566681902077
2014-02-24 17:42:00,42.606,0.13805854586400002,0.0,1,0.8958280792018518,0.8958280792018518,0.8958280792018518
2014-02-24 17:47:00,41.902,0.13805854586400002,0.0,1,0.8930388358381706,0.8930388358381706,0.8930388358381706
2014-02-24 17:52:00,46.262,0.13805854586400002,0.0,1,0.8901877849903459,0.8901877849903459,0.8901877849903459
2014-02-24 17:57:00,44.882,0.13805854586400002,0.0,1,0.8872737609742145,0.8872737609742145,0.8872737609742145
2014-02-24 18:02:00,44.108000000000004,0.13805854586400002,0.0,1,0.8842955858717122,0.8842955858717122,0.8842955858717122
2014-02-24 18:07:00,44.53,0.13805854586400002,0.0,1,0.8812520699025423,0.8812520699025423,0.8812520699025423
2014-02-24 18:12:00,39.734,0.13805854586400002,0.0,1,0.8781420118272028,0.8781420118272028,0.8781420118272028
2014-02-24 18:17:00,41.824,0.13805854586400002,0.0,1,0.8749641993825149,0.8749641993825149,0.8749641993825149
2014-02-24 18:22:00,38.826,0.13805854586400002,0.0,1,0.8717174097508009,0.8717174097508009,0.8717174097508009
2014-02-24 18:27:00,38.542,0.13805854586400002,0.0,1,0.8684004100638634,0.8684004100638634,0.8684004100638634
2014-02-24 18:32:00,41.512,0.13805854586400002,0.0,1,0.8650119579429126,0.8650119579429126,0.8650119579429126
2014-02-24 18:37:00,34.766,1.0,0.5,1,0.8615508020755978,0.8615508020755978,0.8615508020755978
2014-02-24 18:42:00,43.1,0.999084635458,1.0,1,0.8580156828312717,0.8580156828312717,0.8580156828312717
2014-02-24 18:47:00,38.826,0.299999996735,0.0,1,0.854405332915637,0.854405332915637,0.854405332915637
2014-02-24 18:52:00,37.205999999999996,0.299999996735,0.0500000007451,1,0.8507184780658686,0.8507184780658686,0.8507184780658686
2014-02-24 18:57:00,42.982,0.299999996735,0.0,1,0.8469538377873326,0.8469538377873326,0.8469538377873326
2014-02-24 19:02:00,35.174,0.299999996735,0.34999999404,1,0.8431101261329635,0.8431101261329635,0.8431101261329635
2014-02-24 19:07:00,44.76600000000001,0.299999996735,1.0,1,0.8391860525263521,0.8391860525263521,0.8391860525263521
2014-02-24 19:12:00,39.766,0.299999996735,0.0,1,0.8351803226295599,0.8351803226295599,0.8351803226295599
2014-02-24 19:17:00,35.254,0.299999996735,0.34999999404,1,0.8310916392566403,0.8310916392566403,0.8310916392566403
2014-02-24 19:22:00,42.816,0.299999996735,1.0,1,0.8269187033337926,0.8269187033337926,0.8269187033337926
2014-02-24 19:27:00,38.916,0.299999996735,0.0,1,0.8226602149070443,0.8226602149070443,0.8226602149070443
2014-02-24 19:32:00,38.724000000000004,0.299999996735,0.0,1,0.8183148741982842,0.8183148741982842,0.8183148741982842
2014-02-24 19:37:00,40.264,0.299999996735,0.0,1,0.8138813827104135,0.8138813827104135,0.8138813827104135
2014-02-24 19:42:00,36.08,0.299999996735,0.15000000596,1,0.8093584443823231,0.8093584443823231,0.8093584443823231
2014-02-24 19:47:00,43.098,0.299999996735,0.0250000003725,1,0.8047447667943036,0.8047447667943036,0.8047447667943036
2014-02-24 19:52:00,39.096,0.299999996735,0.0,1,0.8000390624244499,0.8000390624244499,0.80003906242445
2014-02-24 19:57:00,39.71,0.299999996735,0.0,1,0.7952400499564912,0.7952400499564912,0.7952400499564912
2014-02-24 20:02:00,41.114,0.299999996735,0.0,1,0.7903464556394151,0.7903464556394151,0.7903464556394151
2014-02-24 20:07:00,37.066,0.299999996735,0.0500000007451,1,0.7853570146991236,0.7853570146991236,0.7853570146991236
2014-02-24 20:12:00,43.428000000000004,0.0478206683369,0.0,1,0.7802704728022559,0.7802704728022559,0.7802704728022559
2014-02-24 20:17:00,39.18,0.0478206683369,0.0,1,0.775085587572197,0.775085587572197,0.775085587572197
2014-02-24 20:22:00,35.938,0.0806434705513,0.25,1,0.7698011301571411,0.7698011301571411,0.7698011301571411
2014-02-24 20:27:00,42.724,0.11281039199899999,0.0750000029802,1,0.7644158868499645,0.7644158868499645,0.7644158868499645
2014-02-24 20:32:00,39.35,0.054998265135399994,0.0,1,0.7589286607594986,0.7589286607594986,0.7589286607594986
2014-02-24 20:37:00,38.192,0.0478206712962,0.0,1,0.7533382735326392,0.7533382735326392,0.7533382735326392
2014-02-24 20:42:00,40.506,0.0478206712962,0.0,1,0.7476435671265776,0.7476435671265776,0.7476435671265776
2014-02-24 20:47:00,35.774,0.166448062567,0.27500000596,1,0.7418434056302476,0.7418434056302476,0.7418434056302476
2014-02-24 20:52:00,43.68600000000001,0.198046615569,0.0500000007451,1,0.7359366771339131,0.7359366771339131,0.7359366771339131
2014-02-24 20:57:00,41.501999999999995,0.166448062567,0.0,1,0.7299222956456326,0.7299222956456326,0.7299222956456326
2014-02-24 21:02:00,35.984,0.312609635675,0.20000000298,1,0.7237992030531304,0.7237992030531304,0.7237992030531304
2014-02-24 21:07:00,44.641999999999996,0.312609635675,0.0,1,0.7175663711294089,0.7175663711294089,0.7175663711294089
2014-02-24 21:12:00,39.34,0.138058552655,0.0,1,0.7112228035802163,0.7112228035802163,0.7112228035802163
2014-02-24 21:17:00,37.794000000000004,0.101339270966,0.0,1,0.7047675381312716,0.7047675381312716,0.7047675381312716
2014-02-24 21:22:00,40.688,0.101339270966,0.0,1,0.698199648652917,0.698199648652917,0.698199648652917
2014-02-24 21:27:00,34.86,0.33463857229000005,0.34999999404,1,0.6915182473196357,0.6915182473196357,0.6915182473196357
2014-02-24 21:32:00,43.45,0.999995612532,0.75,1,0.6847224868016417,0.6847224868016417,0.6847224868016417
2014-02-24 21:37:00,39.482,0.299999996735,0.0,1,0.6778115624854981,0.6778115624854981,0.6778115624854981
2014-02-24 21:42:00,34.954,0.299999996735,0.324999988079,1,0.6707847147204784,0.6707847147204784,0.6707847147204784
2014-02-24 21:47:00,50.728,0.299999996735,0.524999976158,1,0.6636412310871366,0.6636412310871366,0.6636412310871366
2014-02-24 21:52:00,45.891999999999996,0.299999996735,0.0,1,0.6563804486842948,0.6563804486842948,0.6563804486842948
2014-02-24 21:57:00,68.092,1.0,0.75,1,0.6490017564304146,0.6490017564304146,0.6490017564304146
2014-02-24 22:02:00,37.816,0.299999996735,1.0,1,0.6415045973750478,0.6415045973750478,0.6415045973750478
2014-02-24 22:07:00,40.446,0.299999996735,0.0,1,0.6338884710158347,0.6338884710158347,0.6338884710158347
2014-02-24 22:12:00,36.878,0.299999996735,0.0500000007451,1,0.6261529356162405,0.6261529356162405,0.6261529356162405
2014-02-24 22:17:00,37.87,0.299999996735,0.0,1,0.6182976105190017,0.6182976105190017,0.6182976105190017
2014-02-24 22:22:00,37.536,0.299999996735,0.0,1,0.6103221784499866,0.6103221784499866,0.6103221784499866
2014-02-24 22:27:00,37.564,0.299999996735,0.0,1,0.6022263878069634,0.6022263878069634,0.6022263878069634
2014-02-24 22:32:00,39.296,0.299999996735,0.0,1,0.5940100549275251,0.5940100549275251,0.5940100549275251
2014-02-24 22:37:00,36.596,0.299999996735,0.0500000007451,1,0.5856730663302101,0.5856730663302101,0.5856730663302101
2014-02-24 22:42:00,38.616,0.299999996735,0.0,1,0.5772153809226541,0.5772153809226541,0.5772153809226541
2014-02-24 22:47:00,36.478,0.299999996735,0.125,1,0.5686370321704082,0.5686370321704082,0.5686370321704082
2014-02-24 22:52:00,37.394,0.0412947214821,0.0250000003725,1,0.5599381302198818,0.5599381302198818,0.5599381302198818
2014-02-24 22:57:00,39.812,0.0412947214821,0.0,1,0.551118863968718,0.551118863968718,0.551118863968718
2014-02-24 23:02:00,37.96,0.047820669867599995,0.0250000003725,1,0.5421795030767389,0.5421795030767389,0.5421795030767389
2014-02-24 23:07:00,40.516,0.047820669867599995,0.0,1,0.5331203999105024,0.5331203999105024,0.5331203999105024
2014-02-24 23:12:00,38.01,0.0412947214821,0.0250000003725,1,0.5239419914143904,0.5239419914143904,0.5239419914143904
2014-02-24 23:17:00,37.84,0.035397248409800006,0.0250000003725,1,0.5146448009010722,0.5146448009010722,0.5146448009010722
2014-02-24 23:22:00,37.885999999999996,0.035397248409800006,0.0,1,0.5052294397541363,0.5052294397541363,0.5052294397541363
2014-02-24 23:27:00,38.076,0.047820669867599995,0.0,1,0.4956966090356518,0.4956966090356518,0.4956966090356518
2014-02-24 23:32:00,38.24,0.047820669867599995,0.0,1,0.4860471009914186,0.4860471009914186,0.4860471009914186
2014-02-24 23:37:00,37.3,0.08064346711360001,0.0250000003725,1,0.4762818004467008,0.4762818004467008,0.4762818004467008
2014-02-24 23:42:00,40.328,0.0906213267703,0.0,1,0.4664016860852872,0.4664016860852872,0.46640168608528715
2014-02-24 23:47:00,36.83,0.0628486817362,0.0750000029802,1,0.4564078316048284,0.4564078316048284,0.4564078316048284
2014-02-24 23:52:00,38.458,0.0713912312486,0.0,1,0.4463014067415162,0.4463014067415162,0.4463014067415162
2014-02-24 23:57:00,39.366,0.0713912312486,0.0,1,0.43608367815732907,0.43608367815732907,0.43608367815732907
2014-02-25 00:02:00,38.404,0.0806434663974,0.0,1,0.4257560101832722,0.4257560101832722,0.4257560101832722
2014-02-25 00:07:00,39.272,0.09062132599950001,0.0,1,0.4153198654122592,0.4153198654122592,0.4153198654122592
2014-02-25 00:12:00,39.062,0.09062132599950001,0.0,1,0.4047768051355599,0.4047768051355599,0.40477680513555986
2014-02-25 00:17:00,36.616,0.0628486811257,0.0750000029802,1,0.3941284896170315,0.3941284896170315,0.3941284896170315
2014-02-25 00:22:00,37.658,0.0628486811257,0.0,1,0.3833766781996968,0.3833766781996968,0.38337667819969684
2014-02-25 00:27:00,37.77,0.0506582127087,0.0,1,0.3725232292396011,0.3725232292396011,0.37252322923960113
2014-02-25 00:32:00,38.428000000000004,0.0506582127087,0.0,1,0.3615700998623003,0.3615700998623003,0.3615700998623003
2014-02-25 00:37:00,37.934,0.06375156104640001,0.0,1,0.3505193455377616,0.3505193455377616,0.3505193455377616
2014-02-25 00:42:00,37.858000000000004,0.06375156104640001,0.0,1,0.3393731194699553,0.3393731194699553,0.33937311946995535
2014-02-25 00:47:00,37.672,0.06375156104640001,0.0,1,0.3281336717979126,0.3281336717979126,0.3281336717979126
2014-02-25 00:52:00,37.7,0.06375156104640001,0.0,1,0.31680334860557313,0.31680334860557313,0.31680334860557313
2014-02-25 00:57:00,40.204,0.06375156104640001,0.0,1,0.3053845907383164,0.3053845907383164,0.30538459073831636
2014-02-25 01:02:00,38.146,0.06375156104640001,0.0,1,0.2938799324246658,0.2938799324246658,0.2938799324246658
2014-02-25 01:07:00,39.56800000000001,0.07885780125960001,0.0,1,0.2822919997022824,0.2822919997022824,0.2822919997022824
2014-02-25 01:12:00,37.746,0.07885780125960001,0.0,1,0.2706235086480017,0.2706235086480017,0.27062350864800166
2014-02-25 01:17:00,38.434,0.07885780125960001,0.0,1,0.2588772634123381,0.2588772634123381,0.2588772634123381
2014-02-25 01:22:00,37.606,0.07885780125960001,0.0,1,0.2470561540595541,0.24705615405955406,0.24705615405955403
2014-02-25 01:27:00,37.832,0.07885780125960001,0.0,1,0.2351631542150905,0.23516315421509046,0.23516315421509043
2014-02-25 01:32:00,37.816,0.07885780125960001,0.0,1,0.22320131852285,0.22320131852285002,0.22320131852285
2014-02-25 01:37:00,38.408,0.07885780125960001,0.0,1,0.21117377991553385,0.21117377991553385,0.21117377991553385
2014-02-25 01:42:00,37.922,0.07885780125960001,0.0,1,0.19908374670194548,0.19908374670194548,0.19908374670194548
2014-02-25 01:47:00,38.808,0.07885780125960001,0.0,1,0.18693449947587704,0.18693449947587704,0.18693449947587706
2014-02-25 01:52:00,38.116,0.07885780125960001,0.0,1,0.17472938785189635,0.17472938785189635,0.17472938785189635
2014-02-25 01:57:00,40.416,0.07885780125960001,0.0,1,0.1624718270340452,0.1624718270340452,0.1624718270340452
2014-02-25 02:02:00,38.31,0.07885780125960001,0.0,1,0.15016529422413588,0.15016529422413588,0.15016529422413588
2014-02-25 02:07:00,40.678000000000004,0.07885780125960001,0.0,1,0.13781332487698894,0.13781332487698894,0.13781332487698894
2014-02-25 02:12:00,36.666,0.0735933222223,0.0250000003725,1,0.12541950881059705,0.12541950881059705,0.12541950881059705
2014-02-25 02:17:00,37.84,0.0735933222223,0.0,1,0.1129874861798024,0.1129874861798024,0.11298748617980241
2014-02-25 02:22:00,38.004,0.0735933222223,0.0,1,0.1005209433226653,0.1005209433226653,0.1005209433226653
2014-02-25 02:27:00,38.122,0.0735933222223,0.0,1,0.08802360848923628,0.08802360848923628,0.08802360848923627
2014-02-25 02:32:00,38.192,0.0735933222223,0.0,1,0.07549924746296394,0.07549924746296394,0.07549924746296394
2014-02-25 02:37:00,38.742,0.0735933222223,0.0,1,0.06295165908543503,0.06295165908543503,0.06295165908543503
2014-02-25 02:42:00,37.84,0.0685589326294,0.0250000003725,1,0.05038467069556171,0.05038467069556171,0.05038467069556171
2014-02-25 02:47:00,37.558,0.0685589326294,0.0,1,0.03780213349472245,0.03780213349472245,0.03780213349472245
2014-02-25 02:52:00,37.794000000000004,0.0637515613962,0.0250000003725,1,0.025207917849680732,0.02520791784968073,0.025207917849680732
2014-02-25 02:57:00,40.164,0.0637515613962,0.0,1,0.01260590854538776,0.01260590854538776,0.01260590854538776
2014-02-25 03:02:00,38.31,0.0685589326294,0.0,0,-0.0013749283898922796,-0.002749856779784559,-0.0013749283898922794
2014-02-25 03:07:00,40.316,0.0685589326294,0.0,0,-0.002749427226526285,-0.00549885445305257,-0.002749427226526285
2014-02-25 03:12:00,37.768,0.0685589326294,0.0,0,-0.00412306749327775,-0.008246134986555497,-0.004123067493277749
2014-02-25 03:17:00,40.416,0.0685589326294,0.0,0,-0.005495421245366803,-0.010990842490733605,-0.005495421245366803
2014-02-25 03:22:00,37.91,0.0685589326294,0.0,0,-0.006866062142226371,-0.013732124284452744,-0.006866062142226371
2014-02-25 03:27:00,38.686,0.0685589326294,0.0,0,-0.0082345659756249,-0.0164691319512498,-0.0082345659756249
2014-02-25 03:32:00,37.046,0.0735933222223,0.0,0,-0.009600511192157338,-0.019201022384314675,-0.009600511192157338
2014-02-25 03:37:00,38.316,0.0735933222223,0.0,0,-0.010963479408745123,-0.02192695881749025,-0.010963479408745124
2014-02-25 03:42:00,37.904,0.0735933222223,0.0250000003725,0,-0.012323055919816394,-0.024646111839632792,-0.012323055919816394
2014-02-25 03:47:00,40.098,0.0735933222223,0.0,0,-0.013678830194875577,-0.02735766038975115,-0.013678830194875575
2014-02-25 03:52:00,36.836,0.0685589326294,0.0250000003725,0,-0.015030396365214575,-0.030060792730429158,-0.015030396365214577
2014-02-25 03:57:00,40.798,0.0685589326294,0.0,0,-0.016377353698564974,-0.03275470739712995,-0.016377353698564974
2014-02-25 04:02:00,37.816,0.0637515613962,0.0250000003725,0,-0.017719307060545125,-0.03543861412109025,-0.017719307060545125
2014-02-25 04:07:00,40.352,0.0637515613962,0.0,0,-0.019055867361812605,-0.03811173472362521,-0.019055867361812605
2014-02-25 04:12:00,38.076,0.0637515613962,0.0,0,-0.02038665198989534,-0.04077330397979068,-0.02038665198989534
2014-02-25 04:17:00,37.936,0.0591679649844,0.0250000003725,0,-0.02171128522473944,-0.04342257044947888,-0.02171128522473944
2014-02-25 04:22:00,37.902,0.0548047195596,0.0250000003725,0,-0.023029398637082053,-0.046058797274164114,-0.023029398637082053
2014-02-25 04:27:00,37.88800000000001,0.0506582133106,0.0250000003725,0,-0.024340631468828842,-0.04868126293765767,-0.024340631468828835
2014-02-25 04:32:00,39.06,0.0548047195596,0.0,0,-0.02564463099469025,-0.05128926198938051,-0.025644630994690255
2014-02-25 04:37:00,36.496,0.0429999870058,0.0750000029802,0,-0.02694105286440801,-0.05388210572881602,-0.02694105286440801
2014-02-25 04:42:00,38.286,0.0467246387705,0.0,0,-0.02822956142498057,-0.05645912284996114,-0.028229561424980572
2014-02-25 04:47:00,37.394,0.039480039483300006,0.0500000007451,0,-0.029509830022376136,-0.05901966004475227,-0.02950983002237614
2014-02-25 04:52:00,38.088,0.0429999870058,0.0,0,-0.03078154128230151,-0.06156308256460302,-0.03078154128230151
2014-02-25 04:57:00,39.84,0.0429999870058,0.0,0,-0.032044387369675,-0.06408877473935,-0.032044387369675
2014-02-25 05:02:00,38.13,0.0429999870058,0.0,0,-0.03329807022653193,-0.06659614045306386,-0.03329807022653193
2014-02-25 05:07:00,40.54,0.0467246387705,0.0,0,-0.03454230178816973,-0.06908460357633947,-0.03454230178816974
2014-02-25 05:12:00,38.192,0.050658213009699984,0.0,0,-0.035776804177418166,-0.07155360835483633,-0.03577680417741816
2014-02-25 05:17:00,37.724000000000004,0.050658213009699984,0.0250000003725,0,-0.03700130987699654,-0.07400261975399308,-0.03700130987699654
2014-02-25 05:22:00,38.004,0.0467246387705,0.0250000003725,0,-0.038215561879994704,-0.07643112375998941,-0.038215561879994704
2014-02-25 05:27:00,38.756,0.0591679649844,0.0,0,-0.03941931381858645,-0.0788386276371729,-0.03941931381858645
2014-02-25 05:32:00,37.042,0.0506582133106,0.0500000007451,0,-0.04061233007115477,-0.08122466014230953,-0.040612330071154765
2014-02-25 05:37:00,37.708,0.0591679649844,0.0,0,-0.04179438584807474,-0.08358877169614948,-0.04179438584807474
2014-02-25 05:42:00,39.366,0.0591679649844,0.0,0,-0.042965267256464386,-0.08593053451292877,-0.042965267256464386
2014-02-25 05:47:00,37.784,0.0591679649844,0.0,0,-0.04412477134427405,-0.0882495426885481,-0.04412477134427405
2014-02-25 05:52:00,39.084,0.0591679649844,0.0,0,-0.045272706124142484,-0.09054541224828497,-0.04527270612414248
2014-02-25 05:57:00,38.944,0.0591679649844,0.0,0,-0.04640889057750087,-0.09281778115500174,-0.04640889057750087
2014-02-25 06:02:00,38.95,0.0591679649844,0.0,0,-0.04753315463945615,-0.0950663092789123,-0.04753315463945615
2014-02-25 06:07:00,38.904,0.0637515613962,0.0,0,-0.048645339165029874,-0.09729067833005976,-0.048645339165029874
2014-02-25 06:12:00,37.982,0.0685589326294,0.0,0,-0.04974529587737142,-0.09949059175474284,-0.04974529587737142
2014-02-25 06:17:00,37.934,0.0685589326294,0.0,0,-0.05083288729860108,-0.10166577459720216,-0.050832887298601075
2014-02-25 06:22:00,38.364000000000004,0.07885780125960001,0.0,0,-0.051907986663972665,-0.10381597332794533,-0.051907986663972665
2014-02-25 06:27:00,37.254,0.0735933222223,0.0250000003725,0,-0.05297047782007388,-0.10594095564014776,-0.05297047782007388
2014-02-25 06:32:00,38.868,0.0735933222223,0.0,0,-0.054020255107808585,-0.10804051021561717,-0.054020255107808585
2014-02-25 06:37:00,37.16,0.0735933222223,0.0,0,-0.055057223230925885,-0.11011444646185177,-0.05505722323092589
2014-02-25 06:42:00,37.678000000000004,0.0735933222223,0.0,0,-0.05608129711087822,-0.11216259422175644,-0.05608129711087822
2014-02-25 06:47:00,36.08,0.0467246384853,0.15000000596,0,-0.057092401728804434,-0.11418480345760887,-0.05709240172880444
2014-02-25 06:52:00,37.652,0.0429999867359,0.0250000003725,0,-0.05809047195544253,-0.11618094391088506,-0.05809047195544252
2014-02-25 06:57:00,39.76,0.0429999867359,0.0,0,-0.059075452369783885,-0.11815090473956776,-0.059075452369783885
2014-02-25 07:02:00,38.032,0.0429999867359,0.0,0,-0.060047297067282485,-0.12009459413456496,-0.060047297067282485
2014-02-25 07:07:00,39.641999999999996,0.0429999867359,0.0,0,-0.06100596945843206,-0.12201193891686413,-0.06100596945843206
2014-02-25 07:12:00,39.108000000000004,0.0429999867359,0.0,0,-0.06195144205852041,-0.12390288411704085,-0.06195144205852041
2014-02-25 07:17:00,36.62,0.0361603631811,0.0750000029802,0,-0.0628836962693629,-0.1257673925387258,-0.0628836962693629
2014-02-25 07:22:00,38.778,0.0361603631811,0.0,0,-0.06380272215380746,-0.12760544430761492,-0.06380272215380746
2014-02-25 07:27:00,35.31,0.0429999899199,0.15000000596,0,-0.06470851820379159,-0.12941703640758315,-0.06470851820379159
2014-02-25 07:32:00,36.81800000000001,0.05480472298280002,0.0750000029802,0,-0.06560109110271665,-0.1312021822054333,-0.06560109110271665
2014-02-25 07:37:00,38.076,0.0330363102864,0.0,0,-0.066480455482888,-0.132960910965776,-0.066480455482888
2014-02-25 07:42:00,39.32,0.030103001019900006,0.0,0,-0.06734663367875082,-0.13469326735750164,-0.06734663367875082
2014-02-25 07:47:00,37.558,0.0330363102864,0.0250000003725,0,-0.06819965547663115,-0.1363993109532623,-0.06819965547663115
2014-02-25 07:52:00,37.84,0.036160366013,0.0250000003725,0,-0.06903955786166811,-0.13807911572333625,-0.06903955786166811
2014-02-25 07:57:00,39.83,0.036160366013,0.0,0,-0.06986638476260161,-0.13973276952520322,-0.06986638476260161
2014-02-25 08:02:00,39.722,0.036160366013,0.0,0,-0.07068018679505289,-0.14136037359010578,-0.07068018679505289
2014-02-25 08:07:00,38.146,0.0301030008084,0.0250000003725,0,-0.07148102100391124,-0.14296204200782248,-0.07148102100391124
2014-02-25 08:12:00,37.7,0.033036310060799996,0.0250000003725,0,-0.0722689506054118,-0.1445379012108236,-0.0722689506054118
2014-02-25 08:17:00,37.41,0.039480039483300006,0.0500000007451,0,-0.07304404472946338,-0.14608808945892676,-0.07304404472946338
2014-02-25 08:22:00,37.816,0.04672463905569999,0.0250000003725,0,-0.0738063781627561,-0.1476127563255122,-0.0738063781627561
2014-02-25 08:27:00,37.934,0.0429999872756,0.0250000003725,0,-0.07455603109315125,-0.1491120621863025,-0.07455603109315125
2014-02-25 08:32:00,37.746,0.0394800397381,0.0250000003725,0,-0.07529308885582663,-0.15058617771165325,-0.07529308885582663
2014-02-25 08:37:00,37.974000000000004,0.0394800397381,0.0250000003725,0,-0.07601764168162238,-0.15203528336324476,-0.07601764168162238
2014-02-25 08:42:00,37.672,0.0394800397381,0.0250000003725,0,-0.07672978444800367,-0.15345956889600734,-0.07672978444800367
2014-02-25 08:47:00,38.036,0.0362615826697,0.0250000003725,0,-0.07742961643302831,-0.15485923286605666,-0.07742961643302831
2014-02-25 08:52:00,38.76,0.0362615826697,0.0,0,-0.07811724107267896,-0.15623448214535793,-0.07811724107267896
2014-02-25 08:57:00,39.014,0.039641268609199996,0.0,0,-0.07879276572189269,-0.15758553144378534,-0.07879276572189269
2014-02-25 09:02:00,38.076,0.039641268609199996,0.0250000003725,0,-0.07945630141959244,-0.15891260283918487,-0.07945630141959244
2014-02-25 09:07:00,39.548,0.0470257570629,0.0,0,-0.08010796265799926,-0.16021592531599851,-0.08010796265799926
2014-02-25 09:12:00,38.218,0.0470257570629,0.0250000003725,0,-0.08074786715647758,-0.16149573431295516,-0.08074786715647757
2014-02-25 09:17:00,38.146,0.0470257570629,0.0250000003725,0,-0.08137613564014047,-0.16275227128028094,-0.08137613564014047
2014-02-25 09:22:00,38.686,0.0510395960716,0.0,0,-0.08199289162341822,-0.16398578324683644,-0.08199289162341823
2014-02-25 09:27:00,36.908,0.0432277824269,0.0750000029802,0,-0.08259826119876837,-0.16519652239753674,-0.08259826119876838
2014-02-25 09:32:00,37.681999999999995,0.047025756772,0.0,0,-0.08319237283068404,-0.16638474566136807,-0.08319237283068404
2014-02-25 09:37:00,38.216,0.0510395957644,0.0,0,-0.08377535715513414,-0.16755071431026827,-0.08377535715513414
2014-02-25 09:42:00,38.708,0.0510395957644,0.0,0,-0.08434734678454935,-0.1686946935690987,-0.08434734678454935
2014-02-25 09:47:00,38.132,0.0510395957644,0.0,0,-0.08490847611844599,-0.16981695223689197,-0.084908476118446
2014-02-25 09:52:00,38.38,0.055273482164400006,0.0,0,-0.08545888115976279,-0.17091776231952555,-0.08545888115976279
2014-02-25 09:57:00,39.672,0.055273482164400006,0.0,0,-0.08599869933696516,-0.17199739867393032,-0.08599869933696516
2014-02-25 10:02:00,38.476,0.0597313840652,0.0,0,-0.08652806933195674,-0.17305613866391348,-0.08652806933195674
2014-02-25 10:07:00,39.294000000000004,0.0644170624784,0.0,0,-0.0870471309138197,-0.1740942618276394,-0.0870471309138197
2014-02-25 10:12:00,38.826,0.0644170624784,0.0,0,-0.0875560247783913,-0.1751120495567826,-0.0875560247783913
2014-02-25 10:17:00,37.042,0.074485806383,0.0250000003725,0,-0.08805489239366927,-0.17610978478733855,-0.08805489239366927
2014-02-25 10:22:00,38.968,0.074485806383,0.0,0,-0.08854387585102565,-0.1770877517020513,-0.08854387585102565
2014-02-25 10:27:00,36.76,0.064417062836,0.0500000007451,0,-0.08902311772219591,-0.17804623544439185,-0.08902311772219591
2014-02-25 10:32:00,37.816,0.064417062836,0.0,0,-0.0894927609219988,-0.1789855218439976,-0.0894927609219988
2014-02-25 10:37:00,38.616,0.064417062836,0.0,0,-0.08995294857673165,-0.1799058971534633,-0.08995294857673165
2014-02-25 10:42:00,37.37,0.0597313844058,0.0250000003725,0,-0.0904038238981761,-0.1808076477963522,-0.0904038238981761
2014-02-25 10:47:00,38.802,0.0597313844058,0.0,0,-0.09084553006314032,-0.18169106012628064,-0.09084553006314032
2014-02-25 10:52:00,37.205999999999996,0.0552734824881,0.0250000003725,0,-0.09127821009845556,-0.1825564201969111,-0.09127821009845555
2014-02-25 10:57:00,40.254,0.0552734824881,0.0,0,-0.09170200677133708,-0.18340401354267416,-0.09170200677133708
2014-02-25 11:02:00,38.076,0.0552734824881,0.0,0,-0.09211706248501393,-0.18423412497002786,-0.09211706248501393
2014-02-25 11:07:00,40.2,0.0597313844058,0.0,0,-0.09252351917952477,-0.18504703835904954,-0.09252351917952477
2014-02-25 11:12:00,38.092,0.0597313844058,0.0,0,-0.09292151823757257,-0.1858430364751451,-0.09292151823757255
2014-02-25 11:17:00,38.262,0.0693340797446,0.0,0,-0.09331120039532642,-0.18662240079065284,-0.09331120039532642
2014-02-25 11:22:00,37.536,0.0693340797446,0.0,0,-0.0936927056580541,-0.1873854113161082,-0.0936927056580541
2014-02-25 11:27:00,38.63800000000001,0.0693340797446,0.0,0,-0.09406617322046608,-0.18813234644093216,-0.09406617322046609
2014-02-25 11:32:00,36.826,0.0597313840652,0.0750000029802,0,-0.09443174139164902,-0.18886348278329804,-0.09443174139164902
2014-02-25 11:37:00,38.148,0.0597313840652,0.0,0,-0.0947895475244637,-0.1895790950489274,-0.0947895475244637
2014-02-25 11:42:00,38.54,0.0644170624784,0.0,0,-0.0951397279492816,-0.1902794558985632,-0.0951397279492816
2014-02-25 11:47:00,38.65,0.0644170624784,0.0,0,-0.09548241791193186,-0.19096483582386373,-0.09548241791193186
2014-02-25 11:52:00,38.098,0.0644170624784,0.0,0,-0.09581775151573027,-0.19163550303146054,-0.09581775151573028
2014-02-25 11:57:00,40.704,0.0644170624784,0.0,0,-0.09614586166746077,-0.19229172333492156,-0.09614586166746077
2014-02-25 12:02:00,38.122,0.0644170624784,0.0,0,-0.09646688002718044,-0.1929337600543609,-0.09646688002718043
2014-02-25 12:07:00,40.025999999999996,0.0644170624784,0.0,0,-0.09678093696171833,-0.19356187392343666,-0.09678093696171833
2014-02-25 12:12:00,38.262,0.0644170624784,0.0,0,-0.09708816150173996,-0.1941763230034799,-0.09708816150173995
2014-02-25 12:17:00,37.512,0.0597313840652,0.0250000003725,0,-0.09738868130224887,-0.19477736260449774,-0.09738868130224888
2014-02-25 12:22:00,38.334,0.074485806383,0.0,0,-0.09768262260639923,-0.19536524521279847,-0.09768262260639923
2014-02-25 12:27:00,37.676,0.074485806383,0.0,0,-0.09797011021249304,-0.19594022042498607,-0.09797011021249304
2014-02-25 12:32:00,38.332,0.074485806383,0.0,0,-0.09825126744403867,-0.1965025348880773,-0.09825126744403867
2014-02-25 12:37:00,37.816,0.074485806383,0.0,0,-0.0985262161227481,-0.1970524322454962,-0.0985262161227481
2014-02-25 12:42:00,37.936,0.074485806383,0.0,0,-0.09879507654435242,-0.19759015308870484,-0.09879507654435242
2014-02-25 12:47:00,37.964,0.074485806383,0.0,0,-0.09905796745711752,-0.19811593491423504,-0.09905796745711752
2014-02-25 12:52:00,38.13800000000001,0.074485806383,0.0,0,-0.09931500604294363,-0.1986300120858873,-0.09931500604294365
2014-02-25 12:57:00,40.391999999999996,0.074485806383,0.0,0,-0.0995663079009353,-0.1991326158018706,-0.0995663079009353
2014-02-25 13:02:00,38.356,0.074485806383,0.0,0,-0.09981198703332993,-0.19962397406665985,-0.09981198703332991
2014-02-25 13:07:00,39.856,0.07987543178289999,0.0,0,-0.10005215583367676,-0.2001043116673535,-0.10005215583367676
2014-02-25 13:12:00,38.686,0.07987543178289999,0.0,0,-0.10028692507715978,-0.2005738501543196,-0.10028692507715978
2014-02-25 13:17:00,38.135999999999996,0.07987543178289999,0.0,0,-0.10051640391296104,-0.2010328078259221,-0.10051640391296104
2014-02-25 13:22:00,37.488,0.07987543178289999,0.0,0,-0.10074069985856386,-0.20148139971712767,-0.10074069985856386
2014-02-25 13:27:00,37.696,0.07987543178289999,0.0,0,-0.1009599187958977,-0.2019198375917954,-0.1009599187958977
2014-02-25 13:32:00,37.816,0.07987543178289999,0.0,0,-0.10117416496922996,-0.20234832993845991,-0.10117416496922996
2014-02-25 13:37:00,38.286,0.07987543178289999,0.0,0,-0.10138354098471183,-0.2027670819694237,-0.10138354098471185
2014-02-25 13:42:00,38.198,0.07987543178289999,0.0,0,-0.1015881478114892,-0.20317629562297845,-0.10158814781148921
2014-02-25 13:47:00,39.868,0.07987543178289999,0.0,0,-0.10178808478429152,-0.20357616956858304,-0.10178808478429152
2014-02-25 13:52:00,37.348,0.07987543178289999,0.0,0,-0.10198344960741516,-0.20396689921483036,-0.10198344960741516
2014-02-25 13:57:00,41.361999999999995,0.07987543178289999,0.0,0,-0.10217433836002003,-0.2043486767200401,-0.10217433836002004
2014-02-25 14:02:00,37.77,0.07987543178289999,0.0,0,-0.10236084550266134,-0.20472169100532267,-0.10236084550266134
2014-02-25 14:07:00,39.178000000000004,0.07987543178289999,0.0,0,-0.1025430638849808,-0.20508612776996166,-0.10254306388498081
2014-02-25 14:12:00,37.816,0.07987543178289999,0.0,0,-0.10272108475448508,-0.20544216950897015,-0.10272108475448509
2014-02-25 14:17:00,38.004,0.07987543178289999,0.0,0,-0.10289499776634088,-0.20578999553268176,-0.10289499776634088
2014-02-25 14:22:00,37.562,0.07987543178289999,0.0,0,-0.10306489099411972,-0.20612978198823945,-0.10306489099411971
2014-02-25 14:27:00,38.052,0.07987543178289999,0.0,0,-0.10323085094142744,-0.20646170188285487,-0.10323085094142744
2014-02-25 14:32:00,37.63,0.07987543178289999,0.0,0,-0.1033929625543566,-0.2067859251087132,-0.10339296255435661
2014-02-25 14:37:00,38.714,0.07987543178289999,0.0,0,-0.1035513092347016,-0.20710261846940325,-0.10355130923470161
2014-02-25 14:42:00,35.97400000000001,0.0693340797446,0.0500000007451,0,-0.10370597285387986,-0.20741194570775973,-0.10370597285387986
2014-02-25 14:47:00,37.934,0.0693340797446,0.0,0,-0.10385703376750394,-0.20771406753500787,-0.10385703376750394
2014-02-25 14:52:00,38.454,0.0693340797446,0.0,0,-0.10400457083055246,-0.20800914166110493,-0.10400457083055246
2014-02-25 14:57:00,39.154,0.0693340797446,0.0,0,-0.10414866141308952,-0.20829732282617905,-0.10414866141308951
2014-02-25 15:02:00,38.742,0.0693340797446,0.0,0,-0.1042893814164847,-0.2085787628329694,-0.1042893814164847
2014-02-25 15:07:00,39.094,0.0693340797446,0.0,0,-0.1044268052900882,-0.20885361058017646,-0.10442680529008821
2014-02-25 15:12:00,38.592,0.0693340797446,0.0,0,-0.10456100604831736,-0.20912201209663472,-0.10456100604831736
2014-02-25 15:17:00,37.205999999999996,0.0597313844058,0.0500000007451,0,-0.10469205528811278,-0.20938411057622555,-0.10469205528811278
2014-02-25 15:22:00,38.726,0.0597313844058,0.0,0,-0.10482002320672512,-0.20964004641345024,-0.10482002320672511
2014-02-25 15:27:00,37.87,0.0597313844058,0.0,0,-0.10494497861979436,-0.20988995723958875,-0.10494497861979436
2014-02-25 15:32:00,37.88800000000001,0.0693340797446,0.0,0,-0.1050669889796862,-0.2101339779593724,-0.10506698897968621
2014-02-25 15:37:00,39.436,0.0693340797446,0.0,0,-0.1051861203940513,-0.2103722407881026,-0.1051861203940513
2014-02-25 15:42:00,36.4,0.0597313844058,0.0500000007451,0,-0.10530243764457548,-0.21060487528915092,-0.10530243764457548
2014-02-25 15:47:00,38.662,0.0597313844058,0.0,0,-0.1054160042058903,-0.2108320084117806,-0.1054160042058903
2014-02-25 15:52:00,37.91,0.0597313844058,0.0,0,-0.10552688226461507,-0.21105376452923014,-0.10552688226461507
2014-02-25 15:57:00,40.54,0.0597313844058,0.0,0,-0.10563513273850296,-0.2112702654770059,-0.10563513273850295
2014-02-25 16:02:00,37.606,0.0552734824881,0.0250000003725,0,-0.10574081529566552,-0.21148163059133104,-0.10574081529566552
2014-02-25 16:07:00,40.141999999999996,0.064417062836,0.0,0,-0.1058439883738514,-0.2116879767477028,-0.10584398837385141
2014-02-25 16:12:00,37.348,0.0597313844058,0.0250000003725,0,-0.10594470919975583,-0.21188941839951167,-0.10594470919975583
2014-02-25 16:17:00,38.544000000000004,0.0597313844058,0.0,0,-0.10604303380833986,-0.21208606761667967,-0.10604303380833986
2014-02-25 16:22:00,36.714,0.0510395960716,0.0500000007451,0,-0.10613901706213864,-0.2122780341242773,-0.10613901706213863
2014-02-25 16:27:00,37.724000000000004,0.0510395960716,0.0,0,-0.10623271267053992,-0.21246542534107984,-0.10623271267053991
2014-02-25 16:32:00,37.9,0.0597313844058,0.0,0,-0.10632417320901458,-0.21264834641802915,-0.10632417320901458
2014-02-25 16:37:00,37.84,0.0597313844058,0.0,0,-0.106413450138283,-0.212826900276566,-0.10641345013828299
2014-02-25 16:42:00,38.17,0.0597313844058,0.0,0,-0.10650059382340077,-0.2130011876468015,-0.10650059382340075
2014-02-25 16:47:00,37.676,0.0597313844058,0.0,0,-0.10658565355275004,-0.21317130710550009,-0.10658565355275004
2014-02-25 16:52:00,37.588,0.064417062836,0.0,0,-0.10666867755692228,-0.21333735511384455,-0.10666867755692229
2014-02-25 16:57:00,41.22,0.064417062836,0.0,0,-0.10674971302747993,-0.21349942605495986,-0.10674971302747993
2014-02-25 17:02:00,36.824,0.0693340797446,0.0,0,-0.10682880613558536,-0.2136576122711707,-0.10682880613558535
2014-02-25 17:07:00,40.821999999999996,0.0701920058287,0.0,0,-0.10690600205048599,-0.213812004100972,-0.10690600205048599
2014-02-25 17:12:00,37.24,0.0810028040971,0.0,0,-0.10698134495784584,-0.21396268991569167,-0.10698134495784584
2014-02-25 17:17:00,37.724000000000004,0.0810028040971,0.0,0,-0.10705487807791376,-0.2141097561558275,-0.10705487807791375
2014-02-25 17:22:00,37.746,0.0810028040971,0.0,0,-0.10712664368352033,-0.21425328736704066,-0.10712664368352033
2014-02-25 17:27:00,39.484,0.0810028040971,0.0,0,-0.10719668311789544,-0.2143933662357909,-0.10719668311789544
2014-02-25 17:32:00,36.744,0.0810028040971,0.0,0,-0.10726503681229912,-0.21453007362459825,-0.10726503681229912
2014-02-25 17:37:00,37.724000000000004,0.0810028040971,0.0,0,-0.10733174430345968,-0.21466348860691933,-0.10733174430345967
2014-02-25 17:42:00,38.004,0.0810028040971,0.0,0,-0.10739684425081288,-0.21479368850162572,-0.10739684425081288
2014-02-25 17:47:00,38.762,0.0810028040971,0.0,0,-0.1074603744535371,-0.2149207489070742,-0.1074603744535371
2014-02-25 17:52:00,37.958,0.0810028040971,0.0,0,-0.10752237186737956,-0.2150447437347591,-0.10752237186737955
2014-02-25 17:57:00,39.885999999999996,0.0810028040971,0.0,0,-0.1075828726212695,-0.21516574524253898,-0.1075828726212695
2014-02-25 18:02:00,38.474000000000004,0.0810028040971,0.0,0,-0.10764191203371476,-0.2152838240674295,-0.10764191203371475
2014-02-25 18:07:00,40.376,0.0810028040971,0.0,0,-0.10769952462897804,-0.21539904925795605,-0.10769952462897803
2014-02-25 18:12:00,37.3,0.0810028040971,0.0,0,-0.10775574415303067,-0.21551148830606134,-0.10775574415303069
2014-02-25 18:17:00,38.146,0.0810028040971,0.0,0,-0.10781060358928106,-0.21562120717856206,-0.10781060358928106
2014-02-25 18:22:00,37.111999999999995,0.0810028040971,0.0,0,-0.10786413517407573,-0.21572827034815145,-0.10786413517407571
2014-02-25 18:27:00,38.266,0.0810028040971,0.0,0,-0.10791637041197186,-0.2158327408239437,-0.10791637041197186
2014-02-25 18:32:00,37.394,0.0810028040971,0.0,0,-0.10796734009077966,-0.2159346801815593,-0.10796734009077966
2014-02-25 18:37:00,38.916,0.0810028040971,0.0,0,-0.10801707429637347,-0.21603414859274692,-0.10801707429637347
2014-02-25 18:42:00,36.76,0.0810028040971,0.0,0,-0.10806560242727152,-0.21613120485454304,-0.10806560242727152
2014-02-25 18:47:00,39.062,0.0810028040971,0.0,0,-0.10811295320898336,-0.2162259064179667,-0.10811295320898336
2014-02-25 18:52:00,36.902,0.0810028040971,0.0,0,-0.10815915470812547,-0.21631830941625094,-0.10815915470812548
2014-02-25 18:57:00,39.508,0.0810028040971,0.0,0,-0.10820423434630484,-0.21640846869260968,-0.10820423434630483
2014-02-25 19:02:00,38.756,0.0810028040971,0.0,0,-0.10824821891377084,-0.2164964378275417,-0.10824821891377083
2014-02-25 19:07:00,38.968,0.0810028040971,0.0,0,-0.1082911345828367,-0.2165822691656734,-0.1082911345828367
2014-02-25 19:12:00,39.342,0.0810028040971,0.0,0,-0.10833300692107062,-0.21666601384214124,-0.10833300692107062
2014-02-25 19:17:00,37.09,0.0810028040971,0.0,0,-0.10837386090425796,-0.21674772180851595,-0.10837386090425796
2014-02-25 19:22:00,38.681999999999995,0.0810028040971,0.0,0,-0.1084137209291358,-0.2168274418582716,-0.1084137209291358
2014-02-25 19:27:00,37.214,0.0810028040971,0.0,0,-0.10845261082590107,-0.21690522165180212,-0.10845261082590107
2014-02-25 19:32:00,37.582,0.0810028040971,0.0,0,-0.1084905538704938,-0.2169811077409876,-0.10849055387049379
2014-02-25 19:37:00,38.246,0.0810028040971,0.0,0,-0.10852757279665734,-0.21705514559331468,-0.10852757279665734
2014-02-25 19:42:00,38.262,0.0810028040971,0.0,0,-0.10856368980777722,-0.21712737961555445,-0.10856368980777722
2014-02-25 19:47:00,38.532,0.0810028040971,0.0,0,-0.10859892658850058,-0.2171978531770012,-0.10859892658850058
2014-02-25 19:52:00,38.192,0.0810028040971,0.0,0,-0.1086333043161382,-0.2172666086322764,-0.1086333043161382
2014-02-25 19:57:00,39.296,0.0810028040971,0.0,0,-0.10866684367185148,-0.21733368734370295,-0.10866684367185149
2014-02-25 20:02:00,38.162,0.0810028040971,0.0,0,-0.10869956485162637,-0.21739912970325276,-0.10869956485162637
2014-02-25 20:07:00,39.128,0.0810028040971,0.0,0,-0.10873148757703653,-0.21746297515407306,-0.10873148757703653
2014-02-25 20:12:00,37.944,0.0810028040971,0.0,0,-0.1087626311057985,-0.21752526221159701,-0.1087626311057985
2014-02-25 20:17:00,37.512,0.0810028040971,0.0,0,-0.10879301424212093,-0.21758602848424186,-0.10879301424212091
2014-02-25 20:22:00,38.992,0.0810028040971,0.0,0,-0.10882265534685044,-0.21764531069370088,-0.10882265534685044
2014-02-25 20:27:00,36.582,0.0810028040971,0.0,0,-0.10885157234741716,-0.21770314469483432,-0.10885157234741716
2014-02-25 20:32:00,37.724000000000004,0.0810028040971,0.0,0,-0.10887978274758177,-0.2177595654951635,-0.10887978274758175
2014-02-25 20:37:00,37.934,0.0810028040971,0.0,0,-0.10890730363698746,-0.21781460727397486,-0.10890730363698746
2014-02-25 20:42:00,37.91,0.0810028040971,0.0,0,-0.10893415170051923,-0.2178683034010385,-0.10893415170051925
2014-02-25 20:47:00,37.77,0.0810028040971,0.0,0,-0.108960343227473,-0.21792068645494603,-0.108960343227473
2014-02-25 20:52:00,38.262,0.0810028040971,0.0,0,-0.10898589412053768,-0.21797178824107533,-0.10898589412053768
2014-02-25 20:57:00,39.154,0.0810028040971,0.0,0,-0.10901081990459294,-0.21802163980918587,-0.10901081990459294
2014-02-25 21:02:00,38.356,0.0810028040971,0.0,0,-0.1090351357353252,-0.2180702714706504,-0.10903513573532521
2014-02-25 21:07:00,39.455999999999996,0.0810028040971,0.0,0,-0.10905885640766493,-0.21811771281532985,-0.10905885640766491
2014-02-25 21:12:00,38.622,0.0810028040971,0.0,0,-0.10908199636404776,-0.2181639927280955,-0.10908199636404775
2014-02-25 21:17:00,37.474000000000004,0.0810028040971,0.0,0,-0.10910456970250283,-0.2182091394050057,-0.10910456970250285
2014-02-25 21:22:00,38.034,0.0810028040971,0.0,0,-0.1091265901845705,-0.21825318036914101,-0.1091265901845705
2014-02-25 21:27:00,38.461999999999996,0.0810028040971,0.0,0,-0.10914807124305237,-0.21829614248610474,-0.10914807124305237
2014-02-25 21:32:00,36.756,0.0810028040971,0.0,0,-0.10916902598959714,-0.2183380519791943,-0.10916902598959714
2014-02-25 21:37:00,38.05,0.0810028040971,0.0,0,-0.10918946722212408,-0.21837893444424816,-0.10918946722212408
2014-02-25 21:42:00,37.84,0.0810028040971,0.0,0,-0.10920940743208757,-0.2184188148641752,-0.10920940743208758
2014-02-25 21:47:00,37.91,0.0810028040971,0.0,0,-0.1092288588115854,-0.2184577176231708,-0.10922885881158541
2014-02-25 21:52:00,38.004,0.0810028040971,0.0,0,-0.10924783326031334,-0.21849566652062669,-0.10924783326031334
2014-02-25 21:57:00,40.234,0.0810028040971,0.0,0,-0.10926634239236906,-0.2185326847847381,-0.10926634239236906
2014-02-25 22:02:00,38.122,0.0810028040971,0.0,0,-0.1092843975429079,-0.2185687950858158,-0.1092843975429079
2014-02-25 22:07:00,39.484,0.0810028040971,0.0,0,-0.10930200977465326,-0.21860401954930653,-0.10930200977465326
2014-02-25 22:12:00,38.044000000000004,0.0810028040971,0.0,0,-0.1093191898842644,-0.2186383797685288,-0.1093191898842644
2014-02-25 22:17:00,38.732,0.0810028040971,0.0,0,-0.10933594840856414,-0.2186718968171283,-0.10933594840856414
2014-02-25 22:22:00,37.582,0.0810028040971,0.0,0,-0.10935229563062923,-0.21870459126125846,-0.10935229563062923
2014-02-25 22:27:00,37.29,0.0810028040971,0.0,0,-0.10936824158574593,-0.21873648317149186,-0.10936824158574592
2014-02-25 22:32:00,38.356,0.0810028040971,0.0,0,-0.1093837960672334,-0.2187675921344668,-0.10938379606723339
2014-02-25 22:37:00,38.46,0.0810028040971,0.0,0,-0.10939896863213756,-0.21879793726427516,-0.10939896863213756
2014-02-25 22:42:00,36.972,0.0810028040971,0.0,0,-0.1094137686067978,-0.2188275372135956,-0.10941376860679779
2014-02-25 22:47:00,38.732,0.0810028040971,0.0,0,-0.10942820509228887,-0.21885641018457772,-0.10942820509228887
2014-02-25 22:52:00,36.67,0.0810028040971,0.0,0,-0.10944228696974108,-0.21888457393948216,-0.10944228696974108
2014-02-25 22:57:00,40.454,0.0810028040971,0.0,0,-0.10945602290554036,-0.2189120458110807,-0.10945602290554035
2014-02-25 23:02:00,36.571999999999996,0.0810028040971,0.0,0,-0.10946942135641123,-0.21893884271282246,-0.10946942135641123
2014-02-25 23:07:00,40.894,0.0810028040971,0.0,0,-0.1094824905743848,-0.2189649811487696,-0.1094824905743848
2014-02-25 23:12:00,36.644,0.0810028040971,0.0,0,-0.10949523861165412,-0.21899047722330825,-0.10949523861165412
2014-02-25 23:17:00,38.004,0.0810028040971,0.0,0,-0.1095076733253192,-0.2190153466506384,-0.1095076733253192
2014-02-25 23:22:00,38.098,0.0810028040971,0.0,0,-0.10951980238202406,-0.21903960476404813,-0.10951980238202406
2014-02-25 23:27:00,37.746,0.0810028040971,0.0,0,-0.10953163326248788,-0.21906326652497576,-0.10953163326248788
2014-02-25 23:32:00,37.802,0.0810028040971,0.0,0,-0.1095431732659326,-0.2190863465318652,-0.1095431732659326
2014-02-25 23:37:00,38.262,0.0810028040971,0.0,0,-0.10955442951440902,-0.21910885902881805,-0.10955442951440902
2014-02-25 23:42:00,38.562,0.0810028040971,0.0,0,-0.1095654089570236,-0.2191308179140472,-0.1095654089570236
2014-02-25 23:47:00,39.21,0.0810028040971,0.0,0,-0.10957611837406796,-0.21915223674813591,-0.10957611837406796
2014-02-25 23:52:00,37.508,0.0810028040971,0.0,0,-0.1095865643810533,-0.2191731287621066,-0.1095865643810533
2014-02-25 23:57:00,40.751999999999995,0.0810028040971,0.0,0,-0.1095967534326516,-0.2191935068653032,-0.10959675343265159
2014-02-26 00:02:00,37.746,0.0810028040971,0.0,0,-0.10960669182654564,-0.2192133836530913,-0.10960669182654564
2014-02-26 00:07:00,40.618,0.0810028040971,0.0,0,-0.10961638570718994,-0.21923277141437988,-0.10961638570718994
2014-02-26 00:12:00,37.75,0.0810028040971,0.0,0,-0.10962584106948424,-0.21925168213896848,-0.10962584106948424
2014-02-26 00:17:00,38.356,0.0810028040971,0.0,0,-0.10963506376236164,-0.21927012752472327,-0.10963506376236164
2014-02-26 00:22:00,35.278,0.07547408512749999,0.0250000003725,0,-0.10964405949229326,-0.21928811898458653,-0.10964405949229326
2014-02-26 00:27:00,38.146,0.07547408512749999,0.0,0,-0.10965283382671116,-0.2193056676534223,-0.10965283382671115
2014-02-26 00:32:00,37.95,0.07547408512749999,0.0,0,-0.1096613921973512,-0.2193227843947024,-0.1096613921973512
2014-02-26 00:37:00,38.31,0.07547408512749999,0.0,0,-0.10966973990351786,-0.21933947980703566,-0.10966973990351786
2014-02-26 00:42:00,38.808,0.07547408512749999,0.0,0,-0.10967788211527256,-0.2193557642305451,-0.10967788211527255
2014-02-26 00:47:00,37.912,0.07547408512749999,0.0,0,-0.10968582387654703,-0.21937164775309406,-0.10968582387654703
2014-02-26 00:52:00,36.93,0.07547408512749999,0.0,0,-0.10969357010818397,-0.2193871402163679,-0.10969357010818395
2014-02-26 00:57:00,39.861999999999995,0.07547408512749999,0.0,0,-0.10970112561090564,-0.21940225122181128,-0.10970112561090563
2014-02-26 01:02:00,38.004,0.07547408512749999,0.0,0,-0.1097084950682131,-0.2194169901364262,-0.1097084950682131
2014-02-26 01:07:00,39.312,0.07547408512749999,0.0,0,-0.1097156830492168,-0.2194313660984336,-0.10971568304921679
2014-02-26 01:12:00,36.268,0.0810028040971,0.0,0,-0.10972269401140028,-0.21944538802280056,-0.10972269401140028
2014-02-26 01:17:00,37.611999999999995,0.0810028040971,0.0,0,-0.10972953230331896,-0.21945906460663794,-0.10972953230331897
2014-02-26 01:22:00,37.88800000000001,0.0810028040971,0.0,0,-0.10973620216723462,-0.21947240433446924,-0.10973620216723462
2014-02-26 01:27:00,38.356,0.08209576592510001,0.0,0,-0.1097427077416878,-0.2194854154833756,-0.10974270774168779
2014-02-26 01:32:00,37.802,0.08209576592510001,0.0,0,-0.10974905306400903,-0.2194981061280181,-0.10974905306400905
2014-02-26 01:37:00,38.056,0.08209576592510001,0.0,0,-0.10975524207277072,-0.21951048414554145,-0.10975524207277072
2014-02-26 01:42:00,38.802,0.08209576592510001,0.0,0,-0.10976127861018042,-0.21952255722036085,-0.10976127861018042
2014-02-26 01:47:00,39.132,0.08209576592510001,0.0,0,-0.10976716642441747,-0.21953433284883492,-0.10976716642441747
2014-02-26 01:52:00,38.635999999999996,0.08209576592510001,0.0,0,-0.10977290917191394,-0.2195458183438279,-0.10977290917191394
2014-02-26 01:57:00,39.954,0.08209576592510001,0.0,0,-0.10977851041958116,-0.21955702083916231,-0.10977851041958116
2014-02-26 02:02:00,38.788000000000004,0.08209576592510001,0.0,0,-0.10978397364698328,-0.21956794729396653,-0.10978397364698327
2014-02-26 02:07:00,40.056,0.08209576592510001,0.0,0,-0.10978930224845873,-0.2195786044969175,-0.10978930224845874
2014-02-26 02:12:00,38.708,0.08209576592510001,0.0,0,-0.10979449953519144,-0.21958899907038287,-0.10979449953519144
2014-02-26 02:17:00,35.93,0.08209576592510001,0.0,0,-0.10979956873723186,-0.21959913747446366,-0.10979956873723186
2014-02-26 02:22:00,36.806,0.08209576592510001,0.0,0,-0.1098045130054703,-0.2196090260109406,-0.1098045130054703
2014-02-26 02:27:00,37.376,0.08209576592510001,0.0,0,-0.10980933541356258,-0.2196186708271252,-0.10980933541356258
2014-02-26 02:32:00,37.864000000000004,0.08209576592510001,0.0,0,-0.10981403895980968,-0.21962807791961936,-0.10981403895980969
2014-02-26 02:37:00,37.966,0.08209576592510001,0.0,0,-0.10981862656899236,-0.21963725313798474,-0.10981862656899237
2014-02-26 02:42:00,37.746,0.08209576592510001,0.0,0,-0.10982310109416156,-0.21964620218832312,-0.10982310109416156
2014-02-26 02:47:00,37.652,0.08209576592510001,0.0,0,-0.10982746531838596,-0.21965493063677194,-0.10982746531838597
2014-02-26 02:52:00,38.05,0.08209576592510001,0.0,0,-0.10983172195645753,-0.21966344391291506,-0.10983172195645753
2014-02-26 02:57:00,40.0,0.08209576592510001,0.0,0,-0.10983587365655594,-0.21967174731311187,-0.10983587365655594
2014-02-26 03:02:00,38.028,0.08209576592510001,0.0,0,-0.10983992300187297,-0.2196798460037459,-0.10983992300187295
2014-02-26 03:07:00,39.554,0.08209576592510001,0.0,0,-0.10984387251219788,-0.21968774502439573,-0.10984387251219788
2014-02-26 03:12:00,37.864000000000004,0.08209576592510001,0.0,0,-0.10984772464546444,-0.2196954492909289,-0.10984772464546445
2014-02-26 03:17:00,39.954,0.08209576592510001,0.0,0,-0.10985148179926076,-0.2197029635985216,-0.10985148179926078
2014-02-26 03:22:00,37.794000000000004,0.08209576592510001,0.0,0,-0.1098551463123026,-0.2197102926246052,-0.10985514631230259
2014-02-26 03:27:00,36.254,0.08209576592510001,0.0,0,-0.10985872046587107,-0.21971744093174214,-0.10985872046587108
2014-02-26 03:32:00,37.254,0.08209576592510001,0.0,0,-0.10986220648521593,-0.21972441297043185,-0.10986220648521593
2014-02-26 03:37:00,37.06800000000001,0.08209576592510001,0.0,0,-0.10986560654092443,-0.21973121308184887,-0.10986560654092443
2014-02-26 03:42:00,38.968,0.08209576592510001,0.0,0,-0.10986892275025756,-0.21973784550051514,-0.10986892275025757
2014-02-26 03:47:00,37.512,0.08209576592510001,0.0,0,-0.10987215717845364,-0.21974431435690728,-0.10987215717845364
2014-02-26 03:52:00,39.33,0.08209576592510001,0.0,0,-0.1098753118400005,-0.219750623680001,-0.1098753118400005
2014-02-26 03:57:00,38.78,0.08209576592510001,0.0,0,-0.1098783886998768,-0.2197567773997536,-0.1098783886998768
2014-02-26 04:02:00,38.896,0.08209576592510001,0.0,0,-0.10988138967476332,-0.21976277934952665,-0.10988138967476331
2014-02-26 04:07:00,38.942,0.08209576592510001,0.0,0,-0.10988431663422474,-0.21976863326844948,-0.10988431663422474
2014-02-26 04:12:00,38.11,0.08209576592510001,0.0,0,-0.109887171401863,-0.219774342803726,-0.109887171401863
2014-02-26 04:17:00,37.99800000000001,0.08209576592510001,0.0,0,-0.1098899557564425,-0.219779911512885,-0.1098899557564425
2014-02-26 04:22:00,38.92,0.08209576592510001,0.0,0,-0.1098926714329879,-0.2197853428659758,-0.1098926714329879
2014-02-26 04:27:00,36.954,0.08209576592510001,0.0,0,-0.10989532012385557,-0.2197906402477111,-0.10989532012385556
2014-02-26 04:32:00,37.964,0.08209576592510001,0.0,0,-0.10989790347977868,-0.21979580695955736,-0.10989790347977868
2014-02-26 04:37:00,37.275999999999996,0.08209576592510001,0.0,0,-0.10990042311088707,-0.21980084622177412,-0.10990042311088707
2014-02-26 04:42:00,38.686,0.08209576592510001,0.0,0,-0.10990288058770237,-0.21980576117540476,-0.10990288058770237
2014-02-26 04:47:00,37.23,0.08209576592510001,0.0,0,-0.10990527744210858,-0.2198105548842172,-0.10990527744210858
2014-02-26 04:52:00,37.504,0.08209576592510001,0.0,0,-0.1099076151682996,-0.2198152303365992,-0.1099076151682996
2014-02-26 04:57:00,39.418,0.08209576592510001,0.0,0,-0.10990989522370308,-0.21981979044740613,-0.10990989522370308
2014-02-26 05:02:00,37.906,0.08209576592510001,0.0,0,-0.10991211902988222,-0.21982423805976445,-0.10991211902988222
2014-02-26 05:07:00,39.414,0.08209576592510001,0.0,0,-0.10991428797341546,-0.21982857594683086,-0.10991428797341546
2014-02-26 05:12:00,38.461999999999996,0.08209576592510001,0.0,0,-0.1099164034067546,-0.2198328068135092,-0.1099164034067546
2014-02-26 05:17:00,37.668,0.08209576592510001,0.0,0,-0.1099184666490622,-0.2198369332981244,-0.1099184666490622
2014-02-26 05:22:00,38.458,0.08209576592510001,0.0,0,-0.10992047898702847,-0.21984095797405695,-0.10992047898702849
2014-02-26 05:27:00,37.336,0.08209576592510001,0.0,0,-0.10992244167566832,-0.21984488335133665,-0.10992244167566832
2014-02-26 05:32:00,38.504,0.08209576592510001,0.0,0,-0.10992435593909873,-0.21984871187819746,-0.10992435593909872
2014-02-26 05:37:00,37.275999999999996,0.08209576592510001,0.0,0,-0.10992622297129738,-0.2198524459425948,-0.10992622297129738
2014-02-26 05:42:00,39.6,0.08209576592510001,0.0,0,-0.10992804393684276,-0.21985608787368555,-0.10992804393684277
2014-02-26 05:47:00,37.254,0.08209576592510001,0.0,0,-0.10992981997163613,-0.21985963994327226,-0.10992981997163612
2014-02-26 05:52:00,38.028,0.08209576592510001,0.0,0,-0.1099315521836056,-0.2198631043672112,-0.10993155218360559
2014-02-26 05:57:00,40.094,0.08209576592510001,0.0,0,-0.10993324165339363,-0.21986648330678726,-0.10993324165339363
2014-02-26 06:02:00,38.122,0.08209576592510001,0.0,0,-0.10993488943502712,-0.21986977887005424,-0.10993488943502712
2014-02-26 06:07:00,39.65,0.08209576592510001,0.0,0,-0.10993649655657137,-0.21987299311314276,-0.10993649655657137
2014-02-26 06:12:00,38.92,0.08209576592510001,0.0,0,-0.1099380640207681,-0.2198761280415362,-0.1099380640207681
2014-02-26 06:17:00,36.808,0.08209576592510001,0.0,0,-0.10993959280565772,-0.21987918561131545,-0.10993959280565771
2014-02-26 06:22:00,37.44,0.08209576592510001,0.0,0,-0.10994108386518653,-0.21988216773037306,-0.10994108386518653
2014-02-26 06:27:00,37.976,0.08209576592510001,0.0,0,-0.10994253812979894,-0.21988507625959788,-0.10994253812979894
2014-02-26 06:32:00,39.064,0.08209576592510001,0.0,0,-0.10994395650701527,-0.21988791301403052,-0.10994395650701527
2014-02-26 06:37:00,36.808,0.08209576592510001,0.0,0,-0.10994533988199534,-0.21989067976399068,-0.10994533988199534
2014-02-26 06:42:00,37.554,0.08209576592510001,0.0,0,-0.10994668911808833,-0.21989337823617666,-0.10994668911808833
2014-02-26 06:47:00,38.83,0.08209576592510001,0.0,0,-0.10994800505736912,-0.21989601011473825,-0.10994800505736911
2014-02-26 06:52:00,36.571999999999996,0.0764317559891,0.0250000003725,0,-0.10994928852116152,-0.21989857704232305,-0.10994928852116151
2014-02-26 06:57:00,39.912,0.0764317559891,0.0,0,-0.10995054031054867,-0.21990108062109734,-0.10995054031054868
2014-02-26 07:02:00,38.076,0.0764317559891,0.0,0,-0.10995176120687103,-0.21990352241374203,-0.109951761206871
2014-02-26 07:07:00,40.234,0.0764317559891,0.0,0,-0.1099529519722118,-0.2199059039444236,-0.1099529519722118
2014-02-26 07:12:00,37.624,0.0764317559891,0.0,0,-0.10995411334987112,-0.21990822669974225,-0.10995411334987112
2014-02-26 07:17:00,38.616,0.0764317559891,0.0,0,-0.10995524606482786,-0.2199104921296557,-0.10995524606482786
2014-02-26 07:22:00,38.366,0.0764317559891,0.0,0,-0.10995635082419067,-0.21991270164838134,-0.10995635082419067
2014-02-26 07:27:00,37.254,0.0764317559891,0.0,0,-0.10995742831763773,-0.21991485663527546,-0.10995742831763773
2014-02-26 07:32:00,37.536,0.0764317559891,0.0,0,-0.10995847921784564,-0.21991695843569128,-0.10995847921784564
2014-02-26 07:37:00,38.122,0.0764317559891,0.0,0,-0.10995950418090804,-0.21991900836181608,-0.10995950418090804
2014-02-26 07:42:00,37.794000000000004,0.08209576592510001,0.0,0,-0.1099605038467437,-0.2199210076934874,-0.1099605038467437
2014-02-26 07:47:00,38.99,0.08209576592510001,0.0,0,-0.10996147883949474,-0.21992295767898948,-0.10996147883949474
2014-02-26 07:52:00,37.77,0.08209576592510001,0.0,0,-0.109962429767915,-0.21992485953583,-0.109962429767915
2014-02-26 07:57:00,40.354,0.08209576592510001,0.0,0,-0.10996335722574901,-0.219926714451498,-0.10996335722574899
2014-02-26 08:02:00,37.88800000000001,0.08209576592510001,0.0,0,-0.10996426179210136,-0.2199285235842027,-0.10996426179210135
2014-02-26 08:07:00,39.97,0.08209576592510001,0.0,0,-0.10996514403179744,-0.21993028806359488,-0.10996514403179744
2014-02-26 08:12:00,37.676,0.08209576592510001,0.0,0,-0.10996600449573496,-0.2199320089914699,-0.10996600449573495
2014-02-26 08:17:00,38.45,0.08209576592510001,0.0,0,-0.10996684372122684,-0.2199336874424537,-0.10996684372122685
2014-02-26 08:22:00,37.09,0.08209576592510001,0.0,0,-0.10996766223233606,-0.21993532446467207,-0.10996766223233606
2014-02-26 08:27:00,38.686,0.08209576592510001,0.0,0,-0.10996846054020172,-0.21993692108040344,-0.10996846054020172
2014-02-26 08:32:00,37.275999999999996,0.08209576592510001,0.0,0,-0.1099692391433576,-0.2199384782867152,-0.10996923914335759
2014-02-26 08:37:00,39.794000000000004,0.08209576592510001,0.0,0,-0.10996999852804253,-0.21993999705608505,-0.10996999852804251
2014-02-26 08:42:00,37.111999999999995,0.08209576592510001,0.0,0,-0.10997073916850332,-0.21994147833700667,-0.10997073916850333
2014-02-26 08:47:00,38.071999999999996,0.08209576592510001,0.0,0,-0.10997146152729034,-0.21994292305458069,-0.10997146152729034
2014-02-26 08:52:00,38.238,0.08209576592510001,0.0,0,-0.10997216605554536,-0.21994433211109074,-0.10997216605554537
2014-02-26 08:57:00,40.774,0.08209576592510001,0.0,0,-0.10997285319328302,-0.21994570638656605,-0.10997285319328302
2014-02-26 09:02:00,37.494,0.08209576592510001,0.0,0,-0.1099735233696647,-0.2199470467393294,-0.1099735233696647
2014-02-26 09:07:00,40.518,0.08209576592510001,0.0,0,-0.10997417700326616,-0.21994835400653232,-0.10997417700326616
2014-02-26 09:12:00,38.004,0.08209576592510001,0.0,0,-0.10997481450233826,-0.21994962900467646,-0.10997481450233826
2014-02-26 09:17:00,38.474000000000004,0.08209576592510001,0.0,0,-0.1099754362650615,-0.21995087253012302,-0.1099754362650615
2014-02-26 09:22:00,37.324,0.08209576592510001,0.0,0,-0.10997604267979416,-0.2199520853595883,-0.10997604267979415
2014-02-26 09:27:00,38.99,0.08209576592510001,0.0,0,-0.10997663412531436,-0.21995326825062875,-0.10997663412531437
2014-02-26 09:32:00,36.808,0.08209576592510001,0.0,0,-0.10997721097105627,-0.21995442194211254,-0.10997721097105628
2014-02-26 09:37:00,38.098,0.08209576592510001,0.0,0,-0.1099777735773403,-0.2199555471546806,-0.1099777735773403
2014-02-26 09:42:00,38.478,0.08209576592510001,0.0,0,-0.10997832229559776,-0.21995664459119552,-0.10997832229559776
2014-02-26 09:47:00,39.455999999999996,0.08318035664260001,0.0,0,-0.10997885746859012,-0.21995771493718025,-0.10997885746859012
2014-02-26 09:52:00,38.316,0.08318035664260001,0.0,0,-0.10997937943062257,-0.2199587588612451,-0.10997937943062255
2014-02-26 09:57:00,39.766,0.08318035664260001,0.0,0,-0.10997988850775252,-0.21995977701550504,-0.10997988850775253
2014-02-26 10:02:00,38.028,0.08318035664260001,0.0,0,-0.10998038501799304,-0.2199607700359861,-0.10998038501799305
2014-02-26 10:07:00,39.775999999999996,0.08318035664260001,0.0,0,-0.10998086927151106,-0.21996173854302206,-0.10998086927151106
2014-02-26 10:12:00,37.84,0.08318035664260001,0.0,0,-0.10998134157082083,-0.21996268314164166,-0.10998134157082082
2014-02-26 10:17:00,38.14,0.08318035664260001,0.0,0,-0.10998180221097263,-0.21996360442194526,-0.10998180221097263
2014-02-26 10:22:00,38.146,0.08318035664260001,0.0,0,-0.10998225147973688,-0.21996450295947376,-0.10998225147973688
2014-02-26 10:27:00,37.794000000000004,0.08318035664260001,0.0,0,-0.10998268965778353,-0.21996537931556706,-0.10998268965778352
2014-02-26 10:32:00,38.732,0.08318035664260001,0.0,0,-0.1099831170188571,-0.2199662340377142,-0.1099831170188571
2014-02-26 10:37:00,37.934,0.08318035664260001,0.0,0,-0.10998353382994766,-0.21996706765989527,-0.10998353382994766
2014-02-26 10:42:00,37.788000000000004,0.08318035664260001,0.0,0,-0.10998394035145724,-0.21996788070291445,-0.10998394035145723
2014-02-26 10:47:00,37.916,0.08318035664260001,0.0,0,-0.10998433683736224,-0.2199686736747245,-0.10998433683736225
2014-02-26 10:52:00,36.81,0.08318035664260001,0.0,0,-0.1099847235353721,-0.2199694470707442,-0.1099847235353721
2014-02-26 10:57:00,39.954,0.08318035664260001,0.0,0,-0.10998510068708366,-0.2199702013741673,-0.10998510068708366
2014-02-26 11:02:00,37.958,0.08318035664260001,0.0,0,-0.10998546852813196,-0.21997093705626394,-0.10998546852813197
2014-02-26 11:07:00,39.61,0.08318035664260001,0.0,0,-0.10998582728833743,-0.21997165457667486,-0.10998582728833742
2014-02-26 11:12:00,38.098,0.08318035664260001,0.0,0,-0.10998617719184904,-0.21997235438369805,-0.10998617719184903
2014-02-26 11:17:00,38.016,0.08318035664260001,0.0,0,-0.10998651845728434,-0.21997303691456868,-0.10998651845728434
2014-02-26 11:22:00,37.676,0.08318035664260001,0.0,0,-0.10998685129786598,-0.219973702595732,-0.10998685129786598
2014-02-26 11:27:00,37.816,0.08318035664260001,0.0,0,-0.10998717592155456,-0.2199743518431091,-0.10998717592155455
2014-02-26 11:32:00,37.746,0.08318035664260001,0.0,0,-0.10998749253117857,-0.21997498506235716,-0.10998749253117857
2014-02-26 11:37:00,39.084,0.08318035664260001,0.0,0,-0.109987801324561,-0.219975602649122,-0.10998780132456099
2014-02-26 11:42:00,37.004,0.08318035664260001,0.0,0,-0.10998810249464268,-0.21997620498928536,-0.10998810249464269
2014-02-26 11:47:00,38.662,0.08318035664260001,0.0,0,-0.10998839622960292,-0.21997679245920584,-0.10998839622960291
2014-02-26 11:52:00,38.052,0.08318035664260001,0.0,0,-0.10998868271297672,-0.21997736542595345,-0.10998868271297671
2014-02-26 11:57:00,39.918,0.08318035664260001,0.0,0,-0.10998896212376956,-0.21997792424753915,-0.10998896212376957
2014-02-26 12:02:00,38.356,0.08318035664260001,0.0,0,-0.10998923463656908,-0.21997846927313816,-0.10998923463656908
2014-02-26 12:07:00,39.742,0.08318035664260001,0.0,0,-0.10998950042165394,-0.21997900084330788,-0.10998950042165394
2014-02-26 12:12:00,37.926,0.08318035664260001,0.0,0,-0.10998975964510033,-0.21997951929020065,-0.10998975964510031
2014-02-26 12:17:00,36.314,0.08318035664260001,0.0,0,-0.10999001246888546,-0.2199800249377709,-0.10999001246888546
2014-02-26 12:22:00,38.076,0.08318035664260001,0.0,0,-0.10999025905098887,-0.21998051810197775,-0.10999025905098889
2014-02-26 12:27:00,38.146,0.08318035664260001,0.0,0,-0.10999049954549098,-0.21998099909098195,-0.10999049954549098
2014-02-26 12:32:00,37.864000000000004,0.08318035664260001,0.0,0,-0.10999073410266914,-0.2199814682053383,-0.10999073410266914
2014-02-26 12:37:00,37.77,0.08318035664260001,0.0,0,-0.10999096286909177,-0.2199819257381835,-0.10999096286909175
2014-02-26 12:42:00,38.616,0.08318035664260001,0.0,0,-0.10999118598770956,-0.21998237197541914,-0.10999118598770957
2014-02-26 12:47:00,37.141999999999996,0.08318035664260001,0.0,0,-0.10999140359794504,-0.21998280719589008,-0.10999140359794504
2014-02-26 12:52:00,38.31,0.08318035664260001,0.0,0,-0.10999161583577936,-0.21998323167155875,-0.10999161583577936
2014-02-26 12:57:00,40.304,0.08318035664260001,0.0,0,-0.10999182283383736,-0.21998364566767475,-0.10999182283383736
2014-02-26 13:02:00,38.216,0.08318035664260001,0.0,0,-0.10999202472147034,-0.21998404944294067,-0.10999202472147034
2014-02-26 13:07:00,40.046,0.08318035664260001,0.0,0,-0.10999222162483682,-0.21998444324967364,-0.10999222162483682
2014-02-26 13:12:00,38.192,0.08318035664260001,0.0,0,-0.1099924136669814,-0.2199848273339628,-0.1099924136669814
2014-02-26 13:17:00,38.968,0.08318035664260001,0.0,0,-0.1099926009679115,-0.219985201935823,-0.1099926009679115
2014-02-26 13:22:00,37.724000000000004,0.08318035664260001,0.0,0,-0.10999278364467237,-0.21998556728934476,-0.10999278364467237
2014-02-26 13:27:00,37.79,0.08318035664260001,0.0,0,-0.1099929618114202,-0.2199859236228404,-0.1099929618114202
2014-02-26 13:32:00,37.77,0.08318035664260001,0.0,0,-0.10999313557949332,-0.21998627115898667,-0.10999313557949333
2014-02-26 13:37:00,38.192,0.08318035664260001,0.0,0,-0.10999330505748188,-0.21998661011496376,-0.10999330505748188
2014-02-26 13:42:00,39.418,0.08318035664260001,0.0,0,-0.1099934703512955,-0.219986940702591,-0.1099934703512955
2014-02-26 13:47:00,37.571999999999996,0.08318035664260001,0.0,0,-0.10999363156422964,-0.21998726312845926,-0.10999363156422962
2014-02-26 13:52:00,38.216,0.08318035664260001,0.0,0,-0.10999378879702976,-0.2199875775940596,-0.10999378879702978
2014-02-26 13:57:00,40.33,0.08318035664260001,0.0,0,-0.1099939421479548,-0.2199878842959096,-0.1099939421479548
2014-02-26 14:02:00,38.792,0.08318035664260001,0.0,0,-0.1099940917128379,-0.2199881834256758,-0.1099940917128379
2014-02-26 14:07:00,40.162,0.08318035664260001,0.0,0,-0.1099942375851468,-0.2199884751702936,-0.1099942375851468
2014-02-26 14:12:00,38.49800000000001,0.08318035664260001,0.0,0,-0.1099943798560419,-0.2199887597120838,-0.1099943798560419
2014-02-26 14:17:00,38.076,0.08318035664260001,0.0,0,-0.10999451861443332,-0.21998903722886665,-0.10999451861443332
2014-02-26 14:22:00,37.982,0.08318035664260001,0.0,0,-0.10999465394703647,-0.21998930789407292,-0.10999465394703647
2014-02-26 14:27:00,37.874,0.08318035664260001,0.0,0,-0.10999478593842614,-0.21998957187685228,-0.10999478593842614
2014-02-26 14:32:00,37.88800000000001,0.08318035664260001,0.0,0,-0.10999491467108936,-0.2199898293421787,-0.10999491467108935
2014-02-26 14:37:00,38.071999999999996,0.08318035664260001,0.0,0,-0.1099950402254769,-0.2199900804509538,-0.1099950402254769
2014-02-26 14:42:00,37.278,0.08318035664260001,0.0,0,-0.10999516268005363,-0.21999032536010726,-0.10999516268005363
2014-02-26 14:47:00,38.262,0.08318035664260001,0.0,0,-0.1099952821113474,-0.2199905642226948,-0.10999528211134739
2014-02-26 14:52:00,36.938,0.08318035664260001,0.0,0,-0.10999539859399693,-0.21999079718799386,-0.10999539859399693
2014-02-26 14:57:00,39.906,0.08318035664260001,0.0,0,-0.10999551220079842,-0.21999102440159685,-0.10999551220079842
2014-02-26 15:02:00,37.37,0.08318035664260001,0.0,0,-0.10999562300275098,-0.219991246005502,-0.10999562300275101
2014-02-26 15:07:00,41.141999999999996,0.08318035664260001,0.0,0,-0.10999573106910114,-0.21999146213820228,-0.10999573106910114
2014-02-26 15:12:00,36.832,0.08318035664260001,0.0,0,-0.10999583646738588,-0.21999167293477176,-0.10999583646738588
2014-02-26 15:17:00,38.24,0.08318035664260001,0.0,0,-0.10999593926347496,-0.2199918785269499,-0.10999593926347495
2014-02-26 15:22:00,36.864000000000004,0.08318035664260001,0.0,0,-0.10999603952161208,-0.21999207904322415,-0.10999603952161209
2014-02-26 15:27:00,37.88800000000001,0.08318035664260001,0.0,0,-0.10999613730445502,-0.21999227460891005,-0.10999613730445502
2014-02-26 15:32:00,37.09,0.08318035664260001,0.0,0,-0.1099962326731147,-0.2199924653462294,-0.1099962326731147
2014-02-26 15:37:00,38.076,0.08318035664260001,0.0,0,-0.10999632568719342,-0.21999265137438684,-0.10999632568719342
2014-02-26 15:42:00,38.63800000000001,0.08318035664260001,0.0,0,-0.10999641640482212,-0.21999283280964424,-0.10999641640482212
2014-02-26 15:47:00,39.108000000000004,0.08318035664260001,0.0,0,-0.10999650488269663,-0.2199930097653933,-0.10999650488269665
2014-02-26 15:52:00,38.78,0.08318035664260001,0.0,0,-0.10999659117611324,-0.21999318235222648,-0.10999659117611324
2014-02-26 15:57:00,39.084,0.08318035664260001,0.0,0,-0.10999667533900298,-0.219993350678006,-0.10999667533900298
2014-02-26 16:02:00,37.934,0.08318035664260001,0.0,0,-0.1099967574239656,-0.21999351484793125,-0.10999675742396561
2014-02-26 16:07:00,39.548,0.08318035664260001,0.0,0,-0.1099968374823023,-0.2199936749646046,-0.1099968374823023
2014-02-26 16:12:00,37.464,0.07738167053089999,0.0250000003725,0,-0.10999691556404774,-0.21999383112809548,-0.10999691556404774
2014-02-26 16:17:00,37.786,0.07738167053089999,0.0,0,-0.1099969917180014,-0.2199939834360028,-0.1099969917180014
2014-02-26 16:22:00,37.536,0.0718467655449,0.0250000003725,0,-0.10999706599175804,-0.21999413198351608,-0.10999706599175803
2014-02-26 16:27:00,37.578,0.0718467655449,0.0,0,-0.10999713843173738,-0.21999427686347475,-0.10999713843173738
2014-02-26 16:32:00,37.562,0.0718467655449,0.0,0,-0.10999720908321324,-0.21999441816642645,-0.10999720908321323
2014-02-26 16:37:00,37.676,0.0718467655449,0.0,0,-0.10999727799034162,-0.21999455598068324,-0.10999727799034162
2014-02-26 16:42:00,37.806,0.0718467655449,0.0,0,-0.10999734519618856,-0.2199946903923771,-0.10999734519618855
2014-02-26 16:47:00,37.536,0.0718467655449,0.0,0,-0.10999741074275676,-0.2199948214855135,-0.10999741074275675
2014-02-26 16:52:00,37.216,0.0718467655449,0.0,0,-0.10999747467101204,-0.2199949493420241,-0.10999747467101205
2014-02-26 16:57:00,39.178000000000004,0.0718467655449,0.0,0,-0.10999753702090888,-0.21999507404181776,-0.10999753702090888
2014-02-26 17:02:00,38.076,0.07738167053089999,0.0,0,-0.10999759783141533,-0.21999519566283066,-0.10999759783141531
2014-02-26 17:07:00,39.778,0.07738167053089999,0.0,0,-0.1099976571405374,-0.2199953142810748,-0.10999765714053739
2014-02-26 17:12:00,38.178000000000004,0.08318035664260001,0.0,0,-0.1099977149853428,-0.2199954299706856,-0.1099977149853428
2014-02-26 17:17:00,37.88800000000001,0.08318035664260001,0.0,0,-0.1099977714019842,-0.2199955428039684,-0.1099977714019842
2014-02-26 17:22:00,37.864000000000004,0.08318035664260001,0.0,0,-0.10999782642572163,-0.21999565285144326,-0.10999782642572163
2014-02-26 17:27:00,37.82,0.08318035664260001,0.0,0,-0.10999788009094466,-0.21999576018188927,-0.10999788009094466
2014-02-26 17:32:00,38.99,0.08318035664260001,0.0,0,-0.10999793243119384,-0.21999586486238767,-0.10999793243119384
2014-02-26 17:37:00,37.111999999999995,0.08318035664260001,0.0,0,-0.10999798347918163,-0.21999596695836326,-0.10999798347918163
2014-02-26 17:42:00,37.488,0.08318035664260001,0.0,0,-0.10999803326681296,-0.2199960665336259,-0.10999803326681296
2014-02-26 17:47:00,39.308,0.08318035664260001,0.0,0,-0.10999808182520496,-0.21999616365040991,-0.10999808182520496
2014-02-26 17:52:00,37.442,0.08318035664260001,0.0,0,-0.10999812918470668,-0.21999625836941333,-0.10999812918470667
2014-02-26 17:57:00,40.68,0.08318035664260001,0.0,0,-0.10999817537491777,-0.2199963507498355,-0.10999817537491775
2014-02-26 18:02:00,37.251999999999995,0.08318035664260001,0.0,0,-0.10999822042470714,-0.21999644084941428,-0.10999822042470714
2014-02-26 18:07:00,40.028,0.0842602679294,0.0,0,-0.10999826436223102,-0.21999652872446204,-0.10999826436223102
2014-02-26 18:12:00,37.934,0.0842602679294,0.0,0,-0.10999830721495048,-0.21999661442990096,-0.10999830721495049
2014-02-26 18:17:00,37.686,0.0842602679294,0.0,0,-0.10999834900964864,-0.21999669801929728,-0.10999834900964864
2014-02-26 18:22:00,39.794000000000004,0.0842602679294,0.0,0,-0.10999838977244727,-0.21999677954489455,-0.10999838977244729
2014-02-26 18:27:00,35.596,0.0842602679294,0.0,0,-0.10999842952882342,-0.21999685905764685,-0.10999842952882342
2014-02-26 18:32:00,37.722,0.0842602679294,0.0,0,-0.10999846830362496,-0.21999693660724995,-0.10999846830362497
2014-02-26 18:37:00,38.31,0.0842602679294,0.0,0,-0.1099985061210864,-0.21999701224217286,-0.10999850612108641
2014-02-26 18:42:00,38.666,0.0842602679294,0.0,0,-0.10999854300484396,-0.2199970860096879,-0.10999854300484395
2014-02-26 18:47:00,36.571999999999996,0.0842602679294,0.0,0,-0.10999857897795016,-0.21999715795590036,-0.10999857897795016
2014-02-26 18:52:00,37.88800000000001,0.0842602679294,0.0,0,-0.10999861406288856,-0.2199972281257771,-0.10999861406288855
2014-02-26 18:57:00,40.61,0.0842602679294,0.0,0,-0.10999864828158752,-0.21999729656317504,-0.10999864828158752
2014-02-26 19:02:00,37.705999999999996,0.0842602679294,0.0,0,-0.10999868165543404,-0.21999736331086808,-0.10999868165543404
2014-02-26 19:07:00,40.376,0.0842602679294,0.0,0,-0.10999871420528712,-0.21999742841057424,-0.10999871420528712
2014-02-26 19:12:00,37.698,0.0842602679294,0.0,0,-0.10999874595149073,-0.21999749190298146,-0.10999874595149071
2014-02-26 19:17:00,38.146,0.0842602679294,0.0,0,-0.1099987769138866,-0.2199975538277732,-0.1099987769138866
2014-02-26 19:22:00,37.746,0.0842602679294,0.0,0,-0.1099988071118266,-0.2199976142236532,-0.1099988071118266
2014-02-26 19:27:00,38.662,0.0842602679294,0.0,0,-0.10999883656418476,-0.2199976731283696,-0.10999883656418478
2014-02-26 19:32:00,36.76,0.0842602679294,0.0,0,-0.10999886528936924,-0.2199977305787385,-0.10999886528936925
2014-02-26 19:37:00,36.972,0.0842602679294,0.0,0,-0.10999889330533362,-0.21999778661066724,-0.10999889330533362
2014-02-26 19:42:00,38.522,0.0842602679294,0.0,0,-0.1099989206295882,-0.21999784125917646,-0.10999892062958821
2014-02-26 19:47:00,39.455999999999996,0.0842602679294,0.0,0,-0.10999894727921113,-0.21999789455842225,-0.10999894727921113
2014-02-26 19:52:00,38.286,0.0842602679294,0.0,0,-0.10999897327085872,-0.21999794654171745,-0.10999897327085871
2014-02-26 19:57:00,39.882,0.0842602679294,0.0,0,-0.10999899862077614,-0.21999799724155228,-0.10999899862077614
2014-02-26 20:02:00,38.098,0.0842602679294,0.0,0,-0.10999902334480753,-0.21999804668961506,-0.10999902334480752
2014-02-26 20:07:00,39.788000000000004,0.0842602679294,0.0,0,-0.10999904745840572,-0.21999809491681147,-0.10999904745840573
2014-02-26 20:12:00,37.954,0.0842602679294,0.0,0,-0.10999907097664216,-0.21999814195328435,-0.10999907097664217
2014-02-26 20:17:00,38.001999999999995,0.0842602679294,0.0,0,-0.10999909391421614,-0.21999818782843228,-0.10999909391421614
2014-02-26 20:22:00,37.864000000000004,0.0842602679294,0.0,0,-0.10999911628546398,-0.219998232570928,-0.10999911628546398
2014-02-26 20:27:00,37.652,0.0842602679294,0.0,0,-0.10999913810436816,-0.2199982762087363,-0.10999913810436815
2014-02-26 20:32:00,39.014,0.0842602679294,0.0,0,-0.1099991593845658,-0.2199983187691316,-0.10999915938456581
2014-02-26 20:37:00,36.598,0.0842602679294,0.0,0,-0.10999918013935747,-0.21999836027871494,-0.10999918013935749
2014-02-26 20:42:00,39.018,0.0842602679294,0.0,0,-0.10999920038171528,-0.21999840076343055,-0.10999920038171529
2014-02-26 20:47:00,36.455999999999996,0.0842602679294,0.0,0,-0.1099992201242911,-0.2199984402485822,-0.1099992201242911
2014-02-26 20:52:00,37.88800000000001,0.0842602679294,0.0,0,-0.1099992393794244,-0.2199984787588488,-0.1099992393794244
2014-02-26 20:57:00,39.68,0.0842602679294,0.0,0,-0.10999925815915,-0.2199985163183,-0.10999925815914999
2014-02-26 21:02:00,37.91,0.0842602679294,0.0,0,-0.1099992764752056,-0.2199985529504112,-0.1099992764752056
2014-02-26 21:07:00,40.328,0.0842602679294,0.0,0,-0.10999929433903913,-0.21999858867807826,-0.10999929433903911
2014-02-26 21:12:00,38.052,0.0842602679294,0.0,0,-0.10999931176181582,-0.21999862352363164,-0.10999931176181582
2014-02-26 21:17:00,37.934,0.0842602679294,0.0,0,-0.10999932875442528,-0.21999865750885056,-0.10999932875442528
2014-02-26 21:22:00,37.558,0.0842602679294,0.0,0,-0.10999934532748826,-0.2199986906549765,-0.10999934532748826
2014-02-26 21:27:00,37.864000000000004,0.0842602679294,0.0,0,-0.10999936149136326,-0.21999872298272646,-0.10999936149136326
2014-02-26 21:32:00,37.512,0.0842602679294,0.0,0,-0.10999937725615304,-0.21999875451230608,-0.10999937725615304
2014-02-26 21:37:00,37.77,0.0842602679294,0.0,0,-0.10999939263171096,-0.2199987852634219,-0.10999939263171095
2014-02-26 21:42:00,38.144,0.0842602679294,0.0,0,-0.10999940762764708,-0.21999881525529413,-0.10999940762764707
2014-02-26 21:47:00,38.262,0.0842602679294,0.0,0,-0.10999942225333416,-0.21999884450666835,-0.10999942225333417
2014-02-26 21:52:00,38.012,0.0842602679294,0.0,0,-0.10999943651791363,-0.21999887303582727,-0.10999943651791363
2014-02-26 21:57:00,39.812,0.0842602679294,0.0,0,-0.10999945043030117,-0.2199989008606023,-0.10999945043030115
2014-02-26 22:02:00,38.286,0.0842602679294,0.0,0,-0.10999946399919233,-0.21999892799838466,-0.10999946399919232
2014-02-26 22:07:00,39.94,0.0842602679294,0.0,0,-0.10999947723306797,-0.21999895446613596,-0.10999947723306797
2014-02-26 22:12:00,37.794000000000004,0.0842602679294,0.0,0,-0.1099994901401996,-0.2199989802803992,-0.1099994901401996
2014-02-26 22:17:00,37.578,0.0842602679294,0.0,0,-0.10999950272865447,-0.21999900545730894,-0.10999950272865447
2014-02-26 22:22:00,37.91,0.0842602679294,0.0,0,-0.10999951500630066,-0.21999903001260127,-0.10999951500630066
2014-02-26 22:27:00,38.2,0.0842602679294,0.0,0,-0.10999952698081204,-0.21999905396162406,-0.10999952698081202
2014-02-26 22:32:00,37.16,0.0842602679294,0.0,0,-0.1099995386596729,-0.2199990773193458,-0.1099995386596729
2014-02-26 22:37:00,37.982,0.0842602679294,0.0,0,-0.10999955005018286,-0.21999910010036566,-0.10999955005018286
2014-02-26 22:42:00,37.434,0.0842602679294,0.0,0,-0.10999956115946127,-0.21999912231892252,-0.10999956115946127
2014-02-26 22:47:00,37.746,0.0842602679294,0.0,0,-0.10999957199445168,-0.21999914398890336,-0.10999957199445169
2014-02-26 22:52:00,37.77,0.0842602679294,0.0,0,-0.10999958256192628,-0.21999916512385256,-0.10999958256192628
2014-02-26 22:57:00,40.094,0.0842602679294,0.0,0,-0.10999959286848997,-0.21999918573697996,-0.10999959286848997
2014-02-26 23:02:00,37.884,0.0842602679294,0.0,0,-0.10999960292058462,-0.21999920584116925,-0.10999960292058462
2014-02-26 23:07:00,40.256,0.0842602679294,0.0,0,-0.10999961272449306,-0.21999922544898606,-0.10999961272449306
2014-02-26 23:12:00,37.91,0.0842602679294,0.0,0,-0.10999962228634297,-0.219999244572686,-0.10999962228634298
2014-02-26 23:17:00,38.334,0.0842602679294,0.0,0,-0.1099996316121108,-0.2199992632242216,-0.1099996316121108
2014-02-26 23:22:00,37.42,0.0842602679294,0.0,0,-0.10999964070762533,-0.21999928141525066,-0.10999964070762533
2014-02-26 23:27:00,37.934,0.0842602679294,0.0,0,-0.10999964957857154,-0.21999929915714309,-0.10999964957857154
2014-02-26 23:32:00,37.746,0.0842602679294,0.0,0,-0.109999658230494,-0.219999316460988,-0.10999965823049399
2014-02-26 23:37:00,38.508,0.0842602679294,0.0,0,-0.10999966666880036,-0.21999933333760074,-0.10999966666880037
2014-02-26 23:42:00,37.582,0.0842602679294,0.0,0,-0.10999967489876486,-0.21999934979752966,-0.10999967489876486
2014-02-26 23:47:00,38.944,0.0842602679294,0.0,0,-0.1099996829255314,-0.2199993658510628,-0.10999968292553139
2014-02-26 23:52:00,37.438,0.0842602679294,0.0,0,-0.10999969075411688,-0.21999938150823375,-0.10999969075411689
2014-02-26 23:57:00,40.902,0.0842602679294,0.0,0,-0.1099996983894145,-0.219999396778829,-0.1099996983894145
2014-02-27 00:02:00,37.3,0.0842602679294,0.0,0,-0.10999970583619643,-0.21999941167239287,-0.10999970583619643
2014-02-27 00:07:00,40.634,0.0842602679294,0.0,0,-0.10999971309911714,-0.2199994261982343,-0.10999971309911714
2014-02-27 00:12:00,36.924,0.0842602679294,0.0,0,-0.10999972018271616,-0.21999944036543234,-0.10999972018271617
2014-02-27 00:17:00,36.496,0.0842602679294,0.0,0,-0.10999972709142096,-0.21999945418284192,-0.10999972709142096
2014-02-27 00:22:00,38.014,0.0842602679294,0.0,0,-0.10999973382954964,-0.21999946765909925,-0.10999973382954963
2014-02-27 00:27:00,37.816,0.0842602679294,0.0,0,-0.1099997404013137,-0.2199994808026274,-0.1099997404013137
2014-02-27 00:32:00,37.724000000000004,0.0842602679294,0.0,0,-0.10999974681082074,-0.21999949362164148,-0.10999974681082074
2014-02-27 00:37:00,37.742,0.0842602679294,0.0,0,-0.10999975306207682,-0.21999950612415364,-0.10999975306207682
2014-02-27 00:42:00,38.004,0.0842602679294,0.0,0,-0.1099997591589892,-0.2199995183179784,-0.1099997591589892
2014-02-27 00:47:00,37.354,0.0842602679294,0.0,0,-0.1099997651053686,-0.2199995302107372,-0.10999976510536859
2014-02-27 00:52:00,38.104,0.0842602679294,0.0,0,-0.10999977090493168,-0.21999954180986334,-0.10999977090493167
2014-02-27 00:57:00,39.858000000000004,0.0842602679294,0.0,0,-0.10999977656130333,-0.21999955312260666,-0.10999977656130332
2014-02-27 01:02:00,37.718,0.0842602679294,0.0,0,-0.10999978207801893,-0.21999956415603786,-0.10999978207801892
2014-02-27 01:07:00,39.74800000000001,0.0842602679294,0.0,0,-0.1099997874585266,-0.2199995749170532,-0.10999978745852661
2014-02-27 01:12:00,37.84,0.0842602679294,0.0,0,-0.10999979270618934,-0.21999958541237868,-0.10999979270618934
2014-02-27 01:17:00,38.146,0.0842602679294,0.0,0,-0.10999979782428708,-0.21999959564857413,-0.10999979782428707
2014-02-27 01:22:00,37.958,0.0842602679294,0.0,0,-0.10999980281601872,-0.21999960563203744,-0.10999980281601872
2014-02-27 01:27:00,38.004,0.0842602679294,0.0,0,-0.10999980768450432,-0.21999961536900864,-0.10999980768450432
2014-02-27 01:32:00,38.164,0.0842602679294,0.0,0,-0.10999981243278677,-0.21999962486557356,-0.10999981243278677
2014-02-27 01:37:00,38.57,0.0842602679294,0.0,0,-0.10999981706383392,-0.21999963412766785,-0.10999981706383391
2014-02-27 01:42:00,38.708,0.0842602679294,0.0,0,-0.10999982158054028,-0.21999964316108056,-0.10999982158054028
2014-02-27 01:47:00,39.084,0.0842602679294,0.0,0,-0.10999982598572897,-0.21999965197145796,-0.10999982598572897
2014-02-27 01:52:00,37.084,0.0842602679294,0.0,0,-0.1099998302821533,-0.2199996605643066,-0.1099998302821533
2014-02-27 01:57:00,40.046,0.0842602679294,0.0,0,-0.10999983447249873,-0.21999966894499745,-0.10999983447249871
2014-02-27 02:02:00,38.14,0.0842602679294,0.0,0,-0.10999983855938428,-0.21999967711876856,-0.10999983855938428
2014-02-27 02:07:00,39.978,0.0842602679294,0.0,0,-0.10999984254536443,-0.21999968509072887,-0.10999984254536443
2014-02-27 02:12:00,38.122,0.0842602679294,0.0,0,-0.10999984643293052,-0.21999969286586105,-0.10999984643293052
2014-02-27 02:17:00,38.012,0.0842602679294,0.0,0,-0.1099998502245124,-0.2199997004490248,-0.1099998502245124
2014-02-27 02:22:00,37.816,0.0842602679294,0.0,0,-0.10999985392247992,-0.21999970784495984,-0.10999985392247992
2014-02-27 02:27:00,37.84,0.0853263920666,0.0,0,-0.1099998575291444,-0.2199997150582888,-0.10999985752914439
2014-02-27 02:32:00,38.198,0.0853263920666,0.0,0,-0.10999986104676013,-0.21999972209352026,-0.10999986104676013
2014-02-27 02:37:00,37.816,0.0853263920666,0.0,0,-0.10999986447752573,-0.21999972895505146,-0.10999986447752573
2014-02-27 02:42:00,37.594,0.0853263920666,0.0,0,-0.10999986782358552,-0.21999973564717107,-0.10999986782358553
2014-02-27 02:47:00,37.594,0.0853263920666,0.0,0,-0.10999987108703092,-0.21999974217406185,-0.10999987108703092
2014-02-27 02:52:00,38.275999999999996,0.0853263920666,0.0,0,-0.10999987426990164,-0.2199997485398033,-0.10999987426990165
2014-02-27 02:57:00,39.842,0.0853263920666,0.0,0,-0.10999987737418712,-0.21999975474837424,-0.10999987737418711
2014-02-27 03:02:00,37.844,0.0853263920666,0.0,0,-0.10999988040182758,-0.2199997608036552,-0.10999988040182758
2014-02-27 03:07:00,39.698,0.0853263920666,0.0,0,-0.1099998833547154,-0.2199997667094308,-0.1099998833547154
2014-02-27 03:12:00,38.251999999999995,0.0853263920666,0.0,0,-0.10999988623469624,-0.2199997724693925,-0.10999988623469625
2014-02-27 03:17:00,37.536,0.0853263920666,0.0,0,-0.1099998890435702,-0.2199997780871404,-0.10999988904357019
2014-02-27 03:22:00,38.49800000000001,0.0853263920666,0.0,0,-0.10999989178309287,-0.2199997835661857,-0.10999989178309287
2014-02-27 03:27:00,37.348,0.0853263920666,0.0,0,-0.10999989445497654,-0.2199997889099531,-0.10999989445497654
2014-02-27 03:32:00,38.024,0.0853263920666,0.0,0,-0.10999989706089122,-0.21999979412178244,-0.10999989706089122
2014-02-27 03:37:00,40.234,0.0853263920666,0.0,0,-0.10999989960246573,-0.21999979920493146,-0.10999989960246573
2014-02-27 03:42:00,39.154,0.0853263920666,0.0,0,-0.10999990208128856,-0.2199998041625772,-0.10999990208128858
2014-02-27 03:47:00,38.052,0.0853263920666,0.0,0,-0.10999990449890913,-0.21999980899781826,-0.10999990449890912
2014-02-27 03:52:00,38.988,0.0853263920666,0.0,0,-0.10999990685683847,-0.2199998137136769,-0.10999990685683847
2014-02-27 03:57:00,39.922,0.0853263920666,0.0,0,-0.10999990915655036,-0.21999981831310075,-0.10999990915655036
2014-02-27 04:02:00,38.001999999999995,0.0853263920666,0.0,0,-0.10999991139948223,-0.21999982279896446,-0.10999991139948222
2014-02-27 04:07:00,39.578,0.0853263920666,0.0,0,-0.10999991358703594,-0.21999982717407188,-0.10999991358703594
2014-02-27 04:12:00,38.098,0.0853263920666,0.0,0,-0.1099999157205788,-0.2199998314411576,-0.10999991572057881
2014-02-27 04:17:00,37.68,0.0853263920666,0.0,0,-0.10999991780144436,-0.21999983560288872,-0.10999991780144436
2014-02-27 04:22:00,38.286,0.0853263920666,0.0,0,-0.10999991983093316,-0.2199998396618664,-0.10999991983093318
2014-02-27 04:27:00,37.278,0.0853263920666,0.0,0,-0.1099999218103138,-0.2199998436206276,-0.10999992181031379
2014-02-27 04:32:00,37.816,0.0853263920666,0.0,0,-0.10999992374082336,-0.21999984748164672,-0.10999992374082336
2014-02-27 04:37:00,37.582,0.0853263920666,0.0,0,-0.10999992562366848,-0.21999985124733695,-0.10999992562366849
2014-02-27 04:42:00,37.652,0.0853263920666,0.0,0,-0.10999992746002607,-0.2199998549200521,-0.10999992746002607
2014-02-27 04:47:00,38.592,0.0853263920666,0.0,0,-0.10999992925104383,-0.21999985850208767,-0.10999992925104383
2014-02-27 04:52:00,36.876,0.0853263920666,0.0,0,-0.10999993099784122,-0.21999986199568244,-0.10999993099784122
2014-02-27 04:57:00,39.296,0.0853263920666,0.0,0,-0.10999993270151008,-0.21999986540302016,-0.10999993270151008
2014-02-27 05:02:00,38.426,0.0853263920666,0.0,0,-0.11,-0.22,-0.11
2014-02-27 05:07:00,39.108000000000004,0.0853263920666,0.0,0,-0.11,-0.22,-0.11
2014-02-27 05:12:00,38.052,0.0853263920666,0.0,0,-0.11,-0.22,-0.11
2014-02-27 05:17:00,37.512,0.0853263920666,0.0,0,-0.11,-0.22,-0.11
2014-02-27 05:22:00,38.098,0.0853263920666,0.0,0,-0.11,-0.22,-0.11
2014-02-27 05:27:00,37.484,0.0853263920666,0.0,0,-0.11,-0.22,-0.11
2014-02-27 05:32:00,38.336,0.0853263920666,0.0,0,-0.11,-0.22,-0.11
2014-02-27 05:37:00,37.37,0.0853263920666,0.0,0,-0.11,-0.22,-0.11
2014-02-27 05:42:00,39.04,0.0853263920666,0.0,0,-0.11,-0.22,-0.11
2014-02-27 05:47:00,37.686,0.0853263920666,0.0,0,-0.11,-0.22,-0.11
2014-02-27 05:52:00,37.864000000000004,0.0853263920666,0.0,0,-0.11,-0.22,-0.11
2014-02-27 05:57:00,40.048,0.0853263920666,0.0,0,-0.11,-0.22,-0.11
2014-02-27 06:02:00,38.052,0.0853263920666,0.0,0,-0.11,-0.22,-0.11
2014-02-27 06:07:00,39.694,0.0853263920666,0.0,0,-0.11,-0.22,-0.11
2014-02-27 06:12:00,38.192,0.0853263920666,0.0,0,-0.11,-0.22,-0.11
2014-02-27 06:17:00,37.934,0.0853263920666,0.0,0,-0.11,-0.22,-0.11
2014-02-27 06:22:00,37.794000000000004,0.0853263920666,0.0,0,-0.11,-0.22,-0.11
2014-02-27 06:27:00,39.076,0.0853263920666,0.0,0,-0.11,-0.22,-0.11
2014-02-27 06:32:00,36.408,0.0853263920666,0.0,0,-0.11,-0.22,-0.11
2014-02-27 06:37:00,38.592,0.0853263920666,0.0,0,-0.11,-0.22,-0.11
2014-02-27 06:42:00,37.016,0.0853263920666,0.0,0,-0.11,-0.22,-0.11
2014-02-27 06:47:00,37.958,0.0853263920666,0.0,0,-0.11,-0.22,-0.11
2014-02-27 06:52:00,37.982,0.0853263920666,0.0,0,-0.11,-0.22,-0.11
2014-02-27 06:57:00,40.372,0.0853263920666,0.0,0,-0.11,-0.22,-0.11
2014-02-27 07:02:00,38.052,0.0853263920666,0.0,0,-0.11,-0.22,-0.11
2014-02-27 07:07:00,38.45,0.0853263920666,0.0,0,-0.11,-0.22,-0.11
2014-02-27 07:12:00,38.286,0.0853263920666,0.0,0,-0.11,-0.22,-0.11
2014-02-27 07:17:00,39.132,0.0853263920666,0.0,0,-0.11,-0.22,-0.11
2014-02-27 07:22:00,36.996,0.0853263920666,0.0,0,-0.11,-0.22,-0.11
2014-02-27 07:27:00,37.536,0.0853263920666,0.0,0,-0.11,-0.22,-0.11
2014-02-27 07:32:00,39.024,0.0853263920666,0.0,0,-0.11,-0.22,-0.11
2014-02-27 07:37:00,36.76,0.0853263920666,0.0,0,-0.11,-0.22,-0.11
2014-02-27 07:42:00,38.086,0.0853263920666,0.0,0,-0.11,-0.22,-0.11
2014-02-27 07:47:00,38.188,0.0853263920666,0.0,0,-0.11,-0.22,-0.11
2014-02-27 07:52:00,38.436,0.0853263920666,0.0,0,-0.11,-0.22,-0.11
2014-02-27 07:57:00,39.954,0.0853263920666,0.0,0,-0.11,-0.22,-0.11
2014-02-27 08:02:00,38.24,0.0853263920666,0.0,0,-0.11,-0.22,-0.11
2014-02-27 08:07:00,41.93600000000001,0.0792600260691,0.0250000003725,0,-0.11,-0.22,-0.11
2014-02-27 08:12:00,35.61,0.0679664396211,0.0500000007451,0,-0.11,-0.22,-0.11
2014-02-27 08:17:00,37.746,0.0679664396211,0.0,0,-0.11,-0.22,-0.11
2014-02-27 08:22:00,38.216,0.0679664396211,0.0,0,-0.11,-0.22,-0.11
2014-02-27 08:27:00,38.85,0.0679664396211,0.0,0,-0.11,-0.22,-0.11
2014-02-27 08:32:00,36.858000000000004,0.0679664396211,0.0,0,-0.11,-0.22,-0.11
2014-02-27 08:37:00,38.356,0.0679664396211,0.0,0,-0.11,-0.22,-0.11
2014-02-27 08:42:00,37.19,0.0679664396211,0.0,0,-0.11,-0.22,-0.11
2014-02-27 08:47:00,38.076,0.0679664396211,0.0,0,-0.11,-0.22,-0.11
2014-02-27 08:52:00,37.418,0.0679664396211,0.0,0,-0.11,-0.22,-0.11
2014-02-27 08:57:00,38.826,0.07347465495819999,0.0,0,-0.11,-0.22,-0.11
2014-02-27 09:02:00,36.958,0.0853263920666,0.0,0,-0.11,-0.22,-0.11
2014-02-27 09:07:00,40.492,0.0853263920666,0.0,0,-0.11,-0.22,-0.11
2014-02-27 09:12:00,37.24800000000001,0.0853263920666,0.0,0,-0.11,-0.22,-0.11
2014-02-27 09:17:00,38.44,0.0853263920666,0.0,0,-0.11,-0.22,-0.11
2014-02-27 09:22:00,37.394,0.0853263920666,0.0,0,-0.11,-0.22,-0.11
2014-02-27 09:27:00,38.286,0.0853263920666,0.0,0,-0.11,-0.22,-0.11
2014-02-27 09:32:00,37.414,0.0853263920666,0.0,0,-0.11,-0.22,-0.11
2014-02-27 09:37:00,38.948,0.0853263920666,0.0,0,-0.11,-0.22,-0.11
2014-02-27 09:42:00,37.15,0.0853263920666,0.0,0,-0.11,-0.22,-0.11
2014-02-27 09:47:00,38.696,0.0853263920666,0.0,0,-0.11,-0.22,-0.11
2014-02-27 09:52:00,38.004,0.0853263920666,0.0,0,-0.11,-0.22,-0.11
2014-02-27 09:57:00,39.86,0.0853263920666,0.0,0,-0.11,-0.22,-0.11
2014-02-27 10:02:00,37.036,0.0853263920666,0.0,0,-0.11,-0.22,-0.11
2014-02-27 10:07:00,39.86,0.0853263920666,0.0,0,-0.11,-0.22,-0.11
2014-02-27 10:12:00,37.794000000000004,0.0853263920666,0.0,0,-0.11,-0.22,-0.11
2014-02-27 10:17:00,38.45,0.0853263920666,0.0,0,-0.11,-0.22,-0.11
2014-02-27 10:22:00,38.166,0.0853263920666,0.0,0,-0.11,-0.22,-0.11
2014-02-27 10:27:00,38.38,0.0853263920666,0.0,0,-0.11,-0.22,-0.11
2014-02-27 10:32:00,37.982,0.0853263920666,0.0,0,-0.11,-0.22,-0.11
2014-02-27 10:37:00,38.616,0.0853263920666,0.0,0,-0.11,-0.22,-0.11
2014-02-27 10:42:00,37.442,0.0853263920666,0.0,0,-0.11,-0.22,-0.11
2014-02-27 10:47:00,37.652,0.08639260281189999,0.0,0,-0.11,-0.22,-0.11
2014-02-27 10:52:00,36.678000000000004,0.08639260281189999,0.0,0,-0.11,-0.22,-0.11
2014-02-27 10:57:00,39.6,0.08639260281189999,0.0,0,-0.11,-0.22,-0.11
2014-02-27 11:02:00,39.154,0.08639260281189999,0.0,0,-0.11,-0.22,-0.11
2014-02-27 11:07:00,38.494,0.08639260281189999,0.0,0,-0.11,-0.22,-0.11
2014-02-27 11:12:00,38.684,0.08639260281189999,0.0,0,-0.11,-0.22,-0.11
2014-02-27 11:17:00,36.784,0.08639260281189999,0.0,0,-0.11,-0.22,-0.11
2014-02-27 11:22:00,38.49800000000001,0.08639260281189999,0.0,0,-0.11,-0.22,-0.11
2014-02-27 11:27:00,35.376,0.08639260281189999,0.0,0,-0.11,-0.22,-0.11
2014-02-27 11:32:00,38.461999999999996,0.08639260281189999,0.0,0,-0.11,-0.22,-0.11
2014-02-27 11:37:00,37.504,0.08639260281189999,0.0,0,-0.11,-0.22,-0.11
2014-02-27 11:42:00,38.848,0.08639260281189999,0.0,0,-0.11,-0.22,-0.11
2014-02-27 11:47:00,38.751999999999995,0.08639260281189999,0.0,0,-0.11,-0.22,-0.11
2014-02-27 11:52:00,38.06800000000001,0.08639260281189999,0.0,0,-0.11,-0.22,-0.11
2014-02-27 11:57:00,40.556,0.08019266901560003,0.0250000003725,0,-0.11,-0.22,-0.11
2014-02-27 12:02:00,37.77,0.08019266901560003,0.0,0,-0.11,-0.22,-0.11
2014-02-27 12:07:00,40.916,0.0742823963442,0.0250000003725,0,-0.11,-0.22,-0.11
2014-02-27 12:12:00,37.324,0.0742823963442,0.0,0,-0.11,-0.22,-0.11
2014-02-27 12:17:00,38.44,0.0742823963442,0.0,0,-0.11,-0.22,-0.11
2014-02-27 12:22:00,37.37,0.0742823963442,0.0,0,-0.11,-0.22,-0.11
2014-02-27 12:27:00,37.7,0.0742823963442,0.0,0,-0.11,-0.22,-0.11
2014-02-27 12:32:00,37.864000000000004,0.0742823963442,0.0,0,-0.11,-0.22,-0.11
2014-02-27 12:37:00,37.91,0.0742823963442,0.0,0,-0.11,-0.22,-0.11
2014-02-27 12:42:00,38.226,0.0742823963442,0.0,0,-0.11,-0.22,-0.11
2014-02-27 12:47:00,36.91,0.08019266901560003,0.0,0,-0.11,-0.22,-0.11
2014-02-27 12:52:00,38.641999999999996,0.08019266901560003,0.0,0,-0.11,-0.22,-0.11
2014-02-27 12:57:00,39.038000000000004,0.08639260281189999,0.0,0,-0.11,-0.22,-0.11
2014-02-27 13:02:00,38.944,0.08639260281189999,0.0,0,-0.11,-0.22,-0.11
2014-02-27 13:07:00,38.826,0.08639260281189999,0.0,0,-0.11,-0.22,-0.11
2014-02-27 13:12:00,38.122,0.08639260281189999,0.0,0,-0.11,-0.22,-0.11
2014-02-27 13:17:00,37.88800000000001,0.08639260281189999,0.0,0,-0.11,-0.22,-0.11
2014-02-27 13:22:00,37.958,0.08639260281189999,0.0,0,-0.11,-0.22,-0.11
2014-02-27 13:27:00,37.205999999999996,0.08639260281189999,0.0,0,-0.11,-0.22,-0.11
2014-02-27 13:32:00,38.428000000000004,0.08639260281189999,0.0,0,-0.11,-0.22,-0.11
2014-02-27 13:37:00,36.858000000000004,0.08639260281189999,0.0,0,-0.11,-0.22,-0.11
2014-02-27 13:42:00,38.052,0.08639260281189999,0.0,0,-0.11,-0.22,-0.11
2014-02-27 13:47:00,38.31,0.08639260281189999,0.0,0,-0.11,-0.22,-0.11
2014-02-27 13:52:00,37.816,0.08639260281189999,0.0,0,-0.11,-0.22,-0.11
2014-02-27 13:57:00,39.836,0.08639260281189999,0.0,0,-0.11,-0.22,-0.11
2014-02-27 14:02:00,38.64,0.08639260281189999,0.0,0,-0.11,-0.22,-0.11
2014-02-27 14:07:00,38.86,0.08639260281189999,0.0,0,-0.11,-0.22,-0.11
2014-02-27 14:12:00,37.816,0.08639260281189999,0.0,0,-0.11,-0.22,-0.11
2014-02-27 14:17:00,37.794000000000004,0.08639260281189999,0.0,0,-0.11,-0.22,-0.11
2014-02-27 14:22:00,37.7,0.08639260281189999,0.0,0,-0.11,-0.22,-0.11
2014-02-27 14:27:00,37.49,0.08639260281189999,0.0,0,-0.11,-0.22,-0.11
2014-02-27 14:32:00,38.644,0.08639260281189999,0.0,0,-0.11,-0.22,-0.11
2014-02-27 14:37:00,37.3,0.08639260281189999,0.0,0,-0.11,-0.22,-0.11
2014-02-27 14:42:00,38.56,0.08639260281189999,0.0,0,-0.11,-0.22,-0.11
2014-02-27 14:47:00,36.924,0.08639260281189999,0.0,0,-0.11,-0.22,-0.11
2014-02-27 14:52:00,38.122,0.08639260281189999,0.0,0,-0.11,-0.22,-0.11
2014-02-27 14:57:00,39.342,0.08639260281189999,0.0,0,-0.11,-0.22,-0.11
2014-02-27 15:02:00,40.0,0.08639260281189999,0.0,0,-0.11,-0.22,-0.11
2014-02-27 15:07:00,37.84,0.08639260281189999,0.0,0,-0.11,-0.22,-0.11
2014-02-27 15:12:00,37.756,0.08639260281189999,0.0,0,-0.11,-0.22,-0.11
2014-02-27 15:17:00,37.8,0.08639260281189999,0.0,0,-0.11,-0.22,-0.11
2014-02-27 15:22:00,37.724000000000004,0.08639260281189999,0.0,0,-0.11,-0.22,-0.11
2014-02-27 15:27:00,38.004,0.08639260281189999,0.0,0,-0.11,-0.22,-0.11
2014-02-27 15:32:00,39.31800000000001,0.08639260281189999,0.0,0,-0.11,-0.22,-0.11
2014-02-27 15:37:00,36.972,0.08639260281189999,0.0,0,-0.11,-0.22,-0.11
2014-02-27 15:42:00,38.216,0.08639260281189999,0.0,0,-0.11,-0.22,-0.11
2014-02-27 15:47:00,38.474000000000004,0.08639260281189999,0.0,0,-0.11,-0.22,-0.11
2014-02-27 15:52:00,38.188,0.08639260281189999,0.0,0,-0.11,-0.22,-0.11
2014-02-27 15:57:00,39.946,0.08639260281189999,0.0,0,-0.11,-0.22,-0.11
2014-02-27 16:02:00,38.356,0.08639260281189999,0.0,0,-0.11,-0.22,-0.11
2014-02-27 16:07:00,39.788000000000004,0.08639260281189999,0.0,0,-0.11,-0.22,-0.11
2014-02-27 16:12:00,38.004,0.08639260281189999,0.0,0,-0.11,-0.22,-0.11
2014-02-27 16:17:00,38.184,0.08639260281189999,0.0,0,-0.11,-0.22,-0.11
2014-02-27 16:22:00,38.24,0.08639260281189999,0.0,0,-0.11,-0.22,-0.11
2014-02-27 16:27:00,37.666,0.08639260281189999,0.0,0,-0.11,-0.22,-0.11
2014-02-27 16:32:00,38.78,0.08639260281189999,0.0,0,-0.11,-0.22,-0.11
2014-02-27 16:37:00,37.418,0.08639260281189999,0.0,0,-0.11,-0.22,-0.11
2014-02-27 16:42:00,38.944,0.08639260281189999,0.0,0,-0.11,-0.22,-0.11
2014-02-27 16:47:00,37.292,0.08639260281189999,0.0,0,-0.11,-0.22,-0.11
2014-02-27 16:52:00,37.412,0.08639260281189999,0.0,0,-0.11,-0.22,-0.11
2014-02-27 16:57:00,40.152,0.08639260281189999,0.0,0,-0.11,-0.22,-0.11
2014-02-27 17:02:00,38.076,0.08639260281189999,0.0,0,-0.11,-0.22,-0.11
2014-02-27 17:07:00,39.672,0.08639260281189999,0.0,0,-0.11,-0.22,-0.11
2014-02-27 17:12:00,38.262,0.08639260281189999,0.0,0,-0.11,-0.22,-0.11
2014-02-27 17:17:00,37.308,0.08639260281189999,0.0,0,-0.11,-0.22,-0.11
2014-02-27 17:22:00,39.23,0.08639260281189999,0.0,0,-0.11,-0.22,-0.11
2014-02-27 17:27:00,36.534,0.08639260281189999,0.0,0,-0.11,-0.22,-0.11
2014-02-27 17:32:00,38.958,0.08639260281189999,0.0,0,-0.11,-0.22,-0.11
2014-02-27 17:37:00,37.536,0.08639260281189999,0.0,0,-0.11,-0.22,-0.11
2014-02-27 17:42:00,37.838,0.08639260281189999,0.0,0,-0.11,-0.22,-0.11
2014-02-27 17:47:00,38.85,0.08639260281189999,0.0,0,-0.11,-0.22,-0.11
2014-02-27 17:52:00,37.84,0.08639260281189999,0.0,0,-0.11,-0.22,-0.11
2014-02-27 17:57:00,40.234,0.08639260281189999,0.0,0,-0.11,-0.22,-0.11
2014-02-27 18:02:00,38.288000000000004,0.08639260281189999,0.0,0,-0.11,-0.22,-0.11
2014-02-27 18:07:00,40.164,0.08639260281189999,0.0,0,-0.11,-0.22,-0.11
2014-02-27 18:12:00,38.662,0.08639260281189999,0.0,0,-0.11,-0.22,-0.11
2014-02-27 18:17:00,37.784,0.08639260281189999,0.0,0,-0.11,-0.22,-0.11
2014-02-27 18:22:00,37.694,0.08639260281189999,0.0,0,-0.11,-0.22,-0.11
2014-02-27 18:27:00,38.128,0.08639260281189999,0.0,0,-0.11,-0.22,-0.11
2014-02-27 18:32:00,38.078,0.08639260281189999,0.0,0,-0.11,-0.22,-0.11
2014-02-27 18:37:00,38.356,0.08639260281189999,0.0,0,-0.11,-0.22,-0.11
2014-02-27 18:42:00,37.472,0.08639260281189999,0.0,0,-0.11,-0.22,-0.11
2014-02-27 18:47:00,38.192,0.08639260281189999,0.0,0,-0.11,-0.22,-0.11
2014-02-27 18:52:00,37.724000000000004,0.08639260281189999,0.0,0,-0.11,-0.22,-0.11
2014-02-27 18:57:00,39.954,0.08639260281189999,0.0,0,-0.11,-0.22,-0.11
2014-02-27 19:02:00,38.404,0.08639260281189999,0.0,0,-0.11,-0.22,-0.11
2014-02-27 19:07:00,40.118,0.08745184488970001,0.0,0,-0.11,-0.22,-0.11
2014-02-27 19:12:00,37.955999999999996,0.08745184488970001,0.0,0,-0.11,-0.22,-0.11
2014-02-27 19:17:00,38.64,0.08745184488970001,0.0,0,-0.11,-0.22,-0.11
2014-02-27 19:22:00,37.214,0.08745184488970001,0.0,0,-0.11,-0.22,-0.11
2014-02-27 19:27:00,37.77,0.08745184488970001,0.0,0,-0.11,-0.22,-0.11
2014-02-27 19:32:00,37.49800000000001,0.08745184488970001,0.0,0,-0.11,-0.22,-0.11
2014-02-27 19:37:00,38.098,0.08745184488970001,0.0,0,-0.11,-0.22,-0.11
2014-02-27 19:42:00,39.062,0.08745184488970001,0.0,0,-0.11,-0.22,-0.11
2014-02-27 19:47:00,37.554,0.08745184488970001,0.0,0,-0.11,-0.22,-0.11
2014-02-27 19:52:00,39.484,0.08745184488970001,0.0,0,-0.11,-0.22,-0.11
2014-02-27 19:57:00,38.85,0.08745184488970001,0.0,0,-0.11,-0.22,-0.11
2014-02-27 20:02:00,38.146,0.08745184488970001,0.0,0,-0.11,-0.22,-0.11
2014-02-27 20:07:00,39.672,0.08745184488970001,0.0,0,-0.11,-0.22,-0.11
2014-02-27 20:12:00,37.77,0.08745184488970001,0.0,0,-0.11,-0.22,-0.11
2014-02-27 20:17:00,39.086,0.08745184488970001,0.0,0,-0.11,-0.22,-0.11
2014-02-27 20:22:00,36.926,0.08745184488970001,0.0,0,-0.11,-0.22,-0.11
2014-02-27 20:27:00,38.385999999999996,0.08745184488970001,0.0,0,-0.11,-0.22,-0.11
2014-02-27 20:32:00,37.644,0.08745184488970001,0.0,0,-0.11,-0.22,-0.11
2014-02-27 20:37:00,38.122,0.08745184488970001,0.0,0,-0.11,-0.22,-0.11
2014-02-27 20:42:00,37.676,0.08745184488970001,0.0,0,-0.11,-0.22,-0.11
2014-02-27 20:47:00,38.146,0.08745184488970001,0.0,0,-0.11,-0.22,-0.11
2014-02-27 20:52:00,37.588,0.08745184488970001,0.0,0,-0.11,-0.22,-0.11
2014-02-27 20:57:00,39.53,0.08745184488970001,0.0,0,-0.11,-0.22,-0.11
2014-02-27 21:02:00,38.17,0.08745184488970001,0.0,0,-0.11,-0.22,-0.11
2014-02-27 21:07:00,39.578,0.08745184488970001,0.0,0,-0.11,-0.22,-0.11
2014-02-27 21:12:00,38.098,0.08745184488970001,0.0,0,-0.11,-0.22,-0.11
2014-02-27 21:17:00,38.69,0.08745184488970001,0.0,0,-0.11,-0.22,-0.11
2014-02-27 21:22:00,36.842,0.08745184488970001,0.0,0,-0.11,-0.22,-0.11
2014-02-27 21:27:00,38.56800000000001,0.08745184488970001,0.0,0,-0.11,-0.22,-0.11
2014-02-27 21:32:00,36.711999999999996,0.08745184488970001,0.0,0,-0.11,-0.22,-0.11
2014-02-27 21:37:00,38.852,0.08745184488970001,0.0,0,-0.11,-0.22,-0.11
2014-02-27 21:42:00,37.378,0.08745184488970001,0.0,0,-0.11,-0.22,-0.11
2014-02-27 21:47:00,37.654,0.08745184488970001,0.0,0,-0.11,-0.22,-0.11
2014-02-27 21:52:00,37.181999999999995,0.08745184488970001,0.0,0,-0.11,-0.22,-0.11
2014-02-27 21:57:00,41.052,0.08745184488970001,0.0,0,-0.11,-0.22,-0.11
2014-02-27 22:02:00,37.558,0.08745184488970001,0.0,0,-0.11,-0.22,-0.11
2014-02-27 22:07:00,40.118,0.08745184488970001,0.0,0,-0.11,-0.22,-0.11
2014-02-27 22:12:00,37.934,0.08745184488970001,0.0,0,-0.11,-0.22,-0.11
2014-02-27 22:17:00,37.782,0.08745184488970001,0.0,0,-0.11,-0.22,-0.11
2014-02-27 22:22:00,37.724000000000004,0.08745184488970001,0.0,0,-0.11,-0.22,-0.11
2014-02-27 22:27:00,37.75,0.08745184488970001,0.0,0,-0.11,-0.22,-0.11
2014-02-27 22:32:00,38.85,0.08745184488970001,0.0,0,-0.11,-0.22,-0.11
2014-02-27 22:37:00,36.924,0.08745184488970001,0.0,0,-0.11,-0.22,-0.11
2014-02-27 22:42:00,38.385999999999996,0.08745184488970001,0.0,0,-0.11,-0.22,-0.11
2014-02-27 22:47:00,37.418,0.08745184488970001,0.0,0,-0.11,-0.22,-0.11
2014-02-27 22:52:00,39.014,0.08745184488970001,0.0,0,-0.11,-0.22,-0.11
2014-02-27 22:57:00,39.508,0.08745184488970001,0.0,0,-0.11,-0.22,-0.11
2014-02-27 23:02:00,38.662,0.08745184488970001,0.0,0,-0.11,-0.22,-0.11
2014-02-27 23:07:00,39.718,0.08745184488970001,0.0,0,-0.11,-0.22,-0.11
2014-02-27 23:12:00,38.004,0.08745184488970001,0.0,0,-0.11,-0.22,-0.11
2014-02-27 23:17:00,37.558,0.08745184488970001,0.0,0,-0.11,-0.22,-0.11
2014-02-27 23:22:00,37.864000000000004,0.08745184488970001,0.0,0,-0.11,-0.22,-0.11
2014-02-27 23:27:00,37.37,0.08745184488970001,0.0,0,-0.11,-0.22,-0.11
2014-02-27 23:32:00,37.794000000000004,0.08745184488970001,0.0,0,-0.11,-0.22,-0.11
2014-02-27 23:37:00,39.014,0.08745184488970001,0.0,0,-0.11,-0.22,-0.11
2014-02-27 23:42:00,37.192,0.08745184488970001,0.0,0,-0.11,-0.22,-0.11
2014-02-27 23:47:00,38.49800000000001,0.08745184488970001,0.0,0,-0.11,-0.22,-0.11
2014-02-27 23:52:00,38.256,0.08745184488970001,0.0,0,-0.11,-0.22,-0.11
2014-02-27 23:57:00,39.934,0.08745184488970001,0.0,0,-0.11,-0.22,-0.11
2014-02-28 00:02:00,38.286,0.08745184488970001,0.0,0,-0.11,-0.22,-0.11
2014-02-28 00:07:00,40.821999999999996,0.08745184488970001,0.0,0,-0.11,-0.22,-0.11
2014-02-28 00:12:00,37.076,0.08745184488970001,0.0,0,-0.11,-0.22,-0.11
2014-02-28 00:17:00,38.658,0.08745184488970001,0.0,0,-0.11,-0.22,-0.11
2014-02-28 00:22:00,37.018,0.08745184488970001,0.0,0,-0.11,-0.22,-0.11
2014-02-28 00:27:00,37.724000000000004,0.08745184488970001,0.0,0,-0.11,-0.22,-0.11
2014-02-28 00:32:00,37.736,0.08745184488970001,0.0,0,-0.11,-0.22,-0.11
2014-02-28 00:37:00,37.91,0.08745184488970001,0.0,0,-0.11,-0.22,-0.11
2014-02-28 00:42:00,38.826,0.08745184488970001,0.0,0,-0.11,-0.22,-0.11
2014-02-28 00:47:00,36.972,0.08745184488970001,0.0,0,-0.11,-0.22,-0.11
2014-02-28 00:52:00,38.506,0.08745184488970001,0.0,0,-0.11,-0.22,-0.11
2014-02-28 00:57:00,39.038000000000004,0.08745184488970001,0.0,0,-0.11,-0.22,-0.11
2014-02-28 01:02:00,37.512,0.08745184488970001,0.0,0,-0.11,-0.22,-0.11
2014-02-28 01:07:00,39.408,0.08745184488970001,0.0,0,-0.11,-0.22,-0.11
2014-02-28 01:12:00,38.314,0.08745184488970001,0.0,0,-0.11,-0.22,-0.11
2014-02-28 01:17:00,37.698,0.08745184488970001,0.0,0,-0.11,-0.22,-0.11
2014-02-28 01:22:00,37.954,0.08745184488970001,0.0,0,-0.11,-0.22,-0.11
2014-02-28 01:27:00,38.244,0.08745184488970001,0.0,0,-0.11,-0.22,-0.11
2014-02-28 01:32:00,37.77,0.08745184488970001,0.0,0,-0.11,-0.22,-0.11
2014-02-28 01:37:00,37.906,0.08745184488970001,0.0,0,-0.11,-0.22,-0.11
2014-02-28 01:42:00,38.686,0.08745184488970001,0.0,0,-0.11,-0.22,-0.11
2014-02-28 01:47:00,37.794000000000004,0.08745184488970001,0.0,0,-0.11,-0.22,-0.11
2014-02-28 01:52:00,38.71,0.08745184488970001,0.0,0,-0.11,-0.22,-0.11
2014-02-28 01:57:00,39.126,0.08745184488970001,0.0,0,-0.11,-0.22,-0.11
2014-02-28 02:02:00,38.602,0.08745184488970001,0.0,0,-0.11,-0.22,-0.11
2014-02-28 02:07:00,38.72,0.08745184488970001,0.0,0,-0.11,-0.22,-0.11
2014-02-28 02:12:00,38.24,0.08745184488970001,0.0,0,-0.11,-0.22,-0.11
2014-02-28 02:17:00,37.066,0.08745184488970001,0.0,0,-0.11,-0.22,-0.11
2014-02-28 02:22:00,37.63,0.08745184488970001,0.0,0,-0.11,-0.22,-0.11
2014-02-28 02:27:00,37.508,0.08745184488970001,0.0,0,-0.11,-0.22,-0.11
2014-02-28 02:32:00,38.08,0.08745184488970001,0.0,0,-0.11,-0.22,-0.11
2014-02-28 02:37:00,38.04,0.08745184488970001,0.0,0,-0.11,-0.22,-0.11
2014-02-28 02:42:00,38.686,0.08745184488970001,0.0,0,-0.11,-0.22,-0.11
2014-02-28 02:47:00,36.525999999999996,0.08745184488970001,0.0,0,-0.11,-0.22,-0.11
2014-02-28 02:52:00,37.746,0.08745184488970001,0.0,0,-0.11,-0.22,-0.11
2014-02-28 02:57:00,39.906,0.08745184488970001,0.0,0,-0.11,-0.22,-0.11
2014-02-28 03:02:00,38.052,0.08745184488970001,0.0,0,-0.11,-0.22,-0.11
2014-02-28 03:07:00,39.812,0.08745184488970001,0.0,0,-0.11,-0.22,-0.11
2014-02-28 03:12:00,37.86,0.08745184488970001,0.0,0,-0.11,-0.22,-0.11
2014-02-28 03:17:00,37.788000000000004,0.08745184488970001,0.0,0,-0.11,-0.22,-0.11
2014-02-28 03:22:00,37.574,0.08745184488970001,0.0,0,-0.11,-0.22,-0.11
2014-02-28 03:27:00,38.85,0.08849857932360003,0.0,0,-0.11,-0.22,-0.11
2014-02-28 03:32:00,39.296,0.08849857932360003,0.0,0,-0.11,-0.22,-0.11
2014-02-28 03:37:00,37.63,0.08849857932360003,0.0,0,-0.11,-0.22,-0.11
2014-02-28 03:42:00,38.114000000000004,0.08849857932360003,0.0,0,-0.11,-0.22,-0.11
2014-02-28 03:47:00,39.328,0.08849857932360003,0.0,0,-0.11,-0.22,-0.11
2014-02-28 03:52:00,37.532,0.08849857932360003,0.0,0,-0.11,-0.22,-0.11
2014-02-28 03:57:00,40.598,0.0820337359064,0.0250000003725,0,-0.11,-0.22,-0.11
2014-02-28 04:02:00,37.705999999999996,0.0820337359064,0.0,0,-0.11,-0.22,-0.11
2014-02-28 04:07:00,40.114000000000004,0.0820337359064,0.0,0,-0.11,-0.22,-0.11
2014-02-28 04:12:00,36.944,0.0820337359064,0.0,0,-0.11,-0.22,-0.11
2014-02-28 04:17:00,39.326,0.0820337359064,0.0,0,-0.11,-0.22,-0.11
2014-02-28 04:22:00,36.856,0.0820337359064,0.0,0,-0.11,-0.22,-0.11
2014-02-28 04:27:00,37.7,0.0820337359064,0.0,0,-0.11,-0.22,-0.11
2014-02-28 04:32:00,37.582,0.0820337359064,0.0,0,-0.11,-0.22,-0.11
2014-02-28 04:37:00,37.786,0.0820337359064,0.0,0,-0.11,-0.22,-0.11
2014-02-28 04:42:00,37.84,0.0820337359064,0.0,0,-0.11,-0.22,-0.11
2014-02-28 04:47:00,38.168,0.08849857932360003,0.0,0,-0.11,-0.22,-0.11
2014-02-28 04:52:00,37.464,0.08849857932360003,0.0,0,-0.11,-0.22,-0.11
2014-02-28 04:57:00,40.024,0.08849857932360003,0.0,0,-0.11,-0.22,-0.11
2014-02-28 05:02:00,37.672,0.08849857932360003,0.0,0,-0.11,-0.22,-0.11
2014-02-28 05:07:00,40.234,0.08849857932360003,0.0,0,-0.11,-0.22,-0.11
2014-02-28 05:12:00,37.582,0.08849857932360003,0.0,0,-0.11,-0.22,-0.11
2014-02-28 05:17:00,38.648,0.08849857932360003,0.0,0,-0.11,-0.22,-0.11
2014-02-28 05:22:00,37.536,0.08849857932360003,0.0,0,-0.11,-0.22,-0.11
2014-02-28 05:27:00,38.686,0.08849857932360003,0.0,0,-0.11,-0.22,-0.11
2014-02-28 05:32:00,37.7,0.08849857932360003,0.0,0,-0.11,-0.22,-0.11
2014-02-28 05:37:00,37.88800000000001,0.08849857932360003,0.0,0,-0.11,-0.22,-0.11
2014-02-28 05:42:00,38.44,0.08849857932360003,0.0,0,-0.11,-0.22,-0.11
2014-02-28 05:47:00,38.74,0.08849857932360003,0.0,0,-0.11,-0.22,-0.11
2014-02-28 05:52:00,37.958,0.08849857932360003,0.0,0,-0.11,-0.22,-0.11
2014-02-28 05:57:00,40.02,0.08849857932360003,0.0,0,-0.11,-0.22,-0.11
2014-02-28 06:02:00,38.948,0.08849857932360003,0.0,0,-0.11,-0.22,-0.11
2014-02-28 06:07:00,38.864000000000004,0.08849857932360003,0.0,0,-0.11,-0.22,-0.11
2014-02-28 06:12:00,37.91,0.08849857932360003,0.0,0,-0.11,-0.22,-0.11
2014-02-28 06:17:00,37.816,0.08849857932360003,0.0,0,-0.11,-0.22,-0.11
2014-02-28 06:22:00,37.842,0.08849857932360003,0.0,0,-0.11,-0.22,-0.11
2014-02-28 06:27:00,37.844,0.08849857932360003,0.0,0,-0.11,-0.22,-0.11
2014-02-28 06:32:00,38.141999999999996,0.08849857932360003,0.0,0,-0.11,-0.22,-0.11
2014-02-28 06:37:00,37.84,0.08849857932360003,0.0,0,-0.11,-0.22,-0.11
2014-02-28 06:42:00,38.16,0.08849857932360003,0.0,0,-0.11,-0.22,-0.11
2014-02-28 06:47:00,37.676,0.08849857932360003,0.0,0,-0.11,-0.22,-0.11
2014-02-28 06:52:00,39.436,0.08849857932360003,0.0,0,-0.11,-0.22,-0.11
2014-02-28 06:57:00,38.028,0.08849857932360003,0.0,0,-0.11,-0.22,-0.11
2014-02-28 07:02:00,37.986,0.08849857932360003,0.0,0,-0.11,-0.22,-0.11
2014-02-28 07:07:00,39.62,0.08849857932360003,0.0,0,-0.11,-0.22,-0.11
2014-02-28 07:12:00,38.146,0.08849857932360003,0.0,0,-0.11,-0.22,-0.11
2014-02-28 07:17:00,38.17,0.08849857932360003,0.0,0,-0.11,-0.22,-0.11
2014-02-28 07:22:00,36.792,0.08849857932360003,0.0,0,-0.11,-0.22,-0.11
2014-02-28 07:27:00,38.616,0.08849857932360003,0.0,0,-0.11,-0.22,-0.11
2014-02-28 07:32:00,36.882,0.08849857932360003,0.0,0,-0.11,-0.22,-0.11
2014-02-28 07:37:00,38.028,0.08849857932360003,0.0,0,-0.11,-0.22,-0.11
2014-02-28 07:42:00,38.686,0.08849857932360003,0.0,0,-0.11,-0.22,-0.11
2014-02-28 07:47:00,39.746,0.08849857932360003,0.0,0,-0.11,-0.22,-0.11
2014-02-28 07:52:00,37.16,0.08849857932360003,0.0,0,-0.11,-0.22,-0.11
2014-02-28 07:57:00,40.751999999999995,0.08849857932360003,0.0,0,-0.11,-0.22,-0.11
2014-02-28 08:02:00,37.394,0.08849857932360003,0.0,0,-0.11,-0.22,-0.11
2014-02-28 08:07:00,40.478,0.08849857932360003,0.0,0,-0.11,-0.22,-0.11
2014-02-28 08:12:00,37.766,0.08849857932360003,0.0,0,-0.11,-0.22,-0.11
2014-02-28 08:17:00,38.314,0.08849857932360003,0.0,0,-0.11,-0.22,-0.11
2014-02-28 08:22:00,37.764,0.08849857932360003,0.0,0,-0.11,-0.22,-0.11
2014-02-28 08:27:00,37.934,0.08849857932360003,0.0,0,-0.11,-0.22,-0.11
2014-02-28 08:32:00,37.742,0.08849857932360003,0.0,0,-0.11,-0.22,-0.11
2014-02-28 08:37:00,38.428000000000004,0.08849857932360003,0.0,0,-0.11,-0.22,-0.11
2014-02-28 08:42:00,37.77,0.08849857932360003,0.0,0,-0.11,-0.22,-0.11
2014-02-28 08:47:00,37.91,0.08849857932360003,0.0,0,-0.11,-0.22,-0.11
2014-02-28 08:52:00,37.958,0.08849857932360003,0.0,0,-0.11,-0.22,-0.11
2014-02-28 08:57:00,40.4,0.08849857932360003,0.0,0,-0.11,-0.22,-0.11
2014-02-28 09:02:00,37.606,0.08849857932360003,0.0,0,-0.11,-0.22,-0.11
2014-02-28 09:07:00,40.586,0.08849857932360003,0.0,0,-0.11,-0.22,-0.11
2014-02-28 09:12:00,37.816,0.08849857932360003,0.0,0,-0.11,-0.22,-0.11
2014-02-28 09:17:00,38.732,0.08849857932360003,0.0,0,-0.11,-0.22,-0.11
2014-02-28 09:22:00,37.256,0.08849857932360003,0.0,0,-0.11,-0.22,-0.11
2014-02-28 09:27:00,38.63800000000001,0.08849857932360003,0.0,0,-0.11,-0.22,-0.11
2014-02-28 09:32:00,36.596,0.08849857932360003,0.0,0,-0.11,-0.22,-0.11
2014-02-28 09:37:00,38.192,0.08849857932360003,0.0,0,-0.11,-0.22,-0.11
2014-02-28 09:42:00,38.428000000000004,0.08849857932360003,0.0,0,-0.11,-0.22,-0.11
2014-02-28 09:47:00,38.524,0.08849857932360003,0.0,0,-0.11,-0.22,-0.11
2014-02-28 09:52:00,38.38,0.08849857932360003,0.0,0,-0.11,-0.22,-0.11
2014-02-28 09:57:00,40.361999999999995,0.08849857932360003,0.0,0,-0.11,-0.22,-0.11
2014-02-28 10:02:00,38.028,0.08849857932360003,0.0,0,-0.11,-0.22,-0.11
2014-02-28 10:07:00,39.554,0.08849857932360003,0.0,0,-0.11,-0.22,-0.11
2014-02-28 10:12:00,38.086,0.08849857932360003,0.0,0,-0.11,-0.22,-0.11
2014-02-28 10:17:00,37.864000000000004,0.08849857932360003,0.0,0,-0.11,-0.22,-0.11
2014-02-28 10:22:00,37.694,0.08849857932360003,0.0,0,-0.11,-0.22,-0.11
2014-02-28 10:27:00,38.052,0.08849857932360003,0.0,0,-0.11,-0.22,-0.11
2014-02-28 10:32:00,38.004,0.08849857932360003,0.0,0,-0.11,-0.22,-0.11
2014-02-28 10:37:00,38.052,0.08849857932360003,0.0,0,-0.11,-0.22,-0.11
2014-02-28 10:42:00,37.798,0.08849857932360003,0.0,0,-0.11,-0.22,-0.11
2014-02-28 10:47:00,37.672,0.08849857932360003,0.0,0,-0.11,-0.22,-0.11
2014-02-28 10:52:00,38.264,0.08849857932360003,0.0,0,-0.11,-0.22,-0.11
2014-02-28 10:57:00,40.312,0.08849857932360003,0.0,0,-0.11,-0.22,-0.11
2014-02-28 11:02:00,37.558,0.08849857932360003,0.0,0,-0.11,-0.22,-0.11
2014-02-28 11:07:00,40.684,0.08849857932360003,0.0,0,-0.11,-0.22,-0.11
2014-02-28 11:12:00,37.558,0.08849857932360003,0.0,0,-0.11,-0.22,-0.11
2014-02-28 11:17:00,38.24,0.08849857932360003,0.0,0,-0.11,-0.22,-0.11
2014-02-28 11:22:00,37.632,0.08849857932360003,0.0,0,-0.11,-0.22,-0.11
2014-02-28 11:27:00,37.746,0.08849857932360003,0.0,0,-0.11,-0.22,-0.11
2014-02-28 11:32:00,38.004,0.08849857932360003,0.0,0,-0.11,-0.22,-0.11
2014-02-28 11:37:00,39.718,0.08849857932360003,0.0,0,-0.11,-0.22,-0.11
2014-02-28 11:42:00,37.7,0.08849857932360003,0.0,0,-0.11,-0.22,-0.11
2014-02-28 11:47:00,39.27,0.0895433131799,0.0,0,-0.11,-0.22,-0.11
2014-02-28 11:52:00,37.582,0.0895433131799,0.0,0,-0.11,-0.22,-0.11
2014-02-28 11:57:00,39.93,0.0895433131799,0.0,0,-0.11,-0.22,-0.11
2014-02-28 12:02:00,38.77,0.0895433131799,0.0,0,-0.11,-0.22,-0.11
2014-02-28 12:07:00,38.868,0.0895433131799,0.0,0,-0.11,-0.22,-0.11
2014-02-28 12:12:00,38.972,0.0895433131799,0.0,0,-0.11,-0.22,-0.11
2014-02-28 12:17:00,36.56800000000001,0.0895433131799,0.0,0,-0.11,-0.22,-0.11
2014-02-28 12:22:00,38.198,0.0895433131799,0.0,0,-0.11,-0.22,-0.11
2014-02-28 12:27:00,38.114000000000004,0.0895433131799,0.0,0,-0.11,-0.22,-0.11
2014-02-28 12:32:00,37.856,0.0895433131799,0.0,0,-0.11,-0.22,-0.11
2014-02-28 12:37:00,37.884,0.0895433131799,0.0,0,-0.11,-0.22,-0.11
2014-02-28 12:42:00,37.704,0.0895433131799,0.0,0,-0.11,-0.22,-0.11
2014-02-28 12:47:00,37.858000000000004,0.0895433131799,0.0,0,-0.11,-0.22,-0.11
2014-02-28 12:52:00,37.914,0.0895433131799,0.0,0,-0.11,-0.22,-0.11
2014-02-28 12:57:00,39.66,0.0895433131799,0.0,0,-0.11,-0.22,-0.11
2014-02-28 13:02:00,38.286,0.0895433131799,0.0,0,-0.11,-0.22,-0.11
2014-02-28 13:07:00,39.711999999999996,0.0895433131799,0.0,0,-0.11,-0.22,-0.11
2014-02-28 13:12:00,39.108000000000004,0.0895433131799,0.0,0,-0.11,-0.22,-0.11
2014-02-28 13:17:00,37.056,0.0895433131799,0.0,0,-0.11,-0.22,-0.11
2014-02-28 13:22:00,38.708,0.0895433131799,0.0,0,-0.11,-0.22,-0.11
2014-02-28 13:27:00,36.714,0.0895433131799,0.0,0,-0.11,-0.22,-0.11
2014-02-28 13:32:00,38.666,0.0895433131799,0.0,0,-0.11,-0.22,-0.11
2014-02-28 13:37:00,37.205999999999996,0.0895433131799,0.0,0,-0.11,-0.22,-0.11
2014-02-28 13:42:00,38.334,0.0895433131799,0.0,0,-0.11,-0.22,-0.11
2014-02-28 13:47:00,39.554,0.0895433131799,0.0,0,-0.11,-0.22,-0.11
2014-02-28 13:52:00,37.09,0.0895433131799,0.0,0,-0.11,-0.22,-0.11
2014-02-28 13:57:00,39.878,0.0895433131799,0.0,0,-0.11,-0.22,-0.11
2014-02-28 14:02:00,38.474000000000004,0.0895433131799,0.0,0,-0.11,-0.22,-0.11
2014-02-28 14:07:00,40.352,0.08294653205369999,0.0250000003725,0,-0.11,-0.22,-0.11
2014-02-28 14:12:00,37.912,0.08294653205369999,0.0,0,-0.11,-0.22,-0.11
2014-02-28 14:17:00,38.458,0.08294653205369999,0.0,0,-0.11,-0.22,-0.11
2014-02-28 14:22:00,37.718,0.08294653205369999,0.0,0,-0.11,-0.22,-0.11
